status,item,description,class,vendor,on_hand,on_order,committed,curr_avail,reorder_pt_netsuite,pref_stock_netsuite,qty_sold_period,daily_sales_rate,days_of_stock,days_until_reorder,suggested_order_qty
OUT_OF_STOCK,331614R,Strut,BARE,,0.0,48.0,0.0,0.0,16.0,16.0,1.0,0.016,0.0,0.0,0
OUT_OF_STOCK,333480L,Strut,BARE,,0.0,40.0,0.0,0.0,45.0,45.0,7.0,0.115,0.0,0.0,5
OUT_OF_STOCK,336335,Strut,BARE,,0.0,110.0,0.0,0.0,76.0,76.0,4.0,0.066,0.0,0.0,0
OUT_OF_STOCK,84809,Lift Support,CLIFT SUPPORT,,0.0,0.0,0.0,0.0,13.0,13.0,1.0,0.016,0.0,0.0,13
OUT_OF_STOCK,333567L,Strut,BARE,,0.0,0.0,0.0,0.0,7.0,7.0,1.0,0.016,0.0,0.0,7
OUT_OF_STOCK,333585L,Strut,BARE,,0.0,42.0,0.0,0.0,34.0,34.0,5.0,0.082,0.0,0.0,0
OUT_OF_STOCK,335808L,Strut,BARE,,0.0,0.0,0.0,0.0,11.0,11.0,2.0,0.033,0.0,0.0,11
OUT_OF_STOCK,333837R,Strut,BARE,,0.0,0.0,0.0,0.0,10.0,10.0,1.0,0.016,0.0,0.0,10
OUT_OF_STOCK,345951,Strut,BARE,,0.0,0.0,0.0,0.0,36.0,36.0,9.0,0.148,0.0,0.0,36
OUT_OF_STOCK,337079L,Strut,BARE,,0.0,0.0,0.0,0.0,9.0,9.0,1.0,0.016,0.0,0.0,9
OUT_OF_STOCK,2333945L,Complete Strut,FCS,,0.0,0.0,0.0,0.0,51.0,51.0,8.0,0.131,0.0,0.0,51
OUT_OF_STOCK,333985L,Strut,BARE,,0.0,0.0,0.0,0.0,30.0,30.0,4.0,0.066,0.0,0.0,30
OUT_OF_STOCK,2345453R,Complete Strut,FCS,,0.0,0.0,0.0,0.0,17.0,17.0,5.0,0.082,0.0,0.0,17
OUT_OF_STOCK,334057R,Strut,BARE,,0.0,48.0,0.0,0.0,39.0,39.0,4.0,0.066,0.0,0.0,0
OUT_OF_STOCK,355072,Strut,BARE,,0.0,0.0,0.0,0.0,46.0,46.0,7.0,0.115,0.0,0.0,46
OUT_OF_STOCK,Q4005,Air Spring,Air Suspension,,0.0,0.0,0.0,0.0,43.0,43.0,6.0,0.098,0.0,0.0,43
OUT_OF_STOCK,3337097,Complete Strut,FCS,,0.0,0.0,0.0,0.0,61.0,61.0,7.0,0.115,0.0,0.0,61
OUT_OF_STOCK,8346340,Complete Strut,FCS,,0.0,114.0,0.0,0.0,129.0,129.0,35.0,0.574,0.0,0.0,15
OUT_OF_STOCK,347459,Shock,BARE,,0.0,0.0,0.0,0.0,18.0,18.0,1.0,0.016,0.0,0.0,18
OUT_OF_STOCK,334221R,Strut,BARE,,0.0,48.0,0.0,0.0,32.0,32.0,2.0,0.033,0.0,0.0,0
OUT_OF_STOCK,337121R,Strut,BARE,,0.0,0.0,0.0,0.0,172.0,172.0,54.0,0.885,0.0,0.0,172
OUT_OF_STOCK,337231,Strut,BARE,,0.0,0.0,0.0,0.0,66.0,66.0,8.0,0.131,0.0,0.0,66
OUT_OF_STOCK,8346854,Complete Strut,FCS,,0.0,0.0,0.0,0.0,77.0,77.0,44.0,0.721,0.0,0.0,77
OUT_OF_STOCK,2334489R,Complete Strut,FCS,,0.0,0.0,0.0,0.0,72.0,72.0,48.0,0.787,0.0,0.0,72
OUT_OF_STOCK,80110,lift support,CLIFT SUPPORT,,0.0,0.0,0.0,0.0,158.0,158.0,22.0,0.361,0.0,0.0,158
OUT_OF_STOCK,E89025L,Powered lift support,Power Lift,,0.0,0.0,0.0,0.0,4.0,4.0,6.0,0.098,0.0,0.0,4
OUT_OF_STOCK,E89082L,Powered lift support,Power Lift,,0.0,0.0,0.0,0.0,48.0,48.0,10.0,0.164,0.0,0.0,48
OUT_OF_STOCK,80119R,lift support,CLIFT SUPPORT,,0.0,0.0,0.0,0.0,0.0,0.0,17.0,0.279,0.0,0.0,17
OUT_OF_STOCK,94077,Electronic Strut,Air Suspension,,0.0,0.0,0.0,0.0,0.0,0.0,1.0,0.016,0.0,0.0,1
OUT_OF_STOCK,94078,Electronic Strut,Air Suspension,,0.0,0.0,0.0,0.0,0.0,0.0,1.0,0.016,0.0,0.0,1
OUT_OF_STOCK,334572R,Strut,BARE,,0.0,30.0,0.0,0.0,0.0,0.0,13.0,0.213,0.0,0.0,0
OUT_OF_STOCK,334573R,Strut,BARE,,0.0,0.0,0.0,0.0,0.0,0.0,5.0,0.082,0.0,0.0,5
OUT_OF_STOCK,334573L,Strut,BARE,,0.0,0.0,0.0,0.0,0.0,0.0,7.0,0.115,0.0,0.0,7
REORDER_NOW,333298,Strut,BARE,,2.0,0.0,2.0,0.0,9.0,9.0,1.0,0.016,0.0,0.0,9
REORDER_NOW,343330,Shock,BARE,,4.0,160.0,4.0,0.0,125.0,125.0,29.0,0.475,0.0,0.0,0
REORDER_NOW,2333816L,Complete Strut,FCS,,3.0,0.0,3.0,0.0,19.0,19.0,3.0,0.049,0.0,0.0,19
REORDER_NOW,346425,Shock,BARE,,1.0,0.0,1.0,0.0,77.0,77.0,14.0,0.23,0.0,0.0,77
REORDER_NOW,333751R,Strut,BARE,,1.0,48.0,1.0,0.0,42.0,42.0,2.0,0.033,0.0,0.0,0
REORDER_NOW,1355039L,Complete Strut,FCS,,6.0,48.0,6.0,0.0,45.0,45.0,5.0,0.082,0.0,0.0,0
REORDER_NOW,334094R,Strut,BARE,,1.0,0.0,1.0,0.0,53.0,53.0,13.0,0.213,0.0,0.0,53
REORDER_NOW,1355045,Complete Strut,FCS,,6.0,0.0,6.0,0.0,149.0,149.0,67.0,1.098,0.0,0.0,149
REORDER_NOW,1334106L,Complete Strut,FCS,,1.0,184.0,1.0,0.0,69.0,69.0,12.0,0.197,0.0,0.0,0
REORDER_NOW,8341538,Complete Strut,FCS,,1.0,0.0,1.0,0.0,15.0,15.0,1.0,0.016,0.0,0.0,15
REORDER_NOW,8341979,Complete Strut,FCS,,103.0,312.0,103.0,0.0,1715.0,1715.0,412.0,6.754,0.0,0.0,1403
REORDER_NOW,8346206,Complete Strut,FCS,,1.0,73.0,1.0,0.0,209.0,209.0,51.0,0.836,0.0,0.0,136
REORDER_NOW,8346750,Complete Strut,FCS,,5.0,0.0,5.0,0.0,28.0,28.0,5.0,0.082,0.0,0.0,28
REORDER_NOW,1334221L,Complete Strut,FCS,,7.0,120.0,7.0,0.0,285.0,285.0,40.0,0.656,0.0,0.0,165
REORDER_NOW,1355087,Complete Strut,FCS,,2.0,24.0,2.0,0.0,77.0,77.0,42.0,0.689,0.0,0.0,53
REORDER_NOW,1335970,Complete Strut,FCS,,100.0,435.0,100.0,0.0,1133.0,1133.0,139.0,2.279,0.0,0.0,698
REORDER_NOW,346863,Shock,BARE,,12.0,230.0,12.0,0.0,286.0,286.0,69.0,1.131,0.0,0.0,56
REORDER_NOW,8341688,Complete Strut,FCS,,76.0,199.0,76.0,0.0,815.0,815.0,150.0,2.459,0.0,0.0,616
REORDER_NOW,1334415R,Complete Strut,FCS,,16.0,110.0,16.0,0.0,345.0,345.0,106.0,1.738,0.0,0.0,235
REORDER_NOW,8355052,Complete Strut,FCS,,53.0,55.0,53.0,0.0,460.0,460.0,6.0,0.098,0.0,0.0,405
REORDER_NOW,1334438R,Complete Strut,FCS,,9.0,252.0,9.0,0.0,271.0,271.0,74.0,1.213,0.0,0.0,19
REORDER_NOW,1334438L,Complete Strut,FCS,,4.0,96.0,4.0,0.0,264.0,264.0,58.0,0.951,0.0,0.0,168
REORDER_NOW,346962,Shock,BARE,,13.0,88.0,13.0,0.0,219.0,219.0,109.0,1.787,0.0,0.0,131
REORDER_NOW,341525,Shock,BARE,,6.0,116.0,6.0,0.0,303.0,303.0,48.0,0.787,0.0,0.0,187
REORDER_NOW,2337231,Complete Strut,FCS,,103.0,833.0,103.0,0.0,502.0,502.0,57.0,0.934,0.0,0.0,0
REORDER_NOW,1337234R,Complete Strut,FCS,,13.0,80.0,13.0,0.0,196.0,196.0,126.0,2.066,0.0,0.0,116
REORDER_NOW,1334490L,Complete Strut,FCS,,1.0,0.0,1.0,0.0,82.0,82.0,36.0,0.59,0.0,0.0,82
REORDER_NOW,1345905R,Complete Strut,FCS,,9.0,0.0,9.0,0.0,96.0,96.0,25.0,0.41,0.0,0.0,96
REORDER_NOW,1345970L,Complete Strut,FCS,,1.0,0.0,1.0,0.0,106.0,106.0,53.0,0.869,0.0,0.0,106
REORDER_NOW,E89081L,Powered lift support,Power Lift,,1.0,0.0,1.0,0.0,9.0,9.0,5.0,0.082,0.0,0.0,9
REORDER_NOW,E89025R,Powered lift support,Power Lift,,1.0,0.0,1.0,0.0,5.0,5.0,10.0,0.164,0.0,0.0,5
REORDER_NOW,E89082R,Powered lift support,Power Lift,,1.0,0.0,1.0,0.0,38.0,38.0,21.0,0.344,0.0,0.0,38
REORDER_NOW,8346849,Complete Strut,FCS,,2.0,141.0,2.0,0.0,131.0,131.0,17.0,0.279,0.0,0.0,0
REORDER_NOW,1333387,Complete Strut,FCS,,1.0,108.0,1.0,0.0,0.0,0.0,53.0,0.869,0.0,0.0,0
REORDER_NOW,1334596R,Complete Strut,FCS,,6.0,0.0,6.0,0.0,0.0,0.0,41.0,0.672,0.0,0.0,41
REORDER_NOW,1334596L,Complete Strut,FCS,,1.0,0.0,1.0,0.0,0.0,0.0,45.0,0.738,0.0,0.0,45
REORDER_NOW,Total - Inventory Item,,,,1016046.0,165486.0,47172.0,0.0,0.0,0.0,217346.0,3563.049,0.0,0.0,48297
REORDER_NOW,Total,,,,1016046.0,165486.0,47172.0,0.0,0.0,0.0,217346.0,3563.049,0.0,0.0,48297
REORDER_NOW,1337231,Complete Strut,FCS,,18.0,108.0,17.0,1.0,312.0,312.0,134.0,2.197,0.5,0.0,203
REORDER_NOW,1334303L,Complete Strut,FCS,,11.0,0.0,10.0,1.0,331.0,331.0,86.0,1.41,0.7,0.0,330
REORDER_NOW,2337073,Complete Strut,FCS,,38.0,77.0,37.0,1.0,362.0,362.0,69.0,1.131,0.9,0.0,284
REORDER_NOW,1345469L,Complete Strut,FCS,,14.0,16.0,13.0,1.0,153.0,153.0,37.0,0.607,1.6,0.0,136
REORDER_NOW,346577,Shock,BARE,,10.0,150.0,8.0,2.0,277.0,277.0,70.0,1.148,1.7,0.0,125
REORDER_NOW,1355172R,Complete Strut,FCS,,10.0,0.0,6.0,4.0,136.0,136.0,93.0,1.525,2.6,0.0,132
REORDER_NOW,3333564L,Complete Strut,FCS,,100.0,123.0,90.0,10.0,801.0,801.0,215.0,3.525,2.8,0.0,668
REORDER_NOW,2355037,Complete Strut,FCS,,11.0,0.0,7.0,4.0,239.0,239.0,75.0,1.23,3.3,0.0,235
REORDER_NOW,347037,Shock,BARE,,10.0,16.0,8.0,2.0,177.0,177.0,36.0,0.59,3.4,0.0,159
REORDER_NOW,1355038R,Complete Strut,FCS,,6.0,0.0,5.0,1.0,70.0,70.0,17.0,0.279,3.6,0.0,69
REORDER_NOW,80119L,lift support,CLIFT SUPPORT,,1.0,0.0,0.0,1.0,0.0,0.0,16.0,0.262,3.8,0.0,15
REORDER_NOW,333422R,Strut,BARE,,4.0,81.0,2.0,2.0,115.0,115.0,28.0,0.459,4.4,0.0,32
REORDER_NOW,8346715,Complete Strut,FCS,,56.0,0.0,43.0,13.0,664.0,664.0,168.0,2.754,4.7,0.0,651
REORDER_NOW,1345785R,Complete Strut,FCS,,13.0,36.0,9.0,4.0,175.0,175.0,44.0,0.721,5.5,0.0,135
REORDER_NOW,333967L,Strut,BARE,,1.0,0.0,0.0,1.0,35.0,35.0,10.0,0.164,6.1,0.0,34
REORDER_NOW,8346017,Complete Strut,FCS,,39.0,216.0,33.0,6.0,401.0,401.0,59.0,0.967,6.2,0.0,179
REORDER_NOW,334483R,Strut,BARE,,39.0,20.0,36.0,3.0,72.0,72.0,29.0,0.475,6.3,0.0,49
REORDER_NOW,8346456,Complete Strut,FCS,,13.0,0.0,7.0,6.0,130.0,130.0,57.0,0.934,6.4,0.0,124
REORDER_NOW,95036,Air Conv. Kit,Air Suspension,,6.0,0.0,5.0,1.0,37.0,37.0,9.0,0.148,6.8,0.0,36
REORDER_NOW,347394,Shock,BARE,,56.0,24.0,38.0,18.0,531.0,531.0,152.0,2.492,7.2,0.0,489
REORDER_NOW,8341570,Complete Strut,FCS,,5.0,0.0,3.0,2.0,92.0,92.0,17.0,0.279,7.2,0.0,90
REORDER_NOW,345315,Strut,BARE,,6.0,126.0,4.0,2.0,66.0,66.0,16.0,0.262,7.6,0.0,0
REORDER_NOW,333566R,Strut,BARE,,1.0,48.0,0.0,1.0,35.0,35.0,8.0,0.131,7.6,0.0,0
REORDER_NOW,2334488L,Complete Strut,FCS,,8.0,0.0,2.0,6.0,53.0,53.0,47.0,0.77,7.8,0.0,47
REORDER_NOW,1345785L,Complete Strut,FCS,,14.0,36.0,7.0,7.0,176.0,176.0,53.0,0.869,8.1,0.0,133
REORDER_NOW,1337235L,Complete Strut,FCS,,8.0,0.0,4.0,4.0,86.0,86.0,29.0,0.475,8.4,0.0,82
REORDER_NOW,3333564R,Complete Strut,FCS,,99.0,123.0,67.0,32.0,848.0,848.0,231.0,3.787,8.5,0.0,693
REORDER_NOW,1332331L,Complete Strut,FCS,,4.0,62.0,3.0,1.0,37.0,37.0,6.0,0.098,10.2,0.0,0
REORDER_NOW,1337234L,Complete Strut,FCS,,28.0,80.0,13.0,15.0,198.0,198.0,88.0,1.443,10.4,0.0,103
REORDER_NOW,8346555,Complete Strut,FCS,,42.0,150.0,33.0,9.0,267.0,267.0,52.0,0.852,10.6,0.0,108
REORDER_NOW,8346066,Complete Strut,FCS,,44.0,159.0,27.0,17.0,420.0,420.0,97.0,1.59,10.7,0.0,244
REORDER_NOW,1334054L,Complete Strut,FCS,,14.0,18.0,6.0,8.0,156.0,156.0,45.0,0.738,10.8,0.0,130
REORDER_NOW,334436R,Strut,BARE,,44.0,214.0,11.0,33.0,497.0,497.0,173.0,2.836,11.6,0.0,250
REORDER_NOW,1345378L,Complete Strut,FCS,,33.0,45.0,18.0,15.0,284.0,284.0,76.0,1.246,12.0,0.0,224
REORDER_NOW,331714R,Strut,BARE,,4.0,44.0,0.0,4.0,71.0,71.0,20.0,0.328,12.2,0.0,23
REORDER_NOW,F347300,Heavy Duty Shock Absorber,HBare,,5.0,96.0,0.0,5.0,122.0,122.0,24.0,0.393,12.7,0.0,21
REORDER_NOW,1334055L,Complete Strut,FCS,,20.0,0.0,11.0,9.0,117.0,117.0,43.0,0.705,12.8,0.0,108
REORDER_NOW,1334319R,Complete Strut,FCS,,61.0,89.0,44.0,17.0,464.0,464.0,80.0,1.311,13.0,0.0,358
REORDER_NOW,3335576,Complete Strut,FCS,,118.0,333.0,72.0,46.0,922.0,922.0,211.0,3.459,13.3,0.0,543
REORDER_NOW,2333748L,Complete Strut,FCS,,32.0,0.0,18.0,14.0,189.0,189.0,61.0,1.0,14.0,0.0,175
REORDER_NOW,8346833,Complete Strut,FCS,,8.0,0.0,1.0,7.0,135.0,135.0,30.0,0.492,14.2,0.0,128
REORDER_NOW,1337163,Complete Strut,FCS,,36.0,0.0,19.0,17.0,264.0,264.0,69.0,1.131,15.0,0.0,247
REORDER_NOW,333439L,Strut,BARE,,2.0,0.0,1.0,1.0,13.0,13.0,4.0,0.066,15.2,0.0,12
REORDER_NOW,333800R,Strut,BARE,,4.0,0.0,2.0,2.0,50.0,50.0,8.0,0.131,15.2,0.0,48
REORDER_NOW,1355051L,Complete Strut,FCS,,13.0,36.0,5.0,8.0,102.0,102.0,32.0,0.525,15.2,0.0,58
REORDER_NOW,1334319L,Complete Strut,FCS,,68.0,125.0,43.0,25.0,445.0,445.0,100.0,1.639,15.2,0.0,295
REORDER_NOW,1345906L,Complete Strut,FCS,,35.0,11.0,6.0,29.0,541.0,541.0,115.0,1.885,15.4,0.0,501
REORDER_NOW,346854,Shock,BARE,,51.0,15.0,28.0,23.0,511.0,511.0,91.0,1.492,15.4,0.0,473
REORDER_NOW,1337233R,Complete Strut,FCS,,30.0,156.0,11.0,19.0,176.0,176.0,72.0,1.18,16.1,0.0,1
REORDER_NOW,346974,Shock,BARE,,49.0,199.0,16.0,33.0,376.0,376.0,123.0,2.016,16.4,0.0,144
REORDER_NOW,1333967R,Complete Strut,FCS,,51.0,57.0,24.0,27.0,446.0,446.0,99.0,1.623,16.6,0.0,362
REORDER_NOW,1334491L,Complete Strut,FCS,,6.0,0.0,1.0,5.0,53.0,53.0,18.0,0.295,16.9,0.0,48
REORDER_NOW,1334403L,Complete Strut,FCS,,15.0,82.0,6.0,9.0,155.0,155.0,32.0,0.525,17.2,0.0,64
REORDER_NOW,1334303R,Complete Strut,FCS,,55.0,0.0,27.0,28.0,350.0,350.0,99.0,1.623,17.3,0.0,322
REORDER_NOW,335895,Strut,BARE,,22.0,0.0,10.0,12.0,112.0,112.0,41.0,0.672,17.9,0.0,100
REORDER_NOW,1337237R,Complete Strut,FCS,,26.0,0.0,1.0,25.0,114.0,114.0,85.0,1.393,17.9,0.0,89
REORDER_NOW,8346719,Complete Strut,FCS,,4.0,0.0,1.0,3.0,42.0,42.0,10.0,0.164,18.3,0.0,39
REORDER_NOW,334572L,Strut,BARE,,4.0,30.0,1.0,3.0,0.0,0.0,10.0,0.164,18.3,0.0,0
REORDER_NOW,346850,Shock,BARE,,108.0,0.0,47.0,61.0,571.0,571.0,200.0,3.279,18.6,0.0,510
REORDER_NOW,8346863,Complete Strut,FCS,,27.0,88.0,14.0,13.0,209.0,209.0,42.0,0.689,18.9,0.0,108
REORDER_NOW,SC00042,Complete Strut,FCS,,5.0,0.0,0.0,5.0,58.0,58.0,16.0,0.262,19.1,0.0,53
REORDER_NOW,8346747,Complete Strut,FCS,,15.0,0.0,10.0,5.0,76.0,76.0,16.0,0.262,19.1,0.0,71
REORDER_NOW,1345881,Complete Strut,FCS,,40.0,110.0,18.0,22.0,424.0,424.0,70.0,1.148,19.2,0.0,292
REORDER_NOW,1331517,Complete Strut,FCS,,26.0,0.0,7.0,19.0,188.0,188.0,60.0,0.984,19.3,0.0,169
REORDER_NOW,8346742,Complete Strut,FCS,,22.0,0.0,3.0,19.0,212.0,212.0,60.0,0.984,19.3,0.0,193
REORDER_NOW,1335981R,Complete Strut,FCS,,127.0,0.0,52.0,75.0,1097.0,1097.0,235.0,3.852,19.5,0.0,1022
REORDER_NOW,343339,Shock,BARE,,19.0,64.0,9.0,10.0,50.0,50.0,31.0,0.508,19.7,0.0,0
REORDER_NOW,2333375R,Complete Strut,FCS,,16.0,0.0,9.0,7.0,102.0,102.0,21.0,0.344,20.3,0.0,95
REORDER_NOW,331696L,Strut,BARE,,3.0,24.0,2.0,1.0,15.0,15.0,3.0,0.049,20.3,0.0,0
REORDER_NOW,331818,Strut,BARE,,5.0,0.0,0.0,5.0,59.0,59.0,15.0,0.246,20.3,0.0,54
REORDER_NOW,335795L,Strut,BARE,,2.0,0.0,0.0,2.0,22.0,22.0,6.0,0.098,20.3,0.0,20
REORDER_NOW,1334415L,Complete Strut,FCS,,75.0,78.0,53.0,22.0,346.0,346.0,66.0,1.082,20.3,0.0,246
REORDER_NOW,1334491R,Complete Strut,FCS,,8.0,0.0,1.0,7.0,58.0,58.0,21.0,0.344,20.3,0.0,51
REORDER_NOW,1335895L,Complete Strut,FCS,,31.0,103.0,9.0,22.0,283.0,283.0,65.0,1.066,20.6,0.0,158
REORDER_NOW,8341633,Complete Strut,FCS,,18.0,0.0,8.0,10.0,92.0,92.0,29.0,0.475,21.0,0.0,82
REORDER_NOW,8346341,Complete Strut,FCS,,52.0,108.0,19.0,33.0,265.0,265.0,96.0,1.574,21.0,0.0,124
REORDER_NOW,1334221R,Complete Strut,FCS,,32.0,125.0,15.0,17.0,315.0,315.0,48.0,0.787,21.6,0.0,173
REORDER_NOW,1337123,Complete Strut,FCS,,120.0,0.0,45.0,75.0,799.0,799.0,207.0,3.393,22.1,0.0,724
REORDER_NOW,335383R,Strut,BARE,,11.0,30.0,3.0,8.0,136.0,136.0,22.0,0.361,22.2,0.0,98
REORDER_NOW,F347462,HD Shock Absorber,HBare,,8.0,42.0,0.0,8.0,106.0,106.0,22.0,0.361,22.2,0.0,56
REORDER_NOW,3335877L,Complete Strut,FCS,,28.0,0.0,9.0,19.0,224.0,224.0,52.0,0.852,22.3,0.0,205
REORDER_NOW,1345754,Complete Strut,FCS,,165.0,156.0,79.0,86.0,896.0,896.0,233.0,3.82,22.5,0.0,654
REORDER_NOW,1355049R,Complete Strut,FCS,,26.0,0.0,7.0,19.0,151.0,151.0,51.0,0.836,22.7,0.0,132
REORDER_NOW,335524,Strut,BARE,,3.0,24.0,0.0,3.0,24.0,24.0,8.0,0.131,22.9,0.0,0
REORDER_NOW,2355017L,Complete Strut,FCS,,39.0,0.0,22.0,17.0,219.0,219.0,45.0,0.738,23.0,0.0,202
REORDER_NOW,226337,Shock,BARE,,32.0,86.0,6.0,26.0,317.0,317.0,69.0,1.131,23.0,0.0,205
REORDER_NOW,1334234R,Complete Strut,FCS,,17.0,0.0,6.0,11.0,74.0,74.0,29.0,0.475,23.1,0.0,63
REORDER_NOW,8341602,Complete Strut,FCS,,14.0,0.0,6.0,8.0,78.0,78.0,21.0,0.344,23.2,0.0,70
REORDER_NOW,8341635,Complete Strut,FCS,,12.0,0.0,6.0,6.0,87.0,87.0,15.0,0.246,24.4,0.0,81
REORDER_NOW,SC00029,Complete Strut,FCS,,12.0,50.0,3.0,9.0,95.0,95.0,22.0,0.361,25.0,0.0,36
REORDER_NOW,8346212,Complete Strut,FCS,,66.0,0.0,17.0,49.0,440.0,440.0,117.0,1.918,25.5,0.0,391
REORDER_NOW,331714L,Strut,BARE,,8.0,44.0,0.0,8.0,71.0,71.0,19.0,0.311,25.7,0.0,19
REORDER_NOW,8346717,Complete Strut,FCS,,20.0,0.0,4.0,16.0,116.0,116.0,38.0,0.623,25.7,0.0,100
REORDER_NOW,2345540,Complete Strut,FCS,,15.0,0.0,4.0,11.0,65.0,65.0,26.0,0.426,25.8,0.0,54
REORDER_NOW,8343309,Complete Strut,FCS,,137.0,0.0,51.0,86.0,747.0,747.0,202.0,3.311,26.0,0.0,661
REORDER_NOW,1355038L,Complete Strut,FCS,,10.0,0.0,4.0,6.0,72.0,72.0,14.0,0.23,26.1,0.0,66
REORDER_NOW,1355049L,Complete Strut,FCS,,28.0,24.0,9.0,19.0,146.0,146.0,44.0,0.721,26.3,0.0,103
REORDER_NOW,1334433L,Complete Strut,FCS,,287.0,0.0,96.0,191.0,1415.0,1415.0,442.0,7.246,26.4,0.0,1224
REORDER_NOW,1333967L,Complete Strut,FCS,,66.0,128.0,24.0,42.0,434.0,434.0,96.0,1.574,26.7,0.0,264
REORDER_NOW,1345482,Complete Strut,FCS,,13.0,0.0,2.0,11.0,58.0,58.0,25.0,0.41,26.8,0.0,47
REORDER_NOW,331679L,Strut,BARE,,5.0,24.0,1.0,4.0,40.0,40.0,9.0,0.148,27.1,0.0,12
REORDER_NOW,1334489R,Complete Strut,FCS,,18.0,0.0,10.0,8.0,66.0,66.0,18.0,0.295,27.1,0.0,58
REORDER_NOW,1333951R,Complete Strut,FCS,,47.0,183.0,17.0,30.0,368.0,368.0,67.0,1.098,27.3,0.0,155
REORDER_NOW,1333951L,Complete Strut,FCS,,51.0,168.0,9.0,42.0,365.0,365.0,94.0,1.541,27.3,0.0,155
REORDER_NOW,333504L,Strut,BARE,,12.0,26.0,1.0,11.0,78.0,78.0,24.0,0.393,28.0,0.0,41
REORDER_NOW,3336347L,Complete Strut,FCS,,42.0,0.0,18.0,24.0,189.0,189.0,51.0,0.836,28.7,0.0,165
REORDER_NOW,8341529,Complete Strut,FCS,,94.0,65.0,33.0,61.0,505.0,505.0,129.0,2.115,28.8,0.0,379
REORDER_NOW,1334486L,Complete Strut,FCS,,44.0,38.0,17.0,27.0,168.0,168.0,57.0,0.934,28.9,0.0,103
REORDER_NOW,1345970R,Complete Strut,FCS,,31.0,0.0,7.0,24.0,108.0,108.0,50.0,0.82,29.3,0.0,84
REORDER_NOW,346052,Shock,BARE,,129.0,300.0,47.0,82.0,647.0,647.0,170.0,2.787,29.4,0.0,265
REORDER_NOW,346333,Shock,BARE,,15.0,46.0,0.0,15.0,155.0,155.0,31.0,0.508,29.5,0.0,94
LOW_STOCK,8346366,Complete Strut,FCS,,51.0,0.0,16.0,35.0,265.0,265.0,71.0,1.164,30.1,0.0,230
LOW_STOCK,1334433R,Complete Strut,FCS,,321.0,336.0,84.0,237.0,1471.0,1471.0,475.0,7.787,30.4,0.0,898
LOW_STOCK,331721L,Strut,BARE,,2.0,32.0,1.0,1.0,27.0,27.0,2.0,0.033,30.5,0.0,0
LOW_STOCK,331765R,Strut,BARE,,1.0,0.0,0.0,1.0,14.0,14.0,2.0,0.033,30.5,0.0,13
LOW_STOCK,84097,Lift Support,CLIFT SUPPORT,,7.0,0.0,0.0,7.0,31.0,31.0,14.0,0.23,30.5,0.0,24
LOW_STOCK,333566L,Strut,BARE,,7.0,40.0,2.0,5.0,35.0,35.0,10.0,0.164,30.5,0.0,0
LOW_STOCK,333585R,Strut,BARE,,1.0,0.0,0.0,1.0,36.0,36.0,2.0,0.033,30.5,0.0,35
LOW_STOCK,333711R,Strut,BARE,,1.0,0.0,0.0,1.0,6.0,6.0,2.0,0.033,30.5,0.0,5
LOW_STOCK,333830R,Strut,BARE,,53.0,0.0,31.0,22.0,166.0,166.0,44.0,0.721,30.5,0.0,144
LOW_STOCK,F347299,Heavy Duty Shock Absorber,HBare,,17.0,60.0,6.0,11.0,101.0,101.0,22.0,0.361,30.5,0.0,30
LOW_STOCK,1335948R,Complete Strut,FCS,,6.0,116.0,0.0,6.0,26.0,26.0,12.0,0.197,30.5,0.0,0
LOW_STOCK,MV005,Solenoid Valve,Air Suspension,,10.0,0.0,4.0,6.0,43.0,43.0,12.0,0.197,30.5,0.0,37
LOW_STOCK,8346122,Complete Strut,FCS,,16.0,60.0,8.0,8.0,82.0,82.0,16.0,0.262,30.5,0.0,14
LOW_STOCK,337121L,Strut,BARE,,35.0,0.0,6.0,29.0,168.0,168.0,58.0,0.951,30.5,0.0,139
LOW_STOCK,345968,Strut,BARE,,30.0,0.0,3.0,27.0,178.0,178.0,53.0,0.869,31.1,0.0,151
LOW_STOCK,8346855,Complete Strut,FCS,,41.0,36.0,5.0,36.0,205.0,205.0,69.0,1.131,31.8,0.0,133
LOW_STOCK,2334489L,Complete Strut,FCS,,30.0,0.0,6.0,24.0,67.0,67.0,46.0,0.754,31.8,0.0,43
LOW_STOCK,2345826L,Complete Strut,FCS,,25.0,0.0,2.0,23.0,207.0,207.0,44.0,0.721,31.9,0.0,184
LOW_STOCK,1355017L,Complete Strut,FCS,,32.0,0.0,10.0,22.0,184.0,184.0,42.0,0.689,32.0,0.0,162
LOW_STOCK,DT346434,Shock,BARE,,7.0,0.0,0.0,7.0,40.0,40.0,13.0,0.213,32.8,0.0,33
LOW_STOCK,8341424,Complete Strut,FCS,,243.0,223.0,111.0,132.0,1363.0,1363.0,245.0,4.016,32.9,0.0,1008
LOW_STOCK,1337229,Complete Strut,FCS,,295.0,195.0,54.0,241.0,646.0,646.0,444.0,7.279,33.1,0.0,210
LOW_STOCK,3333445R,Complete Strut,FCS,,100.0,80.0,36.0,64.0,631.0,631.0,117.0,1.918,33.4,0.0,487
LOW_STOCK,86115,Lift Support,CLIFT SUPPORT,,23.0,0.0,0.0,23.0,71.0,71.0,42.0,0.689,33.4,0.0,48
LOW_STOCK,8346480,Complete Strut,FCS,,51.0,0.0,8.0,43.0,223.0,223.0,78.0,1.279,33.6,0.0,180
LOW_STOCK,84126,Lift Support,CLIFT SUPPORT,,26.0,0.0,0.0,26.0,35.0,35.0,47.0,0.77,33.7,0.0,9
LOW_STOCK,F343368,Heavy Duty Shock Absorber,HBare,,64.0,192.0,12.0,52.0,220.0,220.0,94.0,1.541,33.7,0.0,0
LOW_STOCK,1334054R,Complete Strut,FCS,,33.0,21.0,12.0,21.0,159.0,159.0,38.0,0.623,33.7,0.0,117
LOW_STOCK,1334086R,Complete Strut,FCS,,43.0,39.0,12.0,31.0,352.0,352.0,56.0,0.918,33.8,0.0,282
LOW_STOCK,2345984L,Complete Strut,FCS,,23.0,0.0,9.0,14.0,140.0,140.0,25.0,0.41,34.2,0.0,126
LOW_STOCK,347420,Shock,BARE,,153.0,0.0,42.0,111.0,757.0,757.0,196.0,3.213,34.5,0.0,646
LOW_STOCK,346339,Shock,BARE,,145.0,204.0,31.0,114.0,895.0,895.0,200.0,3.279,34.8,0.0,577
LOW_STOCK,3335877R,Complete Strut,FCS,,39.0,0.0,11.0,28.0,227.0,227.0,49.0,0.803,34.9,0.0,199
LOW_STOCK,337066R,Strut,BARE,,126.0,0.0,35.0,91.0,638.0,638.0,159.0,2.607,34.9,0.0,547
LOW_STOCK,93019,Air Strut,Air Suspension,,5.0,0.0,1.0,4.0,11.0,11.0,7.0,0.115,34.9,0.0,7
LOW_STOCK,1335948L,Complete Strut,FCS,,4.0,120.0,0.0,4.0,24.0,24.0,7.0,0.115,34.9,0.0,0
LOW_STOCK,1355163,Complete Strut,FCS,,40.0,108.0,0.0,40.0,233.0,233.0,70.0,1.148,34.9,0.0,85
LOW_STOCK,84709,Lift Support,CLIFT SUPPORT,,28.0,0.0,2.0,26.0,100.0,100.0,45.0,0.738,35.2,0.0,74
LOW_STOCK,8346641,Complete Strut,FCS,,13.0,0.0,2.0,11.0,49.0,49.0,19.0,0.311,35.3,0.0,38
LOW_STOCK,8346932,Complete Strut,FCS,,18.0,24.0,11.0,7.0,52.0,52.0,12.0,0.197,35.6,0.0,21
LOW_STOCK,1334317L,Complete Strut,FCS,,22.0,0.0,8.0,14.0,59.0,59.0,24.0,0.393,35.6,0.0,45
LOW_STOCK,8346448,Complete Strut,FCS,,40.0,26.0,13.0,27.0,172.0,172.0,46.0,0.754,35.8,0.0,119
LOW_STOCK,1333819R,Complete Strut,FCS,,83.0,132.0,24.0,59.0,449.0,449.0,100.0,1.639,36.0,0.0,258
LOW_STOCK,345433,Strut,BARE,,5.0,48.0,2.0,3.0,15.0,15.0,5.0,0.082,36.6,0.0,0
LOW_STOCK,8341612,Complete Strut,FCS,,10.0,74.0,1.0,9.0,124.0,124.0,15.0,0.246,36.6,0.0,41
LOW_STOCK,1334309L,Complete Strut,FCS,,24.0,12.0,4.0,20.0,150.0,150.0,33.0,0.541,37.0,0.0,118
LOW_STOCK,1334317R,Complete Strut,FCS,,21.0,0.0,7.0,14.0,57.0,57.0,23.0,0.377,37.1,0.0,43
LOW_STOCK,1333945L,Complete Strut,FCS,,129.0,0.0,63.0,66.0,474.0,474.0,108.0,1.77,37.3,0.0,408
LOW_STOCK,1345378R,Complete Strut,FCS,,55.0,68.0,17.0,38.0,303.0,303.0,62.0,1.016,37.4,0.0,197
LOW_STOCK,346359,Shock,BARE,,52.0,80.0,4.0,48.0,353.0,353.0,78.0,1.279,37.5,0.0,225
LOW_STOCK,2333957L,Complete Strut,FCS,,36.0,0.0,7.0,29.0,224.0,224.0,47.0,0.77,37.6,0.0,195
LOW_STOCK,84825,Lift Support,CLIFT SUPPORT,,9.0,0.0,4.0,5.0,62.0,62.0,8.0,0.131,38.1,0.0,57
LOW_STOCK,8346985,Complete Strut,FCS,,13.0,0.0,3.0,10.0,37.0,37.0,16.0,0.262,38.1,0.0,27
LOW_STOCK,1333945R,Complete Strut,FCS,,113.0,0.0,49.0,64.0,454.0,454.0,101.0,1.656,38.7,0.0,390
LOW_STOCK,2331774R,Complete Strut,FCS,,7.0,40.0,0.0,7.0,55.0,55.0,11.0,0.18,38.8,0.0,8
LOW_STOCK,342552,Shock,BARE,,11.0,0.0,4.0,7.0,25.0,25.0,11.0,0.18,38.8,0.0,18
LOW_STOCK,8346410,Complete Strut,FCS,,150.0,67.0,48.0,102.0,660.0,660.0,160.0,2.623,38.9,0.0,491
LOW_STOCK,2333514L,Complete Strut,FCS,,99.0,104.0,35.0,64.0,487.0,487.0,100.0,1.639,39.0,0.0,319
LOW_STOCK,8946178RL,Complete Strut,FCS,,39.0,47.0,14.0,25.0,162.0,162.0,39.0,0.639,39.1,0.0,90
LOW_STOCK,333478L,Strut,BARE,,13.0,0.0,4.0,9.0,42.0,42.0,14.0,0.23,39.2,0.0,33
LOW_STOCK,95072,Air Conv. Kit,Air Suspension,,16.0,0.0,7.0,9.0,41.0,41.0,14.0,0.23,39.2,0.0,32
LOW_STOCK,226343,HD Shock Absorber,HBare,,14.0,0.0,1.0,13.0,42.0,42.0,20.0,0.328,39.7,0.0,29
LOW_STOCK,345567,Strut,BARE,,188.0,0.0,5.0,183.0,405.0,405.0,276.0,4.525,40.4,0.0,222
LOW_STOCK,345408,Strut,BARE,,8.0,96.0,0.0,8.0,73.0,73.0,12.0,0.197,40.7,0.0,0
LOW_STOCK,347153,Shock,BARE,,80.0,140.0,10.0,70.0,389.0,389.0,105.0,1.721,40.7,0.0,179
LOW_STOCK,2355065R,Complete Strut,FCS,,27.0,0.0,11.0,16.0,160.0,160.0,24.0,0.393,40.7,0.0,144
LOW_STOCK,8341632,Complete Strut,FCS,,12.0,0.0,0.0,12.0,73.0,73.0,18.0,0.295,40.7,0.0,61
LOW_STOCK,8348009,Complete Strut,FCS,,16.0,0.0,4.0,12.0,44.0,44.0,18.0,0.295,40.7,0.0,32
LOW_STOCK,1334472R,Complete Strut,FCS,,75.0,0.0,8.0,67.0,352.0,352.0,100.0,1.639,40.9,0.0,285
LOW_STOCK,1355162L,Complete Strut,FCS,,79.0,156.0,33.0,46.0,275.0,275.0,68.0,1.115,41.3,0.0,73
LOW_STOCK,2333748R,Complete Strut,FCS,,46.0,56.0,10.0,36.0,179.0,179.0,53.0,0.869,41.4,0.0,87
LOW_STOCK,1355186,Complete Strut,FCS,,45.0,0.0,10.0,35.0,175.0,175.0,51.0,0.836,41.9,0.0,140
LOW_STOCK,2337097,Complete Strut,FCS,,26.0,120.0,17.0,9.0,124.0,124.0,13.0,0.213,42.2,0.0,0
LOW_STOCK,334434L,Strut,BARE,,10.0,0.0,1.0,9.0,42.0,42.0,13.0,0.213,42.2,0.0,33
LOW_STOCK,2345882L,Complete Strut,FCS,,21.0,0.0,5.0,16.0,112.0,112.0,23.0,0.377,42.4,0.0,96
LOW_STOCK,86409,Lift Support,CLIFT SUPPORT,,14.0,0.0,0.0,14.0,30.0,30.0,20.0,0.328,42.7,0.0,16
LOW_STOCK,1345469R,Complete Strut,FCS,,42.0,41.0,16.0,26.0,144.0,144.0,37.0,0.607,42.9,0.0,77
LOW_STOCK,84411,Lift Support,CLIFT SUPPORT,,51.0,0.0,3.0,48.0,113.0,113.0,67.0,1.098,43.7,0.0,65
LOW_STOCK,1334472L,Complete Strut,FCS,,76.0,0.0,5.0,71.0,337.0,337.0,99.0,1.623,43.7,0.0,266
LOW_STOCK,1345958,Complete Strut,FCS,,53.0,144.0,12.0,41.0,270.0,270.0,57.0,0.934,43.9,0.0,85
LOW_STOCK,342786,Shock,BARE,,118.0,60.0,23.0,95.0,390.0,390.0,132.0,2.164,43.9,0.0,235
WATCH,346239,Shock,BARE,,244.0,790.0,55.0,189.0,1783.0,1783.0,261.0,4.279,44.2,0.0,804
WATCH,2345566L,Complete Strut,FCS,,23.0,34.0,2.0,21.0,104.0,104.0,29.0,0.475,44.2,0.0,49
WATCH,1355135L,Complete Strut,FCS,,10.0,0.0,2.0,8.0,53.0,53.0,11.0,0.18,44.4,0.0,45
WATCH,1333507L,Complete Strut,FCS,,24.0,0.0,2.0,22.0,91.0,91.0,30.0,0.492,44.7,0.0,69
WATCH,335684L,Strut,BARE,,14.0,48.0,3.0,11.0,64.0,64.0,15.0,0.246,44.7,0.0,5
WATCH,1345906R,Complete Strut,FCS,,90.0,97.0,13.0,77.0,511.0,511.0,103.0,1.689,45.6,0.0,337
WATCH,331575,Strut,BARE,,15.0,0.0,0.0,15.0,101.0,101.0,20.0,0.328,45.8,0.0,86
WATCH,333562R,Strut,BARE,,3.0,0.0,0.0,3.0,9.0,9.0,4.0,0.066,45.8,0.0,6
WATCH,F347215,Heavy Duty Shock Absorber,HBare,,15.0,80.0,0.0,15.0,93.0,93.0,20.0,0.328,45.8,0.0,0
WATCH,8346751,Complete Strut,FCS,,14.0,0.0,2.0,12.0,42.0,42.0,16.0,0.262,45.8,0.0,30
WATCH,337086,Strut,BARE,,3.0,0.0,0.0,3.0,16.0,16.0,4.0,0.066,45.8,0.0,13
WATCH,8346790,Complete Strut,FCS,,27.0,0.0,12.0,15.0,111.0,111.0,20.0,0.328,45.8,0.0,96
WATCH,1333761,Complete Strut,FCS,,146.0,80.0,34.0,112.0,517.0,517.0,147.0,2.41,46.5,0.0,325
WATCH,342946,Shock,BARE,,481.0,200.0,0.0,481.0,995.0,995.0,628.0,10.295,46.7,0.0,314
WATCH,334078,Strut,BARE,,301.0,0.0,6.0,295.0,1060.0,1060.0,384.0,6.295,46.9,0.0,765
WATCH,8346198,Complete Strut,FCS,,64.0,23.0,3.0,61.0,215.0,215.0,79.0,1.295,47.1,0.0,131
WATCH,347417,Shock,BARE,,99.0,14.0,10.0,89.0,388.0,388.0,115.0,1.885,47.2,0.0,285
WATCH,1345401,Complete Strut,FCS,,18.0,0.0,4.0,14.0,72.0,72.0,18.0,0.295,47.4,0.0,58
WATCH,1355179L,Complete Strut,FCS,,43.0,0.0,7.0,36.0,139.0,139.0,46.0,0.754,47.7,0.0,103
WATCH,1334056L,Complete Strut,FCS,,23.0,0.0,1.0,22.0,70.0,70.0,28.0,0.459,47.9,0.0,48
WATCH,333387,Strut,BARE,,135.0,0.0,45.0,90.0,404.0,404.0,114.0,1.869,48.2,0.0,314
WATCH,1333592L,Complete Strut,FCS,,80.0,120.0,19.0,61.0,345.0,345.0,76.0,1.246,49.0,0.0,164
WATCH,1331716L,Complete Strut,FCS,,34.0,48.0,5.0,29.0,178.0,178.0,36.0,0.59,49.1,0.0,101
WATCH,8346084,Complete Strut,FCS,,33.0,0.0,8.0,25.0,71.0,71.0,31.0,0.508,49.2,0.0,46
WATCH,2337127R,Complete Strut,FCS,,264.0,520.0,44.0,220.0,1187.0,1187.0,272.0,4.459,49.3,0.0,447
WATCH,2333375L,Complete Strut,FCS,,24.0,10.0,7.0,17.0,105.0,105.0,21.0,0.344,49.4,0.0,78
WATCH,3333444R,Complete Strut,FCS,,20.0,16.0,3.0,17.0,45.0,45.0,21.0,0.344,49.4,0.0,12
WATCH,341563,Shock,BARE,,14.0,96.0,0.0,14.0,81.0,81.0,17.0,0.279,50.2,0.0,0
WATCH,8346948,Complete Strut,FCS,,22.0,0.0,8.0,14.0,71.0,71.0,17.0,0.279,50.2,0.0,57
WATCH,2337123,Complete Strut,FCS,,207.0,82.0,32.0,175.0,976.0,976.0,212.0,3.475,50.4,0.0,719
WATCH,1334404L,Complete Strut,FCS,,126.0,46.0,47.0,79.0,325.0,325.0,95.0,1.557,50.7,0.0,200
WATCH,346451,Shock,BARE,,34.0,168.0,4.0,30.0,164.0,164.0,36.0,0.59,50.8,0.0,0
WATCH,334094L,Strut,BARE,,14.0,0.0,4.0,10.0,48.0,48.0,12.0,0.197,50.8,0.0,38
WATCH,2334488R,Complete Strut,FCS,,31.0,0.0,6.0,25.0,50.0,50.0,30.0,0.492,50.8,0.0,25
WATCH,8346324,Complete Strut,FCS,,74.0,108.0,13.0,61.0,291.0,291.0,73.0,1.197,51.0,0.0,122
WATCH,1332367R,Complete Strut,FCS,,208.0,156.0,53.0,155.0,874.0,874.0,185.0,3.033,51.1,0.0,563
WATCH,1333969R,Complete Strut,FCS,,131.0,440.0,34.0,97.0,705.0,705.0,115.0,1.885,51.5,0.0,168
WATCH,1337235R,Complete Strut,FCS,,34.0,0.0,1.0,33.0,91.0,91.0,39.0,0.639,51.6,0.0,58
WATCH,333716L,Strut,BARE,,18.0,0.0,1.0,17.0,86.0,86.0,20.0,0.328,51.9,0.0,69
WATCH,F347406,Heavy Duty Shock Absorber,HBare,,20.0,75.0,8.0,12.0,146.0,146.0,14.0,0.23,52.3,0.0,59
WATCH,1334148R,Complete Strut,FCS,,46.0,0.0,9.0,37.0,202.0,202.0,43.0,0.705,52.5,0.0,165
WATCH,2345831,Complete Strut,FCS,,117.0,108.0,28.0,89.0,436.0,436.0,103.0,1.689,52.7,0.0,239
WATCH,8346569,Complete Strut,FCS,,122.0,0.0,20.0,102.0,499.0,499.0,118.0,1.934,52.7,0.0,397
WATCH,347457,Shock,BARE,,15.0,0.0,2.0,13.0,47.0,47.0,15.0,0.246,52.9,0.0,34
WATCH,346641,Shock,BARE,,7.0,0.0,0.0,7.0,40.0,40.0,8.0,0.131,53.4,0.0,33
WATCH,8346327,Complete Strut,FCS,,281.0,0.0,68.0,213.0,647.0,647.0,242.0,3.967,53.7,0.0,434
WATCH,1336331,Complete Strut,FCS,,267.0,2632.0,43.0,224.0,1444.0,1444.0,254.0,4.164,53.8,0.0,0
WATCH,1334113R,Complete Strut,FCS,,57.0,0.0,12.0,45.0,173.0,173.0,51.0,0.836,53.8,0.0,128
WATCH,333432L,Strut,BARE,,29.0,32.0,5.0,24.0,140.0,140.0,27.0,0.443,54.2,0.0,84
WATCH,337066L,Strut,BARE,,164.0,24.0,36.0,128.0,567.0,567.0,144.0,2.361,54.2,0.0,415
WATCH,8346831RL,Complete Strut,FCS,,18.0,0.0,1.0,17.0,90.0,90.0,19.0,0.311,54.6,0.0,73
WATCH,1345490R,Complete Strut,FCS,,33.0,13.0,7.0,26.0,120.0,120.0,29.0,0.475,54.7,0.0,81
WATCH,86357,Lift Support,CLIFT SUPPORT,,9.0,0.0,0.0,9.0,15.0,15.0,10.0,0.164,54.9,0.0,6
WATCH,334058R,Strut,BARE,,17.0,0.0,8.0,9.0,41.0,41.0,10.0,0.164,54.9,0.0,32
WATCH,1334490R,Complete Strut,FCS,,39.0,0.0,3.0,36.0,83.0,83.0,40.0,0.656,54.9,0.0,47
WATCH,DT346420,Shock,BARE,,14.0,0.0,4.0,10.0,23.0,23.0,11.0,0.18,55.5,0.0,13
WATCH,334472L,Strut,BARE,,12.0,40.0,2.0,10.0,42.0,42.0,11.0,0.18,55.5,0.0,0
WATCH,1335632R,Complete Strut,FCS,,25.0,57.0,4.0,21.0,119.0,119.0,23.0,0.377,55.7,0.0,41
WATCH,1334012R,Complete Strut,FCS,,33.0,0.0,12.0,21.0,138.0,138.0,23.0,0.377,55.7,0.0,117
WATCH,1355130L,Complete Strut,FCS,,24.0,0.0,3.0,21.0,70.0,70.0,23.0,0.377,55.7,0.0,49
WATCH,346438,Shock,BARE,,15.0,0.0,4.0,11.0,86.0,86.0,12.0,0.197,55.9,0.0,75
WATCH,1355132,Complete Strut,FCS,,216.0,194.0,58.0,158.0,864.0,864.0,172.0,2.82,56.0,0.0,512
WATCH,6333406L,Complete Strut,FCS,,18.0,56.0,6.0,12.0,81.0,81.0,13.0,0.213,56.3,0.0,13
WATCH,1336325L,Complete Strut,FCS,,120.0,117.0,45.0,75.0,398.0,398.0,81.0,1.328,56.5,0.0,206
WATCH,333830L,Strut,BARE,,72.0,0.0,34.0,38.0,149.0,149.0,41.0,0.672,56.5,0.0,111
WATCH,341649,Shock,BARE,,176.0,420.0,8.0,168.0,914.0,914.0,181.0,2.967,56.6,0.0,326
WATCH,1332358R,Complete Strut,FCS,,58.0,70.0,6.0,52.0,208.0,208.0,56.0,0.918,56.6,0.0,86
WATCH,8946196,Complete Strut,FCS,,169.0,320.0,23.0,146.0,532.0,532.0,157.0,2.574,56.7,0.0,66
WATCH,1335893R,Complete Strut,FCS,,142.0,229.0,29.0,113.0,658.0,658.0,121.0,1.984,57.0,0.0,316
WATCH,1335980R,Complete Strut,FCS,,96.0,0.0,10.0,86.0,281.0,281.0,92.0,1.508,57.0,0.0,195
WATCH,2334138L,Complete Strut,FCS,,160.0,82.0,27.0,133.0,676.0,676.0,142.0,2.328,57.1,0.0,461
WATCH,346729,Shock,BARE,,55.0,40.0,7.0,48.0,242.0,242.0,51.0,0.836,57.4,0.0,154
WATCH,1334048R,Complete Strut,FCS,,83.0,56.0,9.0,74.0,244.0,244.0,78.0,1.279,57.9,0.0,114
WATCH,8346369,Complete Strut,FCS,,20.0,0.0,1.0,19.0,30.0,30.0,20.0,0.328,58.0,0.0,11
WATCH,8346409,Complete Strut,FCS,,399.0,216.0,102.0,297.0,1392.0,1392.0,311.0,5.098,58.3,0.0,879
WATCH,1333702R,Complete Strut,FCS,,31.0,1.0,5.0,26.0,83.0,83.0,27.0,0.443,58.7,0.0,56
WATCH,1333444R,Complete Strut,FCS,,65.0,0.0,10.0,55.0,173.0,173.0,57.0,0.934,58.9,0.0,118
WATCH,333293,Strut,BARE,,35.0,16.0,7.0,28.0,84.0,84.0,29.0,0.475,58.9,0.0,40
WATCH,1334107R,Complete Strut,FCS,,33.0,0.0,5.0,28.0,111.0,111.0,29.0,0.475,58.9,0.0,83
WATCH,8346465RL,Complete Strut,FCS,,37.0,0.0,9.0,28.0,136.0,136.0,29.0,0.475,58.9,0.0,108
WATCH,1333927L,Complete Strut,FCS,,141.0,248.0,20.0,121.0,661.0,661.0,125.0,2.049,59.0,0.0,292
WATCH,1335818,Complete Strut,FCS,,250.0,209.0,81.0,169.0,500.0,500.0,172.0,2.82,59.9,0.0,122
WATCH,86261,Lift Support,CLIFT SUPPORT,,169.0,0.0,4.0,165.0,276.0,276.0,167.0,2.738,60.3,0.0,111
WATCH,331786L,Strut,BARE,,10.0,0.0,0.0,10.0,15.0,15.0,10.0,0.164,61.0,0.0,5
WATCH,333507L,Strut,BARE,,1.0,0.0,0.0,1.0,17.0,17.0,1.0,0.016,61.0,0.0,16
WATCH,333523R,Strut,BARE,,7.0,0.0,1.0,6.0,17.0,17.0,6.0,0.098,61.0,0.0,11
WATCH,335894L,Strut,BARE,,1.0,0.0,0.0,1.0,6.0,6.0,1.0,0.016,61.0,0.0,5
WATCH,341574,Shock,BARE,,45.0,42.0,10.0,35.0,192.0,192.0,35.0,0.574,61.0,0.0,115
WATCH,1333515L,Complete Strut,FCS,,24.0,16.0,6.0,18.0,66.0,66.0,18.0,0.295,61.0,0.0,32
WATCH,333562L,Strut,BARE,,4.0,0.0,0.0,4.0,8.0,8.0,4.0,0.066,61.0,0.0,4
WATCH,345741,Strut,BARE,,5.0,0.0,1.0,4.0,16.0,16.0,4.0,0.066,61.0,0.0,12
WATCH,333718R,Strut,BARE,,3.0,0.0,0.0,3.0,5.0,5.0,3.0,0.049,61.0,0.0,2
WATCH,2331661L,Complete Strut,FCS,,2.0,0.0,0.0,2.0,7.0,7.0,2.0,0.033,61.0,0.0,5
WATCH,1331701L,Complete Strut,FCS,,3.0,0.0,0.0,3.0,13.0,13.0,3.0,0.049,61.0,0.0,10
WATCH,1355003,Complete Strut,FCS,,51.0,0.0,15.0,36.0,163.0,163.0,36.0,0.59,61.0,0.0,127
WATCH,333509L,Strut,BARE,,3.0,0.0,1.0,2.0,24.0,24.0,2.0,0.033,61.0,0.0,22
WATCH,331743R,Strut,BARE,,3.0,93.0,1.0,2.0,31.0,31.0,2.0,0.033,61.0,0.0,0
WATCH,3335992R,Complete Strut,FCS,,1.0,0.0,0.0,1.0,11.0,11.0,1.0,0.016,61.0,0.0,10
WATCH,F347233,Heavy Duty Shock Absorber,HBare,,14.0,50.0,0.0,14.0,70.0,70.0,14.0,0.23,61.0,0.0,6
WATCH,337079R,Strut,BARE,,1.0,0.0,0.0,1.0,10.0,10.0,1.0,0.016,61.0,0.0,9
WATCH,333838R,Strut,BARE,,6.0,0.0,0.0,6.0,18.0,18.0,6.0,0.098,61.0,0.0,12
WATCH,334052R,Strut,BARE,,4.0,0.0,0.0,4.0,13.0,13.0,4.0,0.066,61.0,0.0,9
WATCH,334053L,Strut,BARE,,15.0,0.0,1.0,14.0,42.0,42.0,14.0,0.23,61.0,0.0,28
WATCH,334089L,Strut,BARE,,1.0,40.0,0.0,1.0,12.0,12.0,1.0,0.016,61.0,0.0,0
WATCH,1335807L,Complete Strut,FCS,,1.0,50.0,0.0,1.0,34.0,34.0,1.0,0.016,61.0,0.0,0
WATCH,346745,Shock,BARE,,6.0,0.0,0.0,6.0,14.0,14.0,6.0,0.098,61.0,0.0,8
WATCH,8346343,Complete Strut,FCS,,13.0,0.0,0.0,13.0,36.0,36.0,13.0,0.213,61.0,0.0,23
WATCH,80062,lift support,CLIFT SUPPORT,,58.0,0.0,12.0,46.0,135.0,135.0,46.0,0.754,61.0,0.0,89
WATCH,347070,Shock,BARE,,279.0,326.0,27.0,252.0,1168.0,1168.0,250.0,4.098,61.5,0.0,590
WATCH,1337023R,Complete Strut,FCS,,285.0,0.0,54.0,231.0,1211.0,1211.0,228.0,3.738,61.8,0.0,980
WATCH,86162,Lift Support,CLIFT SUPPORT,,63.0,0.0,8.0,55.0,156.0,156.0,54.0,0.885,62.1,0.0,101
WATCH,1333927R,Complete Strut,FCS,,164.0,362.0,20.0,144.0,709.0,709.0,139.0,2.279,63.2,0.0,203
WATCH,1334565R,Complete Strut,FCS,,95.0,0.0,37.0,58.0,0.0,0.0,56.0,0.918,63.2,19.2,0
WATCH,1346361R,Complete Strut,FCS,,90.0,0.0,8.0,82.0,315.0,315.0,79.0,1.295,63.3,0.0,233
WATCH,1346361L,Complete Strut,FCS,,100.0,0.0,15.0,85.0,294.0,294.0,81.0,1.328,64.0,0.0,209
WATCH,DT342945,Shock,BARE,,523.0,0.0,94.0,429.0,2083.0,2083.0,407.0,6.672,64.3,0.0,1654
WATCH,348024,Shock,BARE,,52.0,0.0,13.0,39.0,94.0,94.0,37.0,0.607,64.3,0.0,55
WATCH,3336347R,Complete Strut,FCS,,74.0,31.0,10.0,64.0,210.0,210.0,60.0,0.984,65.1,0.0,115
WATCH,334111R,Strut,BARE,,17.0,0.0,1.0,16.0,28.0,28.0,15.0,0.246,65.1,0.0,12
WATCH,1334086L,Complete Strut,FCS,,73.0,69.0,12.0,61.0,366.0,366.0,57.0,0.934,65.3,0.0,236
WATCH,8346334,Complete Strut,FCS,,14.0,0.0,0.0,14.0,43.0,43.0,13.0,0.213,65.7,0.0,29
WATCH,84955R,Lift Support,CLIFT SUPPORT,,14.0,0.0,1.0,13.0,38.0,38.0,12.0,0.197,66.1,0.0,25
WATCH,1333702L,Complete Strut,FCS,,31.0,1.0,5.0,26.0,81.0,81.0,24.0,0.393,66.1,0.0,54
WATCH,DT346655,Shock,BARE,,335.0,120.0,27.0,308.0,1234.0,1234.0,283.0,4.639,66.4,0.0,806
WATCH,3331623R,Complete Strut,FCS,,30.0,32.0,6.0,24.0,106.0,106.0,22.0,0.361,66.5,0.0,50
WATCH,331602L,Strut,BARE,,14.0,44.0,2.0,12.0,39.0,39.0,11.0,0.18,66.5,0.0,0
WATCH,1333592R,Complete Strut,FCS,,98.0,122.0,14.0,84.0,354.0,354.0,77.0,1.262,66.5,0.0,148
WATCH,341610,Shock,BARE,,27.0,43.0,4.0,23.0,65.0,65.0,21.0,0.344,66.8,0.0,0
WATCH,8346091,Complete Strut,FCS,,31.0,0.0,8.0,23.0,92.0,92.0,21.0,0.344,66.8,0.0,69
WATCH,SC00003,Complete Strut,FCS,,22.0,0.0,1.0,21.0,66.0,66.0,19.0,0.311,67.4,0.0,45
WATCH,345763,Strut,BARE,,41.0,0.0,0.0,41.0,103.0,103.0,37.0,0.607,67.6,0.0,62
WATCH,3333445L,Complete Strut,FCS,,172.0,160.0,42.0,130.0,561.0,561.0,117.0,1.918,67.8,0.0,271
WATCH,1355028,Complete Strut,FCS,,117.0,72.0,10.0,107.0,339.0,339.0,96.0,1.574,68.0,0.0,160
WATCH,87039,LIFT SUPPORT,CLIFT SUPPORT,,10.0,0.0,1.0,9.0,18.0,18.0,8.0,0.131,68.6,0.0,9
WATCH,2332357L,Complete Strut,FCS,,10.0,0.0,1.0,9.0,36.0,36.0,8.0,0.131,68.6,0.0,27
WATCH,92022,Electronic Air Strut,Air Suspension,,10.0,0.0,1.0,9.0,29.0,29.0,8.0,0.131,68.6,0.0,20
WATCH,8341624,Complete Strut,FCS,,33.0,0.0,6.0,27.0,101.0,101.0,24.0,0.393,68.6,0.0,74
WATCH,1334489L,Complete Strut,FCS,,31.0,0.0,13.0,18.0,83.0,83.0,16.0,0.262,68.6,0.0,65
WATCH,1345774R,Complete Strut,FCS,,78.0,0.0,16.0,62.0,266.0,266.0,55.0,0.902,68.8,0.0,204
WATCH,1332362L,Complete Strut,FCS,,160.0,56.0,21.0,139.0,637.0,637.0,123.0,2.016,68.9,0.0,442
WATCH,337229,Strut,BARE,,92.0,0.0,14.0,78.0,127.0,127.0,69.0,1.131,69.0,0.0,49
WATCH,3333296R,Complete Strut,FCS,,104.0,0.0,20.0,84.0,350.0,350.0,74.0,1.213,69.2,0.0,266
WATCH,1334094R,Complete Strut,FCS,,142.0,219.0,24.0,118.0,604.0,604.0,104.0,1.705,69.2,0.0,267
WATCH,8346792,Complete Strut,FCS,,49.0,0.0,8.0,41.0,150.0,150.0,36.0,0.59,69.5,0.0,109
WATCH,3333508R,Complete Strut,FCS,,73.0,0.0,9.0,64.0,221.0,221.0,56.0,0.918,69.7,0.0,157
WATCH,334053R,Strut,BARE,,17.0,0.0,1.0,16.0,39.0,39.0,14.0,0.23,69.7,0.0,23
WATCH,334103L,Strut,BARE,,9.0,0.0,1.0,8.0,35.0,35.0,7.0,0.115,69.7,0.0,27
WATCH,95042,Passive Conv. Kit,Air Suspension,,24.0,6.0,0.0,24.0,44.0,44.0,21.0,0.344,69.7,0.0,14
WATCH,1331587,Complete Strut,FCS,,109.0,0.0,6.0,103.0,450.0,450.0,90.0,1.475,69.8,0.0,347
WATCH,1335981L,Complete Strut,FCS,,334.0,0.0,49.0,285.0,947.0,947.0,249.0,4.082,69.8,0.0,662
WATCH,1335994R,Complete Strut,FCS,,41.0,0.0,10.0,31.0,123.0,123.0,27.0,0.443,70.0,0.0,92
WATCH,346340,Shock,BARE,,159.0,79.0,36.0,123.0,650.0,650.0,107.0,1.754,70.1,0.0,448
WATCH,1333451R,Complete Strut,FCS,,296.0,458.0,71.0,225.0,1148.0,1148.0,195.0,3.197,70.4,0.0,465
WATCH,1334404R,Complete Strut,FCS,,177.0,46.0,27.0,150.0,374.0,374.0,130.0,2.131,70.4,0.0,178
WATCH,347506,Shock,BARE,,60.0,0.0,8.0,52.0,138.0,138.0,45.0,0.738,70.5,0.0,86
WATCH,337111R,Strut,BARE,,29.0,42.0,7.0,22.0,78.0,78.0,19.0,0.311,70.6,0.0,14
WATCH,342467,Shock,BARE,,424.0,740.0,52.0,372.0,1667.0,1667.0,321.0,5.262,70.7,0.0,555
WATCH,345422,Strut,BARE,,7.0,0.0,0.0,7.0,36.0,36.0,6.0,0.098,71.2,0.0,29
WATCH,346113,Shock,BARE,,14.0,40.0,0.0,14.0,52.0,52.0,12.0,0.197,71.2,0.0,0
WATCH,335684R,Strut,BARE,,17.0,0.0,3.0,14.0,62.0,62.0,12.0,0.197,71.2,0.0,48
WATCH,8346322,Complete Strut,FCS,,30.0,0.0,2.0,28.0,91.0,91.0,24.0,0.393,71.2,0.0,63
WATCH,8341539,Complete Strut,FCS,,133.0,0.0,15.0,118.0,431.0,431.0,101.0,1.656,71.3,0.0,313
WATCH,1345490L,Complete Strut,FCS,,37.0,0.0,10.0,27.0,110.0,110.0,23.0,0.377,71.6,0.0,83
WATCH,1335836L,Complete Strut,FCS,,165.0,0.0,62.0,103.0,354.0,354.0,87.0,1.426,72.2,0.0,251
WATCH,8346832RL,Complete Strut,FCS,,111.0,0.0,21.0,90.0,285.0,285.0,76.0,1.246,72.2,0.0,195
WATCH,8341522,Complete Strut,FCS,,42.0,0.0,10.0,32.0,126.0,126.0,27.0,0.443,72.3,0.0,94
WATCH,1334488R,Complete Strut,FCS,,101.0,0.0,6.0,95.0,82.0,82.0,80.0,1.311,72.4,9.9,0
WATCH,1333534L,Complete Strut,FCS,,49.0,0.0,5.0,44.0,219.0,219.0,37.0,0.607,72.5,0.0,175
WATCH,1333515R,Complete Strut,FCS,,29.0,15.0,4.0,25.0,65.0,65.0,21.0,0.344,72.6,0.0,25
WATCH,1345965,Complete Strut,FCS,,37.0,0.0,6.0,31.0,111.0,111.0,26.0,0.426,72.7,0.0,80
WATCH,1355178L,Complete Strut,FCS,,35.0,0.0,4.0,31.0,74.0,74.0,26.0,0.426,72.7,0.0,43
WATCH,84405,Lift Support,CLIFT SUPPORT,,24.0,0.0,0.0,24.0,32.0,32.0,20.0,0.328,73.2,0.0,8
WATCH,84589,Lift Support,CLIFT SUPPORT,,36.0,0.0,0.0,36.0,34.0,34.0,30.0,0.492,73.2,4.1,0
WATCH,1333926L,Complete Strut,FCS,,346.0,0.0,34.0,312.0,1317.0,1317.0,260.0,4.262,73.2,0.0,1005
WATCH,346656,Shock,BARE,,16.0,0.0,4.0,12.0,35.0,35.0,10.0,0.164,73.2,0.0,23
WATCH,SC00036,Complete Strut,FCS,,13.0,0.0,1.0,12.0,38.0,38.0,10.0,0.164,73.2,0.0,26
WATCH,226334,Shock,BARE,,6.0,24.0,0.0,6.0,30.0,30.0,5.0,0.082,73.2,0.0,0
WATCH,331517,Strut,BARE,,37.0,40.0,2.0,35.0,91.0,91.0,29.0,0.475,73.6,0.0,16
WATCH,8346115,Complete Strut,FCS,,243.0,0.0,47.0,196.0,734.0,734.0,162.0,2.656,73.8,0.0,538
WATCH,8346213,Complete Strut,FCS,,25.0,0.0,2.0,23.0,73.0,73.0,19.0,0.311,73.8,0.0,50
WATCH,2355065L,Complete Strut,FCS,,47.0,0.0,7.0,40.0,152.0,152.0,33.0,0.541,73.9,0.0,112
WATCH,1334055R,Complete Strut,FCS,,69.0,0.0,7.0,62.0,124.0,124.0,51.0,0.836,74.2,0.0,62
WATCH,1335895R,Complete Strut,FCS,,88.0,53.0,10.0,78.0,299.0,299.0,64.0,1.049,74.3,0.0,168
WATCH,8346416,Complete Strut,FCS,,115.0,0.0,15.0,100.0,310.0,310.0,82.0,1.344,74.4,0.0,210
WATCH,1334483L,Complete Strut,FCS,,168.0,108.0,74.0,94.0,279.0,279.0,77.0,1.262,74.5,0.0,77
WATCH,1337114R,Complete Strut,FCS,,23.0,0.0,1.0,22.0,51.0,51.0,18.0,0.295,74.6,0.0,29
WATCH,346849,Shock,BARE,,160.0,100.0,28.0,132.0,621.0,621.0,108.0,1.77,74.6,0.0,389
WATCH,95061,Air Conv. Kit,Air Suspension,,11.0,4.0,0.0,11.0,24.0,24.0,9.0,0.148,74.6,0.0,9
WATCH,1334234L,Complete Strut,FCS,,36.0,0.0,3.0,33.0,70.0,70.0,27.0,0.443,74.6,0.0,37
WATCH,1332362R,Complete Strut,FCS,,172.0,114.0,26.0,146.0,604.0,604.0,119.0,1.951,74.8,0.0,344
WATCH,HS004,Susp. Ride Sensor,Air Suspension,,22.0,0.0,6.0,16.0,32.0,32.0,13.0,0.213,75.1,0.0,16
WATCH,333478R,Strut,BARE,,18.0,0.0,2.0,16.0,42.0,42.0,13.0,0.213,75.1,0.0,26
WATCH,1355051R,Complete Strut,FCS,,40.0,24.0,3.0,37.0,105.0,105.0,30.0,0.492,75.2,0.0,44
WATCH,86602,Lift Support,CLIFT SUPPORT,,52.0,0.0,10.0,42.0,116.0,116.0,34.0,0.557,75.4,0.0,74
WATCH,1334125L,Complete Strut,FCS,,150.0,0.0,24.0,126.0,428.0,428.0,102.0,1.672,75.4,0.0,302
WATCH,8346241,Complete Strut,FCS,,34.0,0.0,13.0,21.0,78.0,78.0,17.0,0.279,75.4,0.0,57
WATCH,1334056R,Complete Strut,FCS,,31.0,0.0,0.0,31.0,68.0,68.0,25.0,0.41,75.6,0.0,37
WATCH,1343362L,Complete Strut,FCS,,50.0,0.0,14.0,36.0,121.0,121.0,29.0,0.475,75.7,0.0,85
WATCH,8341620,Complete Strut,FCS,,543.0,108.0,124.0,419.0,1487.0,1487.0,337.0,5.525,75.8,0.0,960
WATCH,346479,Shock,BARE,,309.0,500.0,34.0,275.0,860.0,860.0,221.0,3.623,75.9,0.0,85
WATCH,1333444L,Complete Strut,FCS,,64.0,56.0,9.0,55.0,150.0,150.0,44.0,0.721,76.2,0.0,39
WATCH,3345559,Complete Strut,FCS,,10.0,0.0,0.0,10.0,40.0,40.0,8.0,0.131,76.2,0.0,30
WATCH,1334434L,Complete Strut,FCS,,96.0,0.0,22.0,74.0,246.0,246.0,59.0,0.967,76.5,0.0,172
WATCH,1355160L,Complete Strut,FCS,,41.0,0.0,2.0,39.0,59.0,59.0,31.0,0.508,76.7,0.0,20
WATCH,1333532L,Complete Strut,FCS,,435.0,289.0,99.0,336.0,1272.0,1272.0,267.0,4.377,76.8,0.0,647
WATCH,336349,Strut,BARE,,22.0,0.0,3.0,19.0,46.0,46.0,15.0,0.246,77.3,0.0,27
WATCH,3333508L,Complete Strut,FCS,,78.0,0.0,2.0,76.0,222.0,222.0,60.0,0.984,77.3,0.0,146
WATCH,1333509R,Complete Strut,FCS,,227.0,160.0,24.0,203.0,729.0,729.0,160.0,2.623,77.4,0.0,366
WATCH,331643R,Strut,BARE,,17.0,0.0,3.0,14.0,57.0,57.0,11.0,0.18,77.6,0.0,43
WATCH,1334565L,Complete Strut,FCS,,98.0,0.0,33.0,65.0,0.0,0.0,51.0,0.836,77.7,33.7,0
WATCH,1345799,Complete Strut,FCS,,159.0,190.0,39.0,120.0,622.0,622.0,94.0,1.541,77.9,0.0,312
WATCH,1337073,Complete Strut,FCS,,25.0,8.0,2.0,23.0,80.0,80.0,18.0,0.295,77.9,0.0,49
WATCH,337238L,Strut,BARE,,40.0,12.0,8.0,32.0,27.0,27.0,25.0,0.41,78.1,12.2,0
WATCH,333432R,Strut,BARE,,40.0,32.0,4.0,36.0,133.0,133.0,28.0,0.459,78.4,0.0,65
WATCH,343308,Shock,BARE,,504.0,458.0,81.0,423.0,1483.0,1483.0,329.0,5.393,78.4,0.0,602
WATCH,86250,Lift Support,CLIFT SUPPORT,,28.0,0.0,1.0,27.0,71.0,71.0,21.0,0.344,78.4,0.0,44
WATCH,345937,Strut,BARE,,9.0,43.0,0.0,9.0,27.0,27.0,7.0,0.115,78.4,0.0,0
WATCH,4333489L,Complete Strut,FCS,,31.0,0.0,4.0,27.0,70.0,70.0,21.0,0.344,78.4,0.0,43
WATCH,1355005,Complete Strut,FCS,,32.0,0.0,5.0,27.0,113.0,113.0,21.0,0.344,78.4,0.0,86
WATCH,8346713,Complete Strut,FCS,,72.0,0.0,23.0,49.0,192.0,192.0,38.0,0.623,78.7,0.0,143
WATCH,1333704L,Complete Strut,FCS,,264.0,160.0,23.0,241.0,764.0,764.0,186.0,3.049,79.0,0.0,363
WATCH,SC00026,Complete Strut,FCS,,64.0,0.0,8.0,56.0,255.0,255.0,43.0,0.705,79.4,0.0,199
WATCH,8946569,Complete Strut,FCS,,54.0,0.0,7.0,47.0,143.0,143.0,36.0,0.59,79.6,0.0,96
WATCH,1335894R,Complete Strut,FCS,,19.0,0.0,2.0,17.0,64.0,64.0,13.0,0.213,79.8,0.0,47
WATCH,2333818R,Complete Strut,FCS,,92.0,35.0,7.0,85.0,299.0,299.0,65.0,1.066,79.8,0.0,179
WATCH,335773,Strut,BARE,,42.0,0.0,4.0,38.0,114.0,114.0,29.0,0.475,79.9,0.0,76
WATCH,8346215,Complete Strut,FCS,,195.0,141.0,43.0,152.0,499.0,499.0,116.0,1.902,79.9,0.0,206
WATCH,334075L,Strut,BARE,,43.0,34.0,2.0,41.0,131.0,131.0,31.0,0.508,80.7,0.0,56
WATCH,SC00021,Complete Strut,FCS,,226.0,113.0,52.0,174.0,539.0,539.0,131.0,2.148,81.0,0.0,252
WATCH,334436L,Strut,BARE,,189.0,68.0,15.0,174.0,474.0,474.0,131.0,2.148,81.0,0.0,232
WATCH,342642,Shock,BARE,,256.0,358.0,6.0,250.0,983.0,983.0,188.0,3.082,81.1,0.0,375
WATCH,331751R,Strut,BARE,,4.0,0.0,0.0,4.0,7.0,7.0,3.0,0.049,81.3,0.0,3
WATCH,335555L,Strut,BARE,,5.0,40.0,1.0,4.0,18.0,18.0,3.0,0.049,81.3,0.0,0
WATCH,342555,Shock,BARE,,42.0,112.0,2.0,40.0,171.0,171.0,30.0,0.492,81.3,0.0,19
WATCH,342780,Shock,BARE,,320.0,0.0,24.0,296.0,1028.0,1028.0,222.0,3.639,81.3,0.0,732
WATCH,1331642R,Complete Strut,FCS,,8.0,0.0,0.0,8.0,38.0,38.0,6.0,0.098,81.3,0.0,30
WATCH,333748R,Strut,BARE,,5.0,0.0,1.0,4.0,26.0,26.0,3.0,0.049,81.3,0.0,22
WATCH,86690,LIFT SUPPORT,CLIFT SUPPORT,,20.0,0.0,0.0,20.0,41.0,41.0,15.0,0.246,81.3,0.0,21
WATCH,1335804R,Complete Strut,FCS,,47.0,80.0,7.0,40.0,152.0,152.0,30.0,0.492,81.3,0.0,32
WATCH,333838L,Strut,BARE,,4.0,20.0,0.0,4.0,14.0,14.0,3.0,0.049,81.3,0.0,0
WATCH,355062,Strut,BARE,,4.0,0.0,0.0,4.0,9.0,9.0,3.0,0.049,81.3,0.0,5
WATCH,92024,Electronic Air Strut,Air Suspension,,39.0,0.0,15.0,24.0,62.0,62.0,18.0,0.295,81.3,0.0,38
WATCH,DT343309,Shock,BARE,,28.0,20.0,0.0,28.0,71.0,71.0,21.0,0.344,81.3,0.0,23
WATCH,2345967,Complete Strut,FCS,,109.0,216.0,17.0,92.0,369.0,369.0,69.0,1.131,81.3,0.0,61
WATCH,335909R,Strut,BARE,,86.0,0.0,4.0,82.0,208.0,208.0,61.0,1.0,82.0,0.0,126
WATCH,1355072L,Complete Strut,FCS,,47.0,0.0,4.0,43.0,110.0,110.0,32.0,0.525,82.0,0.0,67
WATCH,1332357R,Complete Strut,FCS,,114.0,94.0,17.0,97.0,294.0,294.0,72.0,1.18,82.2,0.0,103
WATCH,1337237L,Complete Strut,FCS,,61.0,0.0,3.0,58.0,123.0,123.0,43.0,0.705,82.3,0.0,65
WATCH,3331623L,Complete Strut,FCS,,39.0,34.0,12.0,27.0,105.0,105.0,20.0,0.328,82.4,0.0,44
WATCH,1333864R,Complete Strut,FCS,,25.0,25.0,2.0,23.0,100.0,100.0,17.0,0.279,82.5,0.0,52
WATCH,333926R,Strut,BARE,,28.0,0.0,5.0,23.0,41.0,41.0,17.0,0.279,82.5,0.0,18
WATCH,1335989R,Complete Strut,FCS,,24.0,0.0,1.0,23.0,59.0,59.0,17.0,0.279,82.5,0.0,36
WATCH,1335980L,Complete Strut,FCS,,121.0,0.0,17.0,104.0,243.0,243.0,76.0,1.246,83.5,0.0,139
WATCH,1333393R,Complete Strut,FCS,,430.0,347.0,80.0,350.0,1158.0,1158.0,255.0,4.18,83.7,0.0,461
WATCH,1334010R,Complete Strut,FCS,,196.0,127.0,41.0,155.0,574.0,574.0,113.0,1.852,83.7,0.0,292
WATCH,8346218,Complete Strut,FCS,,1171.0,351.0,158.0,1013.0,3351.0,3351.0,737.0,12.082,83.8,0.0,1987
WATCH,1332364,Complete Strut,FCS,,18.0,38.0,7.0,11.0,101.0,101.0,8.0,0.131,83.9,0.0,52
WATCH,347186,Shock,BARE,,11.0,30.0,0.0,11.0,47.0,47.0,8.0,0.131,83.9,0.0,6
WATCH,1334488L,Complete Strut,FCS,,113.0,0.0,3.0,110.0,79.0,79.0,80.0,1.311,83.9,23.6,0
WATCH,1333819L,Complete Strut,FCS,,167.0,166.0,28.0,139.0,439.0,439.0,101.0,1.656,84.0,0.0,134
WATCH,1333507R,Complete Strut,FCS,,41.0,0.0,1.0,40.0,89.0,89.0,29.0,0.475,84.1,0.0,49
WATCH,1355072R,Complete Strut,FCS,,45.0,0.0,5.0,40.0,110.0,110.0,29.0,0.475,84.1,0.0,70
WATCH,F344348,Heavy Duty Shock Absorber,HBare,,33.0,0.0,4.0,29.0,80.0,80.0,21.0,0.344,84.2,0.0,51
WATCH,1334010L,Complete Strut,FCS,,219.0,115.0,50.0,169.0,578.0,578.0,122.0,2.0,84.5,0.0,294
WATCH,1334048L,Complete Strut,FCS,,110.0,16.0,13.0,97.0,231.0,231.0,70.0,1.148,84.5,0.0,118
WATCH,1331783L,Complete Strut,FCS,,205.0,89.0,37.0,168.0,481.0,481.0,121.0,1.984,84.7,0.0,224
WATCH,1332363L,Complete Strut,FCS,,269.0,33.0,55.0,214.0,728.0,728.0,154.0,2.525,84.8,0.0,481
WATCH,1345934,Complete Strut,FCS,,711.0,564.0,77.0,634.0,2102.0,2102.0,456.0,7.475,84.8,0.0,904
WATCH,8346949,Complete Strut,FCS,,40.0,0.0,1.0,39.0,81.0,81.0,28.0,0.459,85.0,0.0,42
WATCH,331682R,Strut,BARE,,9.0,0.0,2.0,7.0,20.0,20.0,5.0,0.082,85.4,0.0,13
WATCH,342565,Shock,BARE,,37.0,0.0,2.0,35.0,128.0,128.0,25.0,0.41,85.4,0.0,93
WATCH,331911L,Strut,BARE,,7.0,0.0,0.0,7.0,19.0,19.0,5.0,0.082,85.4,0.0,12
WATCH,331643L,Strut,BARE,,17.0,0.0,3.0,14.0,56.0,56.0,10.0,0.164,85.4,0.0,42
WATCH,8346720,Complete Strut,FCS,,60.0,0.0,15.0,45.0,136.0,136.0,32.0,0.525,85.8,0.0,91
WATCH,226318,Shock,BARE,,106.0,0.0,13.0,93.0,311.0,311.0,66.0,1.082,86.0,0.0,218
WATCH,8346561,Complete Strut,FCS,,64.0,0.0,6.0,58.0,123.0,123.0,41.0,0.672,86.3,0.0,65
WATCH,337111L,Strut,BARE,,39.0,16.0,5.0,34.0,72.0,72.0,24.0,0.393,86.4,0.0,22
WATCH,334146L,Strut,BARE,,17.0,0.0,0.0,17.0,39.0,39.0,12.0,0.197,86.4,0.0,22
WATCH,8346423RL,Complete Strut,FCS,,36.0,0.0,2.0,34.0,42.0,42.0,24.0,0.393,86.4,0.0,8
WATCH,342523,Shock,BARE,,155.0,67.0,20.0,135.0,402.0,402.0,95.0,1.557,86.7,0.0,200
WATCH,347015,Shock,BARE,,200.0,193.0,18.0,182.0,656.0,656.0,128.0,2.098,86.7,0.0,281
WATCH,331669L,Strut,BARE,,11.0,44.0,1.0,10.0,31.0,31.0,7.0,0.115,87.1,0.0,0
WATCH,DT346713,Shock,BARE,,261.0,232.0,31.0,230.0,638.0,638.0,161.0,2.639,87.1,0.0,176
WATCH,2345984R,Complete Strut,FCS,,70.0,0.0,10.0,60.0,146.0,146.0,42.0,0.689,87.1,0.0,86
WATCH,346478,Shock,BARE,,232.0,140.0,29.0,203.0,779.0,779.0,142.0,2.328,87.2,0.0,436
WATCH,346941,Shock,BARE,,284.0,160.0,20.0,264.0,917.0,917.0,184.0,3.016,87.5,0.0,493
WATCH,346220,Shock,BARE,,127.0,126.0,25.0,102.0,272.0,272.0,71.0,1.164,87.6,0.0,44
WATCH,3345685R,Complete Strut,FCS,,128.0,139.0,27.0,101.0,492.0,492.0,70.0,1.148,88.0,0.0,252
WATCH,1334225R,Complete Strut,FCS,,160.0,157.0,33.0,127.0,569.0,569.0,88.0,1.443,88.0,0.0,285
WATCH,331612R,Strut,BARE,,13.0,36.0,0.0,13.0,30.0,30.0,9.0,0.148,88.1,0.0,0
WATCH,1333971L,Complete Strut,FCS,,213.0,0.0,31.0,182.0,759.0,759.0,126.0,2.066,88.1,0.0,577
WATCH,DT346897,Shock,BARE,,41.0,0.0,2.0,39.0,90.0,90.0,27.0,0.443,88.1,0.0,51
WATCH,1345968,Complete Strut,FCS,,193.0,0.0,57.0,136.0,669.0,669.0,94.0,1.541,88.3,0.0,533
WATCH,DG341531,Shock,BARE,,112.0,120.0,12.0,100.0,391.0,391.0,69.0,1.131,88.4,0.0,171
WATCH,2333716L,Complete Strut,FCS,,228.0,362.0,19.0,209.0,716.0,716.0,144.0,2.361,88.5,0.0,145
WATCH,SC00040,Complete Strut,FCS,,45.0,0.0,0.0,45.0,87.0,87.0,31.0,0.508,88.5,0.0,42
WATCH,1335947L,Complete Strut,FCS,,33.0,0.0,1.0,32.0,66.0,66.0,22.0,0.361,88.7,0.0,34
WATCH,1336320L,Complete Strut,FCS,,35.0,64.0,0.0,35.0,125.0,125.0,24.0,0.393,89.0,0.0,26
WATCH,335989L,Strut,BARE,,81.0,0.0,11.0,70.0,242.0,242.0,48.0,0.787,89.0,0.0,172
WATCH,1345468L,Complete Strut,FCS,,21.0,0.0,2.0,19.0,50.0,50.0,13.0,0.213,89.2,0.0,31
WATCH,3355016L,Complete Strut,FCS,,159.0,0.0,14.0,145.0,421.0,421.0,99.0,1.623,89.3,0.0,276
WATCH,86343,Lift Support,CLIFT SUPPORT,,65.0,0.0,6.0,59.0,165.0,165.0,40.0,0.656,90.0,0.0,106
WATCH,8346567,Complete Strut,FCS,,64.0,30.0,5.0,59.0,169.0,169.0,40.0,0.656,90.0,0.0,80
OK,1355017R,Complete Strut,FCS,,67.0,0.0,5.0,62.0,233.0,233.0,42.0,0.689,90.0,0.0,171
OK,342542,Shock,BARE,,378.0,533.0,41.0,337.0,1322.0,1322.0,228.0,3.738,90.2,0.0,452
OK,1333842R,Complete Strut,FCS,,71.0,36.0,3.0,68.0,217.0,217.0,46.0,0.754,90.2,0.0,113
OK,1335893L,Complete Strut,FCS,,263.0,171.0,30.0,233.0,676.0,676.0,157.0,2.574,90.5,0.0,272
OK,1355071,Complete Strut,FCS,,362.0,0.0,40.0,322.0,770.0,770.0,216.0,3.541,90.9,0.0,448
OK,342944,Shock,BARE,,698.0,420.0,87.0,611.0,2172.0,2172.0,409.0,6.705,91.1,0.0,1141
OK,5331660R,Complete Strut,FCS,,34.0,41.0,4.0,30.0,88.0,88.0,20.0,0.328,91.5,0.0,17
OK,331751L,Strut,BARE,,3.0,0.0,0.0,3.0,6.0,6.0,2.0,0.033,91.5,0.0,3
OK,333475R,Strut,BARE,,3.0,46.0,0.0,3.0,28.0,28.0,2.0,0.033,91.5,0.0,0
OK,86294,Lift Support,CLIFT SUPPORT,,12.0,0.0,0.0,12.0,21.0,21.0,8.0,0.131,91.5,0.0,9
OK,335774L,Strut,BARE,,3.0,0.0,0.0,3.0,5.0,5.0,2.0,0.033,91.5,0.0,2
OK,346211,Shock,BARE,,15.0,0.0,0.0,15.0,39.0,39.0,10.0,0.164,91.5,0.0,24
OK,345878,Strut,BARE,,9.0,24.0,0.0,9.0,22.0,22.0,6.0,0.098,91.5,0.0,0
OK,333752R,Strut,BARE,,13.0,0.0,1.0,12.0,49.0,49.0,8.0,0.131,91.5,0.0,37
OK,1335807R,Complete Strut,FCS,,6.0,50.0,0.0,6.0,36.0,36.0,4.0,0.066,91.5,0.0,0
OK,1334125R,Complete Strut,FCS,,174.0,0.0,21.0,153.0,401.0,401.0,102.0,1.672,91.5,0.0,248
OK,Q4006,Air Spring,Air Suspension,,6.0,0.0,0.0,6.0,9.0,9.0,4.0,0.066,91.5,0.0,3
OK,8941586,Complete Strut,FCS,,28.0,0.0,4.0,24.0,87.0,87.0,16.0,0.262,91.5,0.0,63
OK,SC00007,Complete Strut,FCS,,15.0,0.0,3.0,12.0,46.0,46.0,8.0,0.131,91.5,0.0,34
OK,8346425,Complete Strut,FCS,,18.0,12.0,6.0,12.0,30.0,30.0,8.0,0.131,91.5,0.0,6
OK,334434R,Strut,BARE,,20.0,0.0,2.0,18.0,34.0,34.0,12.0,0.197,91.5,0.0,16
OK,346832,Shock,BARE,,168.0,160.0,12.0,156.0,624.0,624.0,103.0,1.689,92.4,0.0,308
OK,8346239,Complete Strut,FCS,,91.0,0.0,21.0,70.0,181.0,181.0,46.0,0.754,92.8,0.0,111
OK,1333523R,Complete Strut,FCS,,50.0,0.0,1.0,49.0,107.0,107.0,32.0,0.525,93.4,0.0,58
OK,84002,Lift Support,CLIFT SUPPORT,,46.0,0.0,0.0,46.0,67.0,67.0,30.0,0.492,93.5,0.0,21
OK,346115,Shock,BARE,,81.0,0.0,15.0,66.0,281.0,281.0,43.0,0.705,93.6,0.0,215
OK,1331762L,Complete Strut,FCS,,61.0,0.0,18.0,43.0,179.0,179.0,28.0,0.459,93.7,0.0,136
OK,333504R,Strut,BARE,,38.0,6.0,1.0,37.0,86.0,86.0,24.0,0.393,94.0,0.0,43
OK,345442,Strut,BARE,,62.0,0.0,5.0,57.0,120.0,120.0,37.0,0.607,94.0,0.0,63
OK,2335970,Complete Strut,FCS,,134.0,0.0,9.0,125.0,210.0,210.0,81.0,1.328,94.1,0.0,85
OK,342567,Shock,BARE,,142.0,80.0,0.0,142.0,338.0,338.0,92.0,1.508,94.2,0.0,116
OK,331786R,Strut,BARE,,18.0,0.0,1.0,17.0,13.0,13.0,11.0,0.18,94.3,22.2,0
OK,2334058L,Complete Strut,FCS,,145.0,0.0,26.0,119.0,0.0,0.0,77.0,1.262,94.3,50.3,0
OK,4333489R,Complete Strut,FCS,,35.0,0.0,4.0,31.0,65.0,65.0,20.0,0.328,94.6,0.0,34
OK,1333926R,Complete Strut,FCS,,464.0,0.0,64.0,400.0,1324.0,1324.0,258.0,4.23,94.6,0.0,924
OK,8346256,Complete Strut,FCS,,242.0,14.0,76.0,166.0,465.0,465.0,107.0,1.754,94.6,0.0,285
OK,1333717R,Complete Strut,FCS,,83.0,82.0,10.0,73.0,240.0,240.0,47.0,0.77,94.7,0.0,85
OK,345986R,Strut,BARE,,101.0,0.0,14.0,87.0,245.0,245.0,56.0,0.918,94.8,0.0,158
OK,331615R,Strut,BARE,,15.0,0.0,1.0,14.0,31.0,31.0,9.0,0.148,94.9,0.0,17
OK,1345903,Complete Strut,FCS,,191.0,0.0,37.0,154.0,512.0,512.0,99.0,1.623,94.9,0.0,358
OK,334449L,Strut,BARE,,14.0,0.0,0.0,14.0,30.0,30.0,9.0,0.148,94.9,0.0,16
OK,8346658,Complete Strut,FCS,,160.0,0.0,24.0,136.0,443.0,443.0,87.0,1.426,95.4,0.0,307
OK,1333818L,Complete Strut,FCS,,689.0,0.0,116.0,573.0,1478.0,1478.0,366.0,6.0,95.5,0.0,905
OK,95006,Air Conv. Kit,Air Suspension,,24.0,0.0,2.0,22.0,51.0,51.0,14.0,0.23,95.9,0.0,29
OK,1355130R,Complete Strut,FCS,,37.0,0.0,4.0,33.0,77.0,77.0,21.0,0.344,95.9,0.0,44
OK,1345920,Complete Strut,FCS,,166.0,204.0,8.0,158.0,434.0,434.0,100.0,1.639,96.4,0.0,72
OK,331600,Strut,BARE,,19.0,0.0,0.0,19.0,48.0,48.0,12.0,0.197,96.6,0.0,29
OK,335989R,Strut,BARE,,86.0,0.0,10.0,76.0,250.0,250.0,48.0,0.787,96.6,0.0,174
OK,SC00030,Complete Strut,FCS,,66.0,0.0,9.0,57.0,150.0,150.0,36.0,0.59,96.6,0.0,93
OK,226321,Shock,BARE,,48.0,0.0,10.0,38.0,89.0,89.0,24.0,0.393,96.6,0.0,51
OK,8346196,Complete Strut,FCS,,116.0,12.0,32.0,84.0,291.0,291.0,53.0,0.869,96.7,0.0,195
OK,8341615,Complete Strut,FCS,,149.0,0.0,11.0,138.0,381.0,381.0,87.0,1.426,96.8,0.0,243
OK,355131,Strut,BARE,,148.0,96.0,13.0,135.0,320.0,320.0,85.0,1.393,96.9,0.0,89
OK,1335958L,Complete Strut,FCS,,465.0,0.0,78.0,387.0,1309.0,1309.0,242.0,3.967,97.5,0.0,922
OK,1331642L,Complete Strut,FCS,,8.0,25.0,0.0,8.0,35.0,35.0,5.0,0.082,97.6,0.0,2
OK,DT346433,Shock,BARE,,24.0,0.0,0.0,24.0,52.0,52.0,15.0,0.246,97.6,0.0,28
OK,2345566R,Complete Strut,FCS,,49.0,24.0,1.0,48.0,104.0,104.0,30.0,0.492,97.6,0.0,32
OK,8346672,Complete Strut,FCS,,25.0,0.0,9.0,16.0,123.0,123.0,10.0,0.164,97.6,0.0,107
OK,346254,Shock,BARE,,255.0,0.0,18.0,237.0,873.0,873.0,148.0,2.426,97.7,0.0,636
OK,1331783R,Complete Strut,FCS,,220.0,93.0,34.0,186.0,516.0,516.0,116.0,1.902,97.8,0.0,237
OK,1333532R,Complete Strut,FCS,,565.0,192.0,108.0,457.0,1254.0,1254.0,285.0,4.672,97.8,0.0,605
OK,2333376L,Complete Strut,FCS,,115.0,0.0,7.0,108.0,275.0,275.0,67.0,1.098,98.3,0.0,167
OK,8346359,Complete Strut,FCS,,171.0,0.0,26.0,145.0,364.0,364.0,90.0,1.475,98.3,0.0,219
OK,333716R,Strut,BARE,,29.0,0.0,0.0,29.0,73.0,73.0,18.0,0.295,98.3,0.0,44
OK,2355017R,Complete Strut,FCS,,91.0,0.0,20.0,71.0,228.0,228.0,44.0,0.721,98.4,0.0,157
OK,1345411R,Complete Strut,FCS,,140.0,0.0,14.0,126.0,357.0,357.0,78.0,1.279,98.5,0.0,231
OK,8346559,Complete Strut,FCS,,200.0,20.0,24.0,176.0,494.0,494.0,109.0,1.787,98.5,0.0,298
OK,2334069L,Complete Strut,FCS,,58.0,0.0,3.0,55.0,145.0,145.0,34.0,0.557,98.7,0.0,90
OK,335793,Strut,BARE,,17.0,0.0,4.0,13.0,29.0,29.0,8.0,0.131,99.1,0.0,16
OK,345795,Strut,BARE,,15.0,0.0,2.0,13.0,40.0,40.0,8.0,0.131,99.1,0.0,27
OK,1355178R,Complete Strut,FCS,,45.0,0.0,6.0,39.0,68.0,68.0,24.0,0.393,99.1,0.0,29
OK,5331660L,Complete Strut,FCS,,35.0,49.0,4.0,31.0,86.0,86.0,19.0,0.311,99.5,0.0,6
OK,333451L,Strut,BARE,,72.0,88.0,5.0,67.0,229.0,229.0,41.0,0.672,99.7,0.0,74
OK,1333971R,Complete Strut,FCS,,262.0,0.0,38.0,224.0,780.0,780.0,137.0,2.246,99.7,0.0,556
OK,337127L,Strut,BARE,,92.0,24.0,10.0,82.0,164.0,164.0,50.0,0.82,100.0,0.0,58
OK,2334124L,Complete Strut,FCS,,25.0,0.0,2.0,23.0,42.0,42.0,14.0,0.23,100.2,0.0,19
OK,8346333,Complete Strut,FCS,,49.0,0.0,3.0,46.0,69.0,69.0,28.0,0.459,100.2,0.0,23
OK,346410,Shock,BARE,,350.0,0.0,22.0,328.0,993.0,993.0,199.0,3.262,100.5,0.0,665
OK,1333320R,Complete Strut,FCS,,193.0,83.0,28.0,165.0,467.0,467.0,100.0,1.639,100.6,0.0,219
OK,333440R,Strut,BARE,,37.0,0.0,4.0,33.0,81.0,81.0,20.0,0.328,100.7,0.0,48
OK,94003,Electronic Strut,Air Suspension,,33.0,0.0,0.0,33.0,31.0,31.0,20.0,0.328,100.7,6.1,0
OK,2333376R,Complete Strut,FCS,,102.0,0.0,21.0,81.0,290.0,290.0,49.0,0.803,100.8,0.0,209
OK,342800,Shock,BARE,,170.0,0.0,13.0,157.0,504.0,504.0,95.0,1.557,100.8,0.0,347
OK,333839,Strut,BARE,,40.0,0.0,2.0,38.0,62.0,62.0,23.0,0.377,100.8,0.0,24
OK,343329,Shock,BARE,,55.0,20.0,2.0,53.0,140.0,140.0,32.0,0.525,101.0,0.0,67
OK,1334138R,Complete Strut,FCS,,56.0,0.0,3.0,53.0,139.0,139.0,32.0,0.525,101.0,0.0,86
OK,346948,Shock,BARE,,54.0,40.0,6.0,48.0,122.0,122.0,29.0,0.475,101.0,0.0,34
OK,8346791,Complete Strut,FCS,,180.0,11.0,29.0,151.0,365.0,365.0,91.0,1.492,101.2,0.0,203
OK,1333492L,Complete Strut,FCS,,747.0,281.0,97.0,650.0,1471.0,1471.0,391.0,6.41,101.4,0.0,540
OK,1345504,Complete Strut,FCS,,23.0,0.0,3.0,20.0,57.0,57.0,12.0,0.197,101.7,0.0,37
OK,2331623L,Complete Strut,FCS,,35.0,0.0,0.0,35.0,67.0,67.0,21.0,0.344,101.7,0.0,32
OK,2345541,Complete Strut,FCS,,52.0,0.0,7.0,45.0,117.0,117.0,27.0,0.443,101.7,0.0,72
OK,345418R,Strut,BARE,,5.0,0.0,0.0,5.0,7.0,7.0,3.0,0.049,101.7,0.0,2
OK,1333583L,Complete Strut,FCS,,163.0,72.0,13.0,150.0,398.0,398.0,90.0,1.475,101.7,0.0,176
OK,2345882R,Complete Strut,FCS,,45.0,0.0,5.0,40.0,115.0,115.0,24.0,0.393,101.7,0.0,75
OK,333752L,Strut,BARE,,11.0,0.0,1.0,10.0,46.0,46.0,6.0,0.098,101.7,0.0,36
OK,331464R,Strut,BARE,,5.0,0.0,0.0,5.0,10.0,10.0,3.0,0.049,101.7,0.0,5
OK,1333393L,Complete Strut,FCS,,504.0,462.0,88.0,416.0,1164.0,1164.0,249.0,4.082,101.9,0.0,286
OK,1336341L,Complete Strut,FCS,,94.0,81.0,7.0,87.0,234.0,234.0,52.0,0.852,102.1,0.0,66
OK,8341544,Complete Strut,FCS,,142.0,32.0,18.0,124.0,298.0,298.0,74.0,1.213,102.2,0.0,142
OK,1343362R,Complete Strut,FCS,,52.0,0.0,15.0,37.0,116.0,116.0,22.0,0.361,102.6,0.0,79
OK,1331629R,Complete Strut,FCS,,253.0,53.0,29.0,224.0,635.0,635.0,133.0,2.18,102.7,0.0,358
OK,1345768,Complete Strut,FCS,,34.0,0.0,2.0,32.0,79.0,79.0,19.0,0.311,102.7,0.0,47
OK,5335909R,Complete Strut,FCS,,34.0,0.0,2.0,32.0,88.0,88.0,19.0,0.311,102.7,0.0,56
OK,5335909L,Complete Strut,FCS,,29.0,0.0,2.0,27.0,86.0,86.0,16.0,0.262,102.9,0.0,59
OK,1335594,Complete Strut,FCS,,459.0,0.0,8.0,451.0,976.0,976.0,267.0,4.377,103.0,0.0,525
OK,1345820L,Complete Strut,FCS,,102.0,0.0,9.0,93.0,210.0,210.0,55.0,0.902,103.1,0.0,117
OK,1345568,Complete Strut,FCS,,27.0,76.0,5.0,22.0,55.0,55.0,13.0,0.213,103.2,0.0,0
OK,2333957R,Complete Strut,FCS,,86.0,0.0,8.0,78.0,244.0,244.0,46.0,0.754,103.4,0.0,166
OK,1336304,Complete Strut,FCS,,58.0,87.0,2.0,56.0,123.0,123.0,33.0,0.541,103.5,0.0,0
OK,345986L,Strut,BARE,,108.0,32.0,18.0,90.0,234.0,234.0,53.0,0.869,103.6,0.0,112
OK,341542,Shock,BARE,,250.0,130.0,29.0,221.0,658.0,658.0,130.0,2.131,103.7,0.0,307
OK,8346562,Complete Strut,FCS,,321.0,144.0,54.0,267.0,681.0,681.0,157.0,2.574,103.7,0.0,270
OK,1345892,Complete Strut,FCS,,218.0,80.0,22.0,196.0,459.0,459.0,115.0,1.885,104.0,0.0,183
OK,342484,Shock,BARE,,60.0,0.0,2.0,58.0,150.0,150.0,34.0,0.557,104.1,0.0,92
OK,334140,Strut,BARE,,130.0,0.0,19.0,111.0,300.0,300.0,65.0,1.066,104.2,0.0,189
OK,346790,Shock,BARE,,61.0,0.0,8.0,53.0,139.0,139.0,31.0,0.508,104.3,0.0,86
OK,346443,Shock,BARE,,325.0,280.0,39.0,286.0,826.0,826.0,167.0,2.738,104.5,0.0,260
OK,4331660L,Complete Strut,FCS,,379.0,228.0,24.0,355.0,779.0,779.0,207.0,3.393,104.6,0.0,196
OK,DT346361,Strut,BARE,,14.0,0.0,2.0,12.0,21.0,21.0,7.0,0.115,104.6,0.0,9
OK,334058L,Strut,BARE,,18.0,0.0,6.0,12.0,34.0,34.0,7.0,0.115,104.6,0.0,22
OK,1333466R,Complete Strut,FCS,,126.0,6.0,23.0,103.0,343.0,343.0,60.0,0.984,104.7,0.0,234
OK,1355059,Complete Strut,FCS,,169.0,0.0,23.0,146.0,467.0,467.0,85.0,1.393,104.8,0.0,321
OK,1334434R,Complete Strut,FCS,,106.0,0.0,6.0,100.0,268.0,268.0,58.0,0.951,105.2,0.0,168
OK,SC00044,Complete Strut,FCS,,20.0,0.0,1.0,19.0,39.0,39.0,11.0,0.18,105.4,0.0,20
OK,1334094L,Complete Strut,FCS,,225.0,121.0,21.0,204.0,567.0,567.0,118.0,1.934,105.5,0.0,242
OK,8346178RL,Complete Strut,FCS,,1153.0,324.0,117.0,1036.0,2805.0,2805.0,599.0,9.82,105.5,0.0,1445
OK,93001,Air Strut,Air Suspension,,98.0,0.0,13.0,85.0,169.0,169.0,49.0,0.803,105.8,0.0,84
OK,1335562R,Complete Strut,FCS,,46.0,0.0,13.0,33.0,94.0,94.0,19.0,0.311,105.9,0.0,61
OK,1334057L,Complete Strut,FCS,,362.0,83.0,34.0,328.0,681.0,681.0,189.0,3.098,105.9,0.0,270
OK,342846,Shock,BARE,,336.0,160.0,28.0,308.0,937.0,937.0,177.0,2.902,106.1,0.0,469
OK,3355016R,Complete Strut,FCS,,181.0,0.0,21.0,160.0,413.0,413.0,92.0,1.508,106.1,0.0,253
OK,3333716R,Complete Strut,FCS,,138.0,58.0,9.0,129.0,369.0,369.0,74.0,1.213,106.3,0.0,182
OK,8346254RL,Complete Strut,FCS,,140.0,0.0,30.0,110.0,273.0,273.0,63.0,1.033,106.5,0.0,163
OK,332308,Strut,BARE,,7.0,0.0,0.0,7.0,40.0,40.0,4.0,0.066,106.8,0.0,33
OK,84632,Lift Support,CLIFT SUPPORT,,63.0,0.0,7.0,56.0,77.0,77.0,32.0,0.525,106.8,0.0,21
OK,2331839R,Complete Strut,FCS,,29.0,32.0,1.0,28.0,79.0,79.0,16.0,0.262,106.8,0.0,19
OK,2345849R,Complete Strut,FCS,,22.0,0.0,1.0,21.0,47.0,47.0,12.0,0.197,106.8,0.0,26
OK,333942L,Strut,BARE,,48.0,0.0,6.0,42.0,106.0,106.0,24.0,0.393,106.8,0.0,64
OK,8346718,Complete Strut,FCS,,31.0,0.0,3.0,28.0,85.0,85.0,16.0,0.262,106.8,0.0,57
OK,SC00047,Complete Strut,FCS,,26.0,0.0,5.0,21.0,51.0,51.0,12.0,0.197,106.8,0.0,30
OK,E89028L,Powered lift support,Power Lift,,28.0,0.0,0.0,28.0,2.0,2.0,16.0,0.262,106.8,99.1,0
OK,2333514R,Complete Strut,FCS,,210.0,1.0,40.0,170.0,496.0,496.0,97.0,1.59,106.9,0.0,325
OK,342541,Shock,BARE,,492.0,200.0,32.0,460.0,1316.0,1316.0,262.0,4.295,107.1,0.0,656
OK,347076,Shock,BARE,,105.0,168.0,26.0,79.0,298.0,298.0,45.0,0.738,107.1,0.0,51
OK,1332363R,Complete Strut,FCS,,341.0,41.0,51.0,290.0,666.0,666.0,165.0,2.705,107.2,0.0,335
OK,1335836R,Complete Strut,FCS,,210.0,0.0,48.0,162.0,313.0,313.0,92.0,1.508,107.4,0.0,151
OK,1332367L,Complete Strut,FCS,,357.0,10.0,38.0,319.0,802.0,802.0,181.0,2.967,107.5,0.0,473
OK,346992,Shock,BARE,,24.0,30.0,1.0,23.0,61.0,61.0,13.0,0.213,107.9,0.0,8
OK,2335895R,Complete Strut,FCS,,38.0,24.0,6.0,32.0,81.0,81.0,18.0,0.295,108.4,0.0,25
OK,1345963,Complete Strut,FCS,,118.0,108.0,6.0,112.0,288.0,288.0,63.0,1.033,108.4,0.0,68
OK,92021,Electronic Air Strut,Air Suspension,,16.0,0.0,0.0,16.0,31.0,31.0,9.0,0.148,108.4,0.0,15
OK,8346250,Complete Strut,FCS,,176.0,0.0,23.0,153.0,446.0,446.0,86.0,1.41,108.5,0.0,293
OK,1333818R,Complete Strut,FCS,,799.0,83.0,104.0,695.0,1495.0,1495.0,390.0,6.393,108.7,0.0,717
OK,1333749R,Complete Strut,FCS,,146.0,19.0,12.0,134.0,291.0,291.0,75.0,1.23,109.0,0.0,138
OK,1333704R,Complete Strut,FCS,,379.0,0.0,25.0,354.0,760.0,760.0,198.0,3.246,109.1,0.0,406
OK,3333320L,Complete Strut,FCS,,43.0,1.0,9.0,34.0,92.0,92.0,19.0,0.311,109.2,0.0,57
OK,8346370RL,Complete Strut,FCS,,60.0,0.0,17.0,43.0,170.0,170.0,24.0,0.393,109.3,0.0,127
OK,DT342891,Shock,BARE,,238.0,0.0,37.0,201.0,478.0,478.0,112.0,1.836,109.5,0.0,277
OK,2333313L,Complete Strut,FCS,,280.0,80.0,39.0,241.0,738.0,738.0,134.0,2.197,109.7,0.0,417
OK,331845R,Strut,BARE,,9.0,0.0,0.0,9.0,15.0,15.0,5.0,0.082,109.8,0.0,6
OK,1333523L,Complete Strut,FCS,,47.0,0.0,2.0,45.0,111.0,111.0,25.0,0.41,109.8,0.0,66
OK,3355037,Complete Strut,FCS,,21.0,0.0,3.0,18.0,52.0,52.0,10.0,0.164,109.8,0.0,34
OK,2334069R,Complete Strut,FCS,,83.0,0.0,11.0,72.0,175.0,175.0,40.0,0.656,109.8,0.0,103
OK,333461L,Strut,BARE,,9.0,48.0,0.0,9.0,29.0,29.0,5.0,0.082,109.8,0.0,0
OK,334148R,Strut,BARE,,12.0,50.0,3.0,9.0,54.0,54.0,5.0,0.082,109.8,0.0,0
OK,1331631R,Complete Strut,FCS,,357.0,0.0,67.0,290.0,776.0,776.0,161.0,2.639,109.9,0.0,486
OK,1334467L,Complete Strut,FCS,,50.0,0.0,3.0,47.0,110.0,110.0,26.0,0.426,110.3,0.0,63
OK,337238R,Strut,BARE,,40.0,12.0,2.0,38.0,34.0,34.0,21.0,0.344,110.4,11.6,0
OK,8346207,Complete Strut,FCS,,1451.0,432.0,158.0,1293.0,3579.0,3579.0,714.0,11.705,110.5,0.0,1854
OK,86330,Lift Support,CLIFT SUPPORT,,247.0,0.0,0.0,247.0,338.0,338.0,136.0,2.23,110.8,0.0,91
OK,1335584R,Complete Strut,FCS,,44.0,0.0,4.0,40.0,118.0,118.0,22.0,0.361,110.9,0.0,78
OK,86150,Lift Support,CLIFT SUPPORT,,70.0,0.0,10.0,60.0,103.0,103.0,33.0,0.541,110.9,0.0,43
OK,1333941L,Complete Strut,FCS,,143.0,80.0,3.0,140.0,356.0,356.0,77.0,1.262,110.9,0.0,136
OK,2333751L,Complete Strut,FCS,,92.0,0.0,10.0,82.0,152.0,152.0,45.0,0.738,111.2,0.0,70
OK,84278,Lift Support,CLIFT SUPPORT,,96.0,0.0,12.0,84.0,174.0,174.0,46.0,0.754,111.4,0.0,90
OK,1335576,Complete Strut,FCS,,1479.0,158.0,267.0,1212.0,2800.0,2800.0,661.0,10.836,111.8,0.0,1430
OK,342505,Shock,BARE,,33.0,0.0,0.0,33.0,27.0,27.0,18.0,0.295,111.8,20.3,0
OK,347396,Shock,BARE,,63.0,0.0,8.0,55.0,167.0,167.0,30.0,0.492,111.8,0.0,112
OK,2333969R,Complete Strut,FCS,,566.0,104.0,67.0,499.0,1247.0,1247.0,272.0,4.459,111.9,0.0,644
OK,1334403R,Complete Strut,FCS,,58.0,0.0,12.0,46.0,161.0,161.0,25.0,0.41,112.2,0.0,115
OK,F344355,Heavy Duty Shock Absorber,HBare,,37.0,0.0,0.0,37.0,59.0,59.0,20.0,0.328,112.9,0.0,22
OK,8348005,Complete Strut,FCS,,37.0,0.0,0.0,37.0,47.0,47.0,20.0,0.328,112.9,0.0,10
OK,1355088,Complete Strut,FCS,,297.0,0.0,41.0,256.0,627.0,627.0,138.0,2.262,113.2,0.0,371
OK,331679R,Strut,BARE,,15.0,24.0,2.0,13.0,38.0,38.0,7.0,0.115,113.3,0.0,1
OK,333445L,Strut,BARE,,26.0,0.0,0.0,26.0,58.0,58.0,14.0,0.23,113.3,0.0,32
OK,1332358L,Complete Strut,FCS,,99.0,10.0,8.0,91.0,155.0,155.0,49.0,0.803,113.3,0.0,54
OK,1335808R,Complete Strut,FCS,,103.0,0.0,8.0,95.0,195.0,195.0,51.0,0.836,113.6,0.0,100
OK,3335797L,Complete Strut,FCS,,90.0,68.0,6.0,84.0,245.0,245.0,45.0,0.738,113.9,0.0,93
OK,346965,Shock,BARE,,51.0,0.0,23.0,28.0,107.0,107.0,15.0,0.246,113.9,0.0,79
OK,1333718L,Complete Strut,FCS,,123.0,64.0,7.0,116.0,255.0,255.0,62.0,1.016,114.1,0.0,75
OK,1337162,Complete Strut,FCS,,68.0,0.0,10.0,58.0,118.0,118.0,31.0,0.508,114.1,0.0,60
OK,1345966,Complete Strut,FCS,,17.0,0.0,2.0,15.0,33.0,33.0,8.0,0.131,114.4,0.0,18
OK,1355160R,Complete Strut,FCS,,47.0,0.0,2.0,45.0,61.0,61.0,24.0,0.393,114.4,0.0,16
OK,1333508R,Complete Strut,FCS,,225.0,126.0,20.0,205.0,555.0,555.0,109.0,1.787,114.7,0.0,224
OK,2334051L,Complete Strut,FCS,,34.0,0.0,2.0,32.0,59.0,59.0,17.0,0.279,114.8,0.0,27
OK,342510,Shock,BARE,,121.0,60.0,8.0,113.0,264.0,264.0,60.0,0.984,114.9,0.0,91
OK,2334303R,Complete Strut,FCS,,124.0,0.0,11.0,113.0,192.0,192.0,60.0,0.984,114.9,0.0,79
OK,345474,Strut,BARE,,54.0,0.0,5.0,49.0,81.0,81.0,26.0,0.426,115.0,0.0,32
OK,1333320L,Complete Strut,FCS,,214.0,165.0,46.0,168.0,432.0,432.0,89.0,1.459,115.1,0.0,99
OK,1331633L,Complete Strut,FCS,,123.0,0.0,23.0,100.0,227.0,227.0,53.0,0.869,115.1,0.0,127
OK,84979,Lift Support,CLIFT SUPPORT,,34.0,0.0,0.0,34.0,59.0,59.0,18.0,0.295,115.2,0.0,25
OK,1332360R,Complete Strut,FCS,,533.0,88.0,85.0,448.0,1151.0,1151.0,237.0,3.885,115.3,0.0,615
OK,8346941,Complete Strut,FCS,,323.0,0.0,30.0,293.0,847.0,847.0,155.0,2.541,115.3,0.0,554
OK,346672,Shock,BARE,,38.0,56.0,2.0,36.0,131.0,131.0,19.0,0.311,115.6,0.0,39
OK,346107,Shock,BARE,,258.0,141.0,15.0,243.0,612.0,612.0,128.0,2.098,115.8,0.0,228
OK,1333745R,Complete Strut,FCS,,103.0,0.0,8.0,95.0,269.0,269.0,50.0,0.82,115.9,0.0,174
OK,341541,Shock,BARE,,66.0,24.0,7.0,59.0,132.0,132.0,31.0,0.508,116.1,0.0,49
OK,1345404L,Complete Strut,FCS,,318.0,226.0,40.0,278.0,651.0,651.0,146.0,2.393,116.2,0.0,147
OK,345439,Strut,BARE,,63.0,0.0,2.0,61.0,106.0,106.0,32.0,0.525,116.3,0.0,45
OK,1334057R,Complete Strut,FCS,,397.0,66.0,42.0,355.0,667.0,667.0,186.0,3.049,116.4,0.0,246
OK,84398,Lift Support,CLIFT SUPPORT,,24.0,0.0,3.0,21.0,65.0,65.0,11.0,0.18,116.5,0.0,44
OK,2335957,Complete Strut,FCS,,486.0,0.0,16.0,470.0,788.0,788.0,246.0,4.033,116.5,0.0,318
OK,86558,Lift Support,CLIFT SUPPORT,,102.0,0.0,12.0,90.0,215.0,215.0,47.0,0.77,116.8,0.0,125
OK,4331622R,Complete Strut,FCS,,196.0,80.0,12.0,184.0,370.0,370.0,96.0,1.574,116.9,0.0,106
OK,F347225,Heavy Duty Shock Absorber,HBare,,31.0,24.0,8.0,23.0,51.0,51.0,12.0,0.197,116.9,0.0,4
OK,84955L,Lift Support,CLIFT SUPPORT,,26.0,0.0,1.0,25.0,39.0,39.0,13.0,0.213,117.3,0.0,14
OK,8346709,Complete Strut,FCS,,135.0,89.0,35.0,100.0,314.0,314.0,52.0,0.852,117.3,0.0,125
OK,346373,Shock,BARE,,31.0,0.0,4.0,27.0,76.0,76.0,14.0,0.23,117.6,0.0,49
OK,F347262,Heavy Duty Shock Absorber,HBare,,64.0,100.0,6.0,58.0,103.0,103.0,30.0,0.492,117.9,0.0,0
OK,2333823L,Complete Strut,FCS,,33.0,0.0,4.0,29.0,71.0,71.0,15.0,0.246,117.9,0.0,42
OK,1333867L,Complete Strut,FCS,,179.0,0.0,34.0,145.0,293.0,293.0,75.0,1.23,117.9,0.0,148
OK,334488L,Strut,BARE,,29.0,0.0,0.0,29.0,23.0,23.0,15.0,0.246,117.9,24.4,0
OK,1333749L,Complete Strut,FCS,,136.0,0.0,10.0,126.0,310.0,310.0,65.0,1.066,118.2,0.0,184
OK,8341388,Complete Strut,FCS,,111.0,0.0,14.0,97.0,244.0,244.0,50.0,0.82,118.3,0.0,147
OK,1345815,Complete Strut,FCS,,450.0,239.0,21.0,429.0,1034.0,1034.0,221.0,3.623,118.4,0.0,366
OK,2331622R,Complete Strut,FCS,,435.0,240.0,68.0,367.0,1154.0,1154.0,189.0,3.098,118.4,0.0,547
OK,337073,Strut,BARE,,35.0,0.0,2.0,33.0,111.0,111.0,17.0,0.279,118.4,0.0,78
OK,346102,Shock,BARE,,444.0,120.0,22.0,422.0,1060.0,1060.0,217.0,3.557,118.6,0.0,518
OK,3345566L,Complete Strut,FCS,,157.0,0.0,17.0,140.0,362.0,362.0,72.0,1.18,118.6,0.0,222
OK,1334106R,Complete Strut,FCS,,36.0,27.0,1.0,35.0,74.0,74.0,18.0,0.295,118.6,0.0,12
OK,1332323L,Complete Strut,FCS,,227.0,80.0,11.0,216.0,560.0,560.0,111.0,1.82,118.7,0.0,264
OK,2333524L,Complete Strut,FCS,,38.0,0.0,1.0,37.0,65.0,65.0,19.0,0.311,118.8,0.0,28
OK,80015L,Lift Support,CLIFT SUPPORT,,43.0,0.0,4.0,39.0,57.0,57.0,20.0,0.328,119.0,0.0,18
OK,355179,Strut,BARE,,41.0,0.0,0.0,41.0,66.0,66.0,21.0,0.344,119.1,0.0,25
OK,86471,Lift Support,CLIFT SUPPORT,,49.0,0.0,6.0,43.0,88.0,88.0,22.0,0.361,119.2,0.0,45
OK,333422L,Strut,BARE,,43.0,41.0,0.0,43.0,108.0,108.0,22.0,0.361,119.2,0.0,24
OK,1336321,Complete Strut,FCS,,96.0,0.0,8.0,88.0,189.0,189.0,45.0,0.738,119.3,0.0,101
OK,1333923R,Complete Strut,FCS,,66.0,0.0,17.0,49.0,141.0,141.0,25.0,0.41,119.6,0.0,92
OK,7335576,Complete Strut,FCS,,138.0,0.0,8.0,130.0,224.0,224.0,66.0,1.082,120.2,0.0,94
OK,1331674R,Complete Strut,FCS,,228.0,113.0,5.0,223.0,478.0,478.0,113.0,1.852,120.4,0.0,142
OK,3333716L,Complete Strut,FCS,,161.0,37.0,5.0,156.0,365.0,365.0,79.0,1.295,120.5,0.0,172
OK,2337127L,Complete Strut,FCS,,520.0,416.0,35.0,485.0,1153.0,1153.0,245.0,4.016,120.8,0.0,252
OK,1333564R,Complete Strut,FCS,,648.0,166.0,118.0,530.0,1511.0,1511.0,267.0,4.377,121.1,0.0,815
OK,342507,Shock,BARE,,376.0,210.0,38.0,338.0,883.0,883.0,170.0,2.787,121.3,0.0,335
OK,1335897R,Complete Strut,FCS,,416.0,391.0,49.0,367.0,1035.0,1035.0,184.0,3.016,121.7,0.0,277
OK,1331761L,Complete Strut,FCS,,10.0,24.0,0.0,10.0,22.0,22.0,5.0,0.082,122.0,0.0,0
OK,1331786L,Complete Strut,FCS,,46.0,48.0,4.0,42.0,113.0,113.0,21.0,0.344,122.0,0.0,23
OK,1345764R,Complete Strut,FCS,,4.0,24.0,0.0,4.0,27.0,27.0,2.0,0.033,122.0,0.0,0
OK,2333438L,Complete Strut,FCS,,9.0,0.0,5.0,4.0,17.0,17.0,2.0,0.033,122.0,0.0,13
OK,2345559,Complete Strut,FCS,,28.0,0.0,6.0,22.0,69.0,69.0,11.0,0.18,122.0,0.0,47
OK,331578L,Strut,BARE,,4.0,48.0,0.0,4.0,20.0,20.0,2.0,0.033,122.0,0.0,0
OK,331602R,Strut,BARE,,19.0,44.0,1.0,18.0,39.0,39.0,9.0,0.148,122.0,0.0,0
OK,331711L,Strut,BARE,,16.0,0.0,2.0,14.0,28.0,28.0,7.0,0.115,122.0,0.0,14
OK,345397,Strut,BARE,,10.0,0.0,0.0,10.0,22.0,22.0,5.0,0.082,122.0,0.0,12
OK,84456,Lift Support,CLIFT SUPPORT,,40.0,0.0,0.0,40.0,23.0,23.0,20.0,0.328,122.0,51.9,0
OK,84988,Lift Support,CLIFT SUPPORT,,16.0,0.0,0.0,16.0,15.0,15.0,8.0,0.131,122.0,7.6,0
OK,333702R,Strut,BARE,,8.0,20.0,0.0,8.0,33.0,33.0,4.0,0.066,122.0,0.0,5
OK,333742L,Strut,BARE,,16.0,25.0,0.0,16.0,60.0,60.0,8.0,0.131,122.0,0.0,19
OK,86839,LIFT SUPPORT,CLIFT SUPPORT,,8.0,0.0,0.0,8.0,25.0,25.0,4.0,0.066,122.0,0.0,17
OK,3345566R,Complete Strut,FCS,,156.0,23.0,20.0,136.0,358.0,358.0,68.0,1.115,122.0,0.0,199
OK,345953,Strut,BARE,,18.0,0.0,0.0,18.0,52.0,52.0,9.0,0.148,122.0,0.0,34
OK,DT355037,Strut,BARE,,10.0,0.0,0.0,10.0,25.0,25.0,5.0,0.082,122.0,0.0,15
OK,333866R,Strut,BARE,,6.0,34.0,0.0,6.0,37.0,37.0,3.0,0.049,122.0,0.0,0
OK,333866L,Strut,BARE,,6.0,35.0,0.0,6.0,27.0,27.0,3.0,0.049,122.0,0.0,0
OK,1335808L,Complete Strut,FCS,,102.0,0.0,18.0,84.0,190.0,190.0,42.0,0.689,122.0,0.0,106
OK,8341532,Complete Strut,FCS,,84.0,0.0,6.0,78.0,151.0,151.0,39.0,0.639,122.0,0.0,73
OK,93017,Air Strut,Air Suspension,,19.0,5.0,5.0,14.0,25.0,25.0,7.0,0.115,122.0,0.0,6
OK,SC00019,Complete Strut,FCS,,15.0,0.0,1.0,14.0,24.0,24.0,7.0,0.115,122.0,0.0,10
OK,8346781,Complete Strut,FCS,,8.0,0.0,2.0,6.0,14.0,14.0,3.0,0.049,122.0,0.0,8
OK,334483L,Strut,BARE,,66.0,0.0,34.0,32.0,57.0,57.0,16.0,0.262,122.0,0.0,25
OK,E89081R,Powered lift support,Power Lift,,6.0,0.0,2.0,4.0,8.0,8.0,2.0,0.033,122.0,0.0,4
OK,2345721R,Complete Strut,FCS,,458.0,0.0,51.0,407.0,1134.0,1134.0,203.0,3.328,122.3,0.0,727
OK,347371,Shock,BARE,,934.0,34.0,66.0,868.0,2320.0,2320.0,433.0,7.098,122.3,0.0,1418
OK,1345959,Complete Strut,FCS,,255.0,101.0,12.0,243.0,614.0,614.0,121.0,1.984,122.5,0.0,270
OK,341635,Shock,BARE,,150.0,10.0,19.0,131.0,375.0,375.0,65.0,1.066,122.9,0.0,234
OK,86762,Lift Support,CLIFT SUPPORT,,95.0,0.0,8.0,87.0,168.0,168.0,43.0,0.705,123.4,0.0,81
OK,86660,Lift Support,CLIFT SUPPORT,,85.0,0.0,0.0,85.0,83.0,83.0,42.0,0.689,123.5,2.9,0
OK,1333837R,Complete Strut,FCS,,84.0,0.0,7.0,77.0,166.0,166.0,38.0,0.623,123.6,0.0,89
OK,1331629L,Complete Strut,FCS,,311.0,115.0,37.0,274.0,617.0,617.0,135.0,2.213,123.8,0.0,228
OK,1331626L,Complete Strut,FCS,,203.0,53.0,18.0,185.0,405.0,405.0,91.0,1.492,124.0,0.0,167
OK,84522,Lift Support,CLIFT SUPPORT,,57.0,0.0,2.0,55.0,64.0,64.0,27.0,0.443,124.3,0.0,9
OK,342779,Shock,BARE,,1962.0,2240.0,113.0,1849.0,4842.0,4842.0,907.0,14.869,124.4,0.0,753
OK,84321,Lift Support,CLIFT SUPPORT,,53.0,0.0,4.0,49.0,75.0,75.0,24.0,0.393,124.5,0.0,26
OK,1334012L,Complete Strut,FCS,,53.0,0.0,4.0,49.0,137.0,137.0,24.0,0.393,124.5,0.0,88
OK,2334053L,Complete Strut,FCS,,51.0,0.0,2.0,49.0,68.0,68.0,24.0,0.393,124.5,0.0,19
OK,1333923L,Complete Strut,FCS,,57.0,0.0,10.0,47.0,126.0,126.0,23.0,0.377,124.7,0.0,79
OK,F347346,Heavy Duty Shock Absorber,HBare,,96.0,87.0,2.0,94.0,207.0,207.0,46.0,0.754,124.7,0.0,26
OK,341645,Shock,BARE,,239.0,0.0,16.0,223.0,506.0,506.0,109.0,1.787,124.8,0.0,283
OK,84104,Lift Support,CLIFT SUPPORT,,45.0,0.0,0.0,45.0,78.0,78.0,22.0,0.361,124.8,0.0,33
OK,341633,Shock,BARE,,47.0,0.0,2.0,45.0,78.0,78.0,22.0,0.361,124.8,0.0,33
OK,1355016L,Complete Strut,FCS,,274.0,47.0,49.0,225.0,455.0,455.0,110.0,1.803,124.8,0.0,183
OK,1331762R,Complete Strut,FCS,,59.0,0.0,16.0,43.0,178.0,178.0,21.0,0.344,124.9,0.0,135
OK,2335795L,Complete Strut,FCS,,197.0,0.0,29.0,168.0,364.0,364.0,82.0,1.344,125.0,0.0,196
OK,331820,Strut,BARE,,205.0,96.0,6.0,199.0,428.0,428.0,97.0,1.59,125.1,0.0,133
OK,DT346331,Shock,BARE,,587.0,160.0,23.0,564.0,1439.0,1439.0,275.0,4.508,125.1,0.0,715
OK,336343,Strut,BARE,,76.0,18.0,2.0,74.0,118.0,118.0,36.0,0.59,125.4,0.0,26
OK,345845,Strut,BARE,,47.0,40.0,10.0,37.0,110.0,110.0,18.0,0.295,125.4,0.0,33
OK,1333941R,Complete Strut,FCS,,175.0,0.0,2.0,173.0,341.0,341.0,84.0,1.377,125.6,0.0,168
OK,1333322R,Complete Strut,FCS,,37.0,5.0,4.0,33.0,54.0,54.0,16.0,0.262,125.8,0.0,16
OK,346242,Shock,BARE,,276.0,0.0,12.0,264.0,573.0,573.0,128.0,2.098,125.8,0.0,309
OK,1355103,Complete Strut,FCS,,289.0,0.0,62.0,227.0,499.0,499.0,110.0,1.803,125.9,0.0,272
OK,1333489R,Complete Strut,FCS,,140.0,0.0,14.0,126.0,338.0,338.0,61.0,1.0,126.0,0.0,212
OK,8346337,Complete Strut,FCS,,100.0,0.0,5.0,95.0,210.0,210.0,46.0,0.754,126.0,0.0,115
OK,86323,Lift Support,CLIFT SUPPORT,,37.0,0.0,6.0,31.0,80.0,80.0,15.0,0.246,126.1,0.0,49
OK,1333717L,Complete Strut,FCS,,72.0,164.0,10.0,62.0,235.0,235.0,30.0,0.492,126.1,0.0,9
OK,333530,Strut,BARE,,31.0,0.0,2.0,29.0,26.0,26.0,14.0,0.23,126.4,13.1,0
OK,1331626R,Complete Strut,FCS,,227.0,11.0,13.0,214.0,364.0,364.0,103.0,1.689,126.7,0.0,139
OK,1331767R,Complete Strut,FCS,,28.0,0.0,1.0,27.0,42.0,42.0,13.0,0.213,126.7,0.0,15
OK,1333867R,Complete Strut,FCS,,178.0,0.0,43.0,135.0,308.0,308.0,65.0,1.066,126.7,0.0,173
OK,1346427R,Complete Strut,FCS,,29.0,0.0,2.0,27.0,56.0,56.0,13.0,0.213,126.7,0.0,29
OK,84860,Lift Support,CLIFT SUPPORT,,60.0,0.0,8.0,52.0,176.0,176.0,25.0,0.41,126.9,0.0,124
OK,1337233L,Complete Strut,FCS,,136.0,55.0,7.0,129.0,205.0,205.0,62.0,1.016,126.9,0.0,21
OK,1331774R,Complete Strut,FCS,,56.0,18.0,6.0,50.0,86.0,86.0,24.0,0.393,127.1,0.0,18
OK,1335655,Complete Strut,FCS,,83.0,56.0,8.0,75.0,181.0,181.0,36.0,0.59,127.1,0.0,50
OK,342464,Shock,BARE,,590.0,140.0,81.0,509.0,1254.0,1254.0,244.0,4.0,127.2,0.0,605
OK,341613,Shock,BARE,,290.0,0.0,2.0,288.0,634.0,634.0,138.0,2.262,127.3,0.0,346
OK,1334124R,Complete Strut,FCS,,50.0,0.0,2.0,48.0,91.0,91.0,23.0,0.377,127.3,0.0,43
OK,337123,Strut,BARE,,23.0,44.0,0.0,23.0,87.0,87.0,11.0,0.18,127.5,0.0,20
OK,80048,Lift Support,CLIFT SUPPORT,,23.0,0.0,0.0,23.0,20.0,20.0,11.0,0.18,127.5,16.6,0
OK,84191,Lift Support,CLIFT SUPPORT,,44.0,0.0,2.0,42.0,55.0,55.0,20.0,0.328,128.1,0.0,13
OK,2333745R,Complete Strut,FCS,,28.0,0.0,7.0,21.0,41.0,41.0,10.0,0.164,128.1,0.0,20
OK,1334113L,Complete Strut,FCS,,92.0,0.0,8.0,84.0,171.0,171.0,40.0,0.656,128.1,0.0,87
OK,SC00018,Complete Strut,FCS,,227.0,0.0,25.0,202.0,447.0,447.0,96.0,1.574,128.4,0.0,245
OK,1345882R,Complete Strut,FCS,,216.0,1.0,18.0,198.0,526.0,526.0,94.0,1.541,128.5,0.0,327
OK,1333548R,Complete Strut,FCS,,82.0,1.0,4.0,78.0,146.0,146.0,37.0,0.607,128.6,0.0,67
OK,1334089R,Complete Strut,FCS,,186.0,86.0,36.0,150.0,366.0,366.0,71.0,1.164,128.9,0.0,130
OK,1337098L,Complete Strut,FCS,,84.0,0.0,10.0,74.0,173.0,173.0,35.0,0.574,129.0,0.0,99
OK,2333491L,Complete Strut,FCS,,173.0,0.0,10.0,163.0,334.0,334.0,77.0,1.262,129.1,0.0,171
OK,341592,Shock,BARE,,125.0,0.0,0.0,125.0,238.0,238.0,59.0,0.967,129.2,0.0,113
OK,84124,Lift Support,CLIFT SUPPORT,,40.0,0.0,4.0,36.0,47.0,47.0,17.0,0.279,129.2,0.0,11
OK,1332308,Complete Strut,FCS,,58.0,0.0,5.0,53.0,147.0,147.0,25.0,0.41,129.3,0.0,94
OK,1336320R,Complete Strut,FCS,,53.0,33.0,0.0,53.0,125.0,125.0,25.0,0.41,129.3,0.0,39
OK,1334466L,Complete Strut,FCS,,212.0,225.0,34.0,178.0,404.0,404.0,84.0,1.377,129.3,0.0,1
OK,1333492R,Complete Strut,FCS,,947.0,85.0,113.0,834.0,1427.0,1427.0,393.0,6.443,129.5,0.0,508
OK,1336341R,Complete Strut,FCS,,109.0,30.0,7.0,102.0,213.0,213.0,48.0,0.787,129.6,0.0,81
OK,80054,Lift Support,CLIFT SUPPORT,,34.0,0.0,0.0,34.0,31.0,31.0,16.0,0.262,129.6,11.4,0
OK,341580,Shock,BARE,,1031.0,584.0,85.0,946.0,2155.0,2155.0,445.0,7.295,129.7,0.0,625
OK,2345826R,Complete Strut,FCS,,85.0,32.0,2.0,83.0,183.0,183.0,39.0,0.639,129.8,0.0,68
OK,1333715R,Complete Strut,FCS,,241.0,80.0,11.0,230.0,433.0,433.0,108.0,1.77,129.9,0.0,123
OK,2333818L,Complete Strut,FCS,,137.0,0.0,7.0,130.0,258.0,258.0,61.0,1.0,130.0,0.0,128
OK,1333719L,Complete Strut,FCS,,663.0,320.0,52.0,611.0,1545.0,1545.0,286.0,4.689,130.3,0.0,614
OK,86808,LIFT SUPPORT,CLIFT SUPPORT,,87.0,0.0,10.0,77.0,160.0,160.0,36.0,0.59,130.5,0.0,83
OK,3333415R,Complete Strut,FCS,,51.0,72.0,6.0,45.0,141.0,141.0,21.0,0.344,130.7,0.0,24
OK,HS006,Susp. Ride Sensor,Air Suspension,,15.0,0.0,0.0,15.0,16.0,16.0,7.0,0.115,130.7,0.0,1
OK,8341964,Complete Strut,FCS,,38.0,0.0,8.0,30.0,45.0,45.0,14.0,0.23,130.7,0.0,15
OK,346720,Shock,BARE,,75.0,50.0,2.0,73.0,252.0,252.0,34.0,0.557,131.0,0.0,129
OK,4331622L,Complete Strut,FCS,,209.0,0.0,9.0,200.0,397.0,397.0,93.0,1.525,131.2,0.0,197
OK,2331604R,Complete Strut,FCS,,64.0,4.0,8.0,56.0,146.0,146.0,26.0,0.426,131.4,0.0,86
OK,1335562L,Complete Strut,FCS,,64.0,0.0,8.0,56.0,108.0,108.0,26.0,0.426,131.4,0.0,52
OK,1335991,Complete Strut,FCS,,493.0,164.0,27.0,466.0,1187.0,1187.0,216.0,3.541,131.6,0.0,557
OK,8346443,Complete Strut,FCS,,364.0,104.0,23.0,341.0,696.0,696.0,158.0,2.59,131.7,0.0,251
OK,1333432L,Complete Strut,FCS,,447.0,249.0,36.0,411.0,693.0,693.0,190.0,3.115,132.0,0.0,33
OK,342546,Shock,BARE,,679.0,1590.0,34.0,645.0,1207.0,1207.0,298.0,4.885,132.0,0.0,0
OK,331711R,Strut,BARE,,15.0,0.0,2.0,13.0,28.0,28.0,6.0,0.098,132.2,0.0,15
OK,84543,Lift Support,CLIFT SUPPORT,,15.0,0.0,2.0,13.0,44.0,44.0,6.0,0.098,132.2,0.0,31
OK,1331757L,Complete Strut,FCS,,13.0,0.0,0.0,13.0,20.0,20.0,6.0,0.098,132.2,0.0,7
OK,4333957R,Complete Strut,FCS,,66.0,0.0,3.0,63.0,111.0,111.0,29.0,0.475,132.5,0.0,48
OK,3333296L,Complete Strut,FCS,,162.0,0.0,12.0,150.0,350.0,350.0,69.0,1.131,132.6,0.0,200
OK,1333839,Complete Strut,FCS,,478.0,83.0,39.0,439.0,980.0,980.0,202.0,3.311,132.6,0.0,458
OK,341557,Shock,BARE,,43.0,0.0,6.0,37.0,66.0,66.0,17.0,0.279,132.8,0.0,29
OK,2333320R,Complete Strut,FCS,,108.0,0.0,23.0,85.0,179.0,179.0,39.0,0.639,132.9,0.0,94
OK,1333751R,Complete Strut,FCS,,69.0,0.0,8.0,61.0,133.0,133.0,28.0,0.459,132.9,0.0,72
OK,333967R,Strut,BARE,,26.0,0.0,2.0,24.0,36.0,36.0,11.0,0.18,133.1,0.0,12
OK,334125L,Strut,BARE,,29.0,0.0,5.0,24.0,29.0,29.0,11.0,0.18,133.1,0.0,5
OK,346967,Shock,BARE,,25.0,42.0,1.0,24.0,36.0,36.0,11.0,0.18,133.1,0.0,0
OK,344312,Shock,BARE,,472.0,160.0,55.0,417.0,1098.0,1098.0,191.0,3.131,133.2,0.0,521
OK,2336311R,Complete Strut,FCS,,198.0,160.0,32.0,166.0,562.0,562.0,76.0,1.246,133.2,0.0,236
OK,1335682L,Complete Strut,FCS,,143.0,34.0,14.0,129.0,242.0,242.0,59.0,0.967,133.4,0.0,79
OK,1333564L,Complete Strut,FCS,,650.0,0.0,99.0,551.0,1463.0,1463.0,252.0,4.131,133.4,0.0,912
OK,1333372R,Complete Strut,FCS,,86.0,80.0,9.0,77.0,187.0,187.0,35.0,0.574,134.2,0.0,30
OK,2334058R,Complete Strut,FCS,,192.0,0.0,27.0,165.0,0.0,0.0,75.0,1.23,134.2,90.2,0
OK,8346214,Complete Strut,FCS,,394.0,8.0,35.0,359.0,757.0,757.0,163.0,2.672,134.3,0.0,390
OK,86847,LIFT SUPPORT,CLIFT SUPPORT,,130.0,0.0,0.0,130.0,175.0,175.0,59.0,0.967,134.4,0.0,45
OK,2355016R,Complete Strut,FCS,,72.0,0.0,8.0,64.0,187.0,187.0,29.0,0.475,134.6,0.0,123
OK,1335947R,Complete Strut,FCS,,54.0,0.0,1.0,53.0,70.0,70.0,24.0,0.393,134.7,0.0,17
OK,8348012,Complete Strut,FCS,,42.0,0.0,0.0,42.0,52.0,52.0,19.0,0.311,134.8,0.0,10
OK,80015R,lift support,CLIFT SUPPORT,,43.0,0.0,1.0,42.0,0.0,0.0,19.0,0.311,134.8,90.8,0
OK,1333376L,Complete Strut,FCS,,309.0,0.0,37.0,272.0,684.0,684.0,123.0,2.016,134.9,0.0,412
OK,345496,Strut,BARE,,33.0,0.0,2.0,31.0,51.0,51.0,14.0,0.23,135.1,0.0,20
OK,84777,Lift Support,CLIFT SUPPORT,,35.0,0.0,4.0,31.0,32.0,32.0,14.0,0.23,135.1,0.0,1
OK,87052,LIFT SUPPORT,CLIFT SUPPORT,,31.0,0.0,0.0,31.0,33.0,33.0,14.0,0.23,135.1,0.0,2
OK,346751,Shock,BARE,,36.0,0.0,5.0,31.0,40.0,40.0,14.0,0.23,135.1,0.0,9
OK,DT346369,Shock,BARE,,55.0,0.0,4.0,51.0,107.0,107.0,23.0,0.377,135.3,0.0,56
OK,346424,Shock,BARE,,115.0,0.0,4.0,111.0,238.0,238.0,50.0,0.82,135.4,0.0,127
OK,8343359,Complete Strut,FCS,,169.0,0.0,7.0,162.0,414.0,414.0,73.0,1.197,135.4,0.0,252
OK,86260,Lift Support,CLIFT SUPPORT,,207.0,0.0,18.0,189.0,262.0,262.0,85.0,1.393,135.6,0.0,73
OK,341963,Shock,BARE,,20.0,0.0,0.0,20.0,21.0,21.0,9.0,0.148,135.6,0.0,1
OK,1333942R,Complete Strut,FCS,,85.0,0.0,7.0,78.0,174.0,174.0,35.0,0.574,135.9,0.0,96
OK,1335797R,Complete Strut,FCS,,163.0,227.0,27.0,136.0,380.0,380.0,61.0,1.0,136.0,0.0,17
OK,2331629L,Complete Strut,FCS,,235.0,0.0,14.0,221.0,568.0,568.0,99.0,1.623,136.2,0.0,347
OK,1355170,Complete Strut,FCS,,145.0,0.0,11.0,134.0,101.0,101.0,60.0,0.984,136.2,33.5,0
OK,DT346377,Shock,BARE,,38.0,20.0,0.0,38.0,50.0,50.0,17.0,0.279,136.4,0.0,0
OK,337127R,Strut,BARE,,118.0,0.0,24.0,94.0,186.0,186.0,42.0,0.689,136.5,0.0,92
OK,1333464R,Complete Strut,FCS,,68.0,32.0,3.0,65.0,125.0,125.0,29.0,0.475,136.7,0.0,28
OK,1333842L,Complete Strut,FCS,,105.0,24.0,4.0,101.0,197.0,197.0,45.0,0.738,136.9,0.0,72
OK,1333376R,Complete Strut,FCS,,320.0,0.0,30.0,290.0,697.0,697.0,129.0,2.115,137.1,0.0,407
OK,2345766,Complete Strut,FCS,,130.0,65.0,13.0,117.0,369.0,369.0,52.0,0.852,137.2,0.0,187
OK,331081L,Strut,BARE,,9.0,48.0,0.0,9.0,15.0,15.0,4.0,0.066,137.2,0.0,0
OK,331761R,Strut,BARE,,18.0,44.0,0.0,18.0,33.0,33.0,8.0,0.131,137.2,0.0,0
OK,333523L,Strut,BARE,,10.0,0.0,1.0,9.0,16.0,16.0,4.0,0.066,137.2,0.0,7
OK,345469,Strut,BARE,,63.0,0.0,0.0,63.0,93.0,93.0,28.0,0.459,137.2,0.0,30
OK,346206,Shock,BARE,,78.0,60.0,6.0,72.0,184.0,184.0,32.0,0.525,137.2,0.0,52
OK,86206R,LIFT SUPPORT,CLIFT SUPPORT,,22.0,0.0,4.0,18.0,35.0,35.0,8.0,0.131,137.2,0.0,17
OK,F344349,Heavy Duty Shock Absorber,HBare,,26.0,50.0,8.0,18.0,80.0,80.0,8.0,0.131,137.2,0.0,12
OK,8346415,Complete Strut,FCS,,38.0,0.0,2.0,36.0,77.0,77.0,16.0,0.262,137.2,0.0,41
OK,341551,Shock,BARE,,222.0,46.0,17.0,205.0,381.0,381.0,91.0,1.492,137.4,0.0,130
OK,84134,Lift Support,CLIFT SUPPORT,,72.0,0.0,2.0,70.0,125.0,125.0,31.0,0.508,137.7,0.0,55
OK,1333719R,Complete Strut,FCS,,690.0,321.0,74.0,616.0,1625.0,1625.0,272.0,4.459,138.1,0.0,688
OK,3345682,Complete Strut,FCS,,140.0,0.0,4.0,136.0,282.0,282.0,60.0,0.984,138.3,0.0,146
OK,8346114,Complete Strut,FCS,,115.0,0.0,13.0,102.0,198.0,198.0,45.0,0.738,138.3,0.0,96
OK,1334089L,Complete Strut,FCS,,156.0,27.0,22.0,134.0,376.0,376.0,59.0,0.967,138.5,0.0,215
OK,86241,Lift Support,CLIFT SUPPORT,,27.0,0.0,2.0,25.0,19.0,19.0,11.0,0.18,138.6,33.3,0
OK,2333751R,Complete Strut,FCS,,111.0,0.0,11.0,100.0,168.0,168.0,44.0,0.721,138.6,0.0,68
OK,341594,Shock,BARE,,333.0,134.0,26.0,307.0,637.0,637.0,135.0,2.213,138.7,0.0,196
OK,1333583R,Complete Strut,FCS,,203.0,88.0,21.0,182.0,416.0,416.0,80.0,1.311,138.8,0.0,146
OK,99056,Shock Assy,Air Suspension,,96.0,0.0,5.0,91.0,154.0,154.0,40.0,0.656,138.8,0.0,63
OK,84120,Lift Support,CLIFT SUPPORT,,82.0,0.0,0.0,82.0,92.0,92.0,36.0,0.59,138.9,0.0,10
OK,346084,Shock,BARE,,116.0,99.0,9.0,107.0,337.0,337.0,47.0,0.77,138.9,0.0,131
OK,8346626,Complete Strut,FCS,,114.0,9.0,7.0,107.0,230.0,230.0,47.0,0.77,138.9,0.0,114
OK,3335797R,Complete Strut,FCS,,123.0,89.0,9.0,114.0,245.0,245.0,50.0,0.82,139.1,0.0,42
OK,1334148L,Complete Strut,FCS,,124.0,0.0,10.0,114.0,220.0,220.0,50.0,0.82,139.1,0.0,106
OK,1331674L,Complete Strut,FCS,,242.0,114.0,9.0,233.0,516.0,516.0,102.0,1.672,139.3,0.0,169
OK,333494R,Strut,BARE,,17.0,44.0,1.0,16.0,56.0,56.0,7.0,0.115,139.4,0.0,0
OK,2334051R,Complete Strut,FCS,,50.0,0.0,2.0,48.0,56.0,56.0,21.0,0.344,139.4,0.0,8
OK,2345561,Complete Strut,FCS,,262.0,78.0,24.0,238.0,545.0,545.0,104.0,1.705,139.6,0.0,229
OK,8346093,Complete Strut,FCS,,218.0,0.0,28.0,190.0,431.0,431.0,83.0,1.361,139.6,0.0,241
OK,1333395L,Complete Strut,FCS,,210.0,104.0,13.0,197.0,458.0,458.0,86.0,1.41,139.7,0.0,157
OK,346066,Shock,BARE,,372.0,420.0,30.0,342.0,934.0,934.0,149.0,2.443,140.0,0.0,172
OK,2333320L,Complete Strut,FCS,,105.0,0.0,20.0,85.0,193.0,193.0,37.0,0.607,140.1,0.0,108
OK,331615L,Strut,BARE,,23.0,0.0,0.0,23.0,28.0,28.0,10.0,0.164,140.3,0.0,5
OK,84404,Lift Support,CLIFT SUPPORT,,23.0,0.0,0.0,23.0,25.0,25.0,10.0,0.164,140.3,0.0,2
OK,337228R,Strut,BARE,,24.0,0.0,1.0,23.0,52.0,52.0,10.0,0.164,140.3,0.0,29
OK,1331631L,Complete Strut,FCS,,416.0,0.0,45.0,371.0,768.0,768.0,161.0,2.639,140.6,0.0,397
OK,345963,Strut,BARE,,145.0,0.0,2.0,143.0,63.0,63.0,62.0,1.016,140.7,78.7,0
OK,2333453R,Complete Strut,FCS,,36.0,16.0,6.0,30.0,57.0,57.0,13.0,0.213,140.8,0.0,11
OK,86775,LIFT SUPPORT,CLIFT SUPPORT,,30.0,0.0,0.0,30.0,41.0,41.0,13.0,0.213,140.8,0.0,11
OK,1333509L,Complete Strut,FCS,,339.0,160.0,25.0,314.0,768.0,768.0,136.0,2.23,140.8,0.0,294
OK,DT347386,Shock,BARE,,94.0,38.0,4.0,90.0,186.0,186.0,39.0,0.639,140.8,0.0,58
OK,1334142L,Complete Strut,FCS,,76.0,84.0,9.0,67.0,166.0,166.0,29.0,0.475,140.9,0.0,15
OK,1345905L,Complete Strut,FCS,,55.0,0.0,4.0,51.0,88.0,88.0,22.0,0.361,141.4,0.0,37
OK,1333751L,Complete Strut,FCS,,66.0,6.0,8.0,58.0,136.0,136.0,25.0,0.41,141.5,0.0,72
OK,84603,Lift Support,CLIFT SUPPORT,,142.0,0.0,5.0,137.0,252.0,252.0,59.0,0.967,141.6,0.0,115
OK,1345566L,Complete Strut,FCS,,287.0,7.0,22.0,265.0,471.0,471.0,114.0,1.869,141.8,0.0,199
OK,342791,Shock,BARE,,904.0,0.0,74.0,830.0,2097.0,2097.0,357.0,5.852,141.8,0.0,1267
OK,1345939,Complete Strut,FCS,,116.0,11.0,2.0,114.0,176.0,176.0,49.0,0.803,141.9,0.0,51
OK,1332360L,Complete Strut,FCS,,643.0,175.0,91.0,552.0,1154.0,1154.0,237.0,3.885,142.1,0.0,427
OK,331747R,Strut,BARE,,7.0,0.0,0.0,7.0,12.0,12.0,3.0,0.049,142.3,0.0,5
OK,333507R,Strut,BARE,,28.0,0.0,0.0,28.0,25.0,25.0,12.0,0.197,142.3,15.2,0
OK,84117,Lift Support,CLIFT SUPPORT,,14.0,0.0,0.0,14.0,27.0,27.0,6.0,0.098,142.3,0.0,13
OK,84542,Lift Support,CLIFT SUPPORT,,28.0,0.0,0.0,28.0,28.0,28.0,12.0,0.197,142.3,0.0,0
OK,1345820R,Complete Strut,FCS,,136.0,0.0,10.0,126.0,215.0,215.0,54.0,0.885,142.3,0.0,89
OK,333377L,Strut,BARE,,49.0,40.0,0.0,49.0,57.0,57.0,21.0,0.344,142.3,0.0,0
OK,99047,Electronic Air Strut,Air Suspension,,9.0,0.0,2.0,7.0,13.0,13.0,3.0,0.049,142.3,0.0,6
OK,1333817R,Complete Strut,FCS,,16.0,0.0,2.0,14.0,14.0,14.0,6.0,0.098,142.3,0.0,0
OK,333814R,Strut,BARE,,43.0,0.0,8.0,35.0,65.0,65.0,15.0,0.246,142.3,0.0,30
OK,1345878,Complete Strut,FCS,,190.0,0.0,8.0,182.0,270.0,270.0,78.0,1.279,142.3,0.0,88
OK,KY006,Air Compressor,Air Suspension,,7.0,0.0,0.0,7.0,9.0,9.0,3.0,0.049,142.3,0.0,2
OK,334442R,Strut,BARE,,7.0,138.0,0.0,7.0,68.0,68.0,3.0,0.049,142.3,0.0,0
OK,1355128L,Complete Strut,FCS,,55.0,0.0,6.0,49.0,55.0,55.0,21.0,0.344,142.3,0.0,6
OK,346090,Shock,BARE,,432.0,150.0,46.0,386.0,850.0,850.0,165.0,2.705,142.7,0.0,314
OK,1345984R,Complete Strut,FCS,,149.0,0.0,25.0,124.0,288.0,288.0,53.0,0.869,142.7,0.0,164
OK,2333737,Complete Strut,FCS,,110.0,52.0,14.0,96.0,193.0,193.0,41.0,0.672,142.8,0.0,45
OK,2335614L,Complete Strut,FCS,,106.0,0.0,17.0,89.0,226.0,226.0,38.0,0.623,142.9,0.0,137
OK,86485,Lift Support,CLIFT SUPPORT,,93.0,0.0,4.0,89.0,129.0,129.0,38.0,0.623,142.9,0.0,40
OK,2333296R,Complete Strut,FCS,,1010.0,641.0,75.0,935.0,1975.0,1975.0,398.0,6.525,143.3,0.0,399
OK,331828R,Strut,BARE,,47.0,24.0,0.0,47.0,83.0,83.0,20.0,0.328,143.4,0.0,12
OK,1335827R,Complete Strut,FCS,,174.0,15.0,21.0,153.0,228.0,228.0,65.0,1.066,143.6,0.0,60
OK,1333426R,Complete Strut,FCS,,190.0,1.0,18.0,172.0,533.0,533.0,73.0,1.197,143.7,0.0,360
OK,1331775R,Complete Strut,FCS,,105.0,0.0,6.0,99.0,178.0,178.0,42.0,0.689,143.8,0.0,79
OK,1333454R,Complete Strut,FCS,,795.0,216.0,55.0,740.0,1482.0,1482.0,314.0,5.148,143.8,0.0,526
OK,1333493R,Complete Strut,FCS,,346.0,239.0,23.0,323.0,770.0,770.0,137.0,2.246,143.8,0.0,208
OK,2333790L,Complete Strut,FCS,,216.0,104.0,18.0,198.0,363.0,363.0,84.0,1.377,143.8,0.0,61
OK,8341715,Complete Strut,FCS,,151.0,85.0,0.0,151.0,325.0,325.0,64.0,1.049,143.9,0.0,89
OK,341567,Shock,BARE,,1479.0,800.0,49.0,1430.0,2485.0,2485.0,605.0,9.918,144.2,0.0,255
OK,335536,Strut,BARE,,51.0,22.0,6.0,45.0,86.0,86.0,19.0,0.311,144.5,0.0,19
OK,346105,Shock,BARE,,140.0,210.0,5.0,135.0,364.0,364.0,57.0,0.934,144.5,0.0,19
OK,1333448L,Complete Strut,FCS,,235.0,83.0,31.0,204.0,440.0,440.0,86.0,1.41,144.7,0.0,153
OK,1331660R,Complete Strut,FCS,,63.0,0.0,6.0,57.0,127.0,127.0,24.0,0.393,144.9,0.0,70
OK,331783L,Strut,BARE,,21.0,0.0,2.0,19.0,24.0,24.0,8.0,0.131,144.9,0.0,5
OK,84648,Lift Support,CLIFT SUPPORT,,20.0,0.0,1.0,19.0,32.0,32.0,8.0,0.131,144.9,0.0,13
OK,84667,Lift Support,CLIFT SUPPORT,,21.0,0.0,2.0,19.0,14.0,14.0,8.0,0.131,144.9,38.1,0
OK,1333790R,Complete Strut,FCS,,93.0,0.0,17.0,76.0,173.0,173.0,32.0,0.525,144.9,0.0,97
OK,8341623,Complete Strut,FCS,,21.0,0.0,2.0,19.0,58.0,58.0,8.0,0.131,144.9,0.0,39
OK,1331620R,Complete Strut,FCS,,287.0,0.0,16.0,271.0,502.0,502.0,114.0,1.869,145.0,0.0,231
OK,1333454L,Complete Strut,FCS,,794.0,0.0,62.0,732.0,1423.0,1423.0,308.0,5.049,145.0,0.0,691
OK,2331660R,Complete Strut,FCS,,98.0,0.0,10.0,88.0,184.0,184.0,37.0,0.607,145.1,0.0,96
OK,DT342786,Shock,BARE,,150.0,60.0,12.0,138.0,287.0,287.0,58.0,0.951,145.1,0.0,89
OK,1355016R,Complete Strut,FCS,,289.0,24.0,44.0,245.0,417.0,417.0,103.0,1.689,145.1,0.0,148
OK,1333432R,Complete Strut,FCS,,441.0,249.0,72.0,369.0,807.0,807.0,155.0,2.541,145.2,0.0,189
OK,345766,Strut,BARE,,56.0,0.0,6.0,50.0,89.0,89.0,21.0,0.344,145.2,0.0,39
OK,2333969L,Complete Strut,FCS,,685.0,0.0,47.0,638.0,1165.0,1165.0,268.0,4.393,145.2,0.0,527
OK,333999,Strut,BARE,,137.0,0.0,6.0,131.0,282.0,282.0,55.0,0.902,145.3,0.0,151
OK,8346655,Complete Strut,FCS,,893.0,104.0,81.0,812.0,1535.0,1535.0,341.0,5.59,145.3,0.0,619
OK,1333832L,Complete Strut,FCS,,122.0,40.0,10.0,112.0,212.0,212.0,47.0,0.77,145.4,0.0,60
OK,1333440R,Complete Strut,FCS,,233.0,0.0,30.0,203.0,506.0,506.0,85.0,1.393,145.7,0.0,303
OK,3331582R,Complete Strut,FCS,,177.0,0.0,17.0,160.0,332.0,332.0,67.0,1.098,145.7,0.0,172
OK,1334138L,Complete Strut,FCS,,57.0,30.0,2.0,55.0,132.0,132.0,23.0,0.377,145.9,0.0,47
OK,345844,Strut,BARE,,90.0,0.0,11.0,79.0,102.0,102.0,33.0,0.541,146.0,0.0,23
OK,1335604R,Complete Strut,FCS,,12.0,0.0,0.0,12.0,20.0,20.0,5.0,0.082,146.4,0.0,8
OK,2333790R,Complete Strut,FCS,,232.0,104.0,16.0,216.0,362.0,362.0,90.0,1.475,146.4,0.0,42
OK,1355046R,Complete Strut,FCS,,66.0,0.0,6.0,60.0,110.0,110.0,25.0,0.41,146.4,0.0,50
OK,1333750,Complete Strut,FCS,,49.0,0.0,13.0,36.0,125.0,125.0,15.0,0.246,146.4,0.0,89
OK,95044,Passive Conv. Kit,Air Suspension,,24.0,20.0,0.0,24.0,36.0,36.0,10.0,0.164,146.4,0.0,0
OK,1332313,Complete Strut,FCS,,91.0,1.0,2.0,89.0,141.0,141.0,37.0,0.607,146.7,0.0,51
OK,84422,Lift Support,CLIFT SUPPORT,,423.0,0.0,38.0,385.0,516.0,516.0,160.0,2.623,146.8,0.0,131
OK,342512,Shock,BARE,,63.0,60.0,10.0,53.0,136.0,136.0,22.0,0.361,147.0,0.0,23
OK,1333313L,Complete Strut,FCS,,345.0,0.0,29.0,316.0,651.0,651.0,131.0,2.148,147.1,0.0,335
OK,3333365R,Complete Strut,FCS,,121.0,108.0,10.0,111.0,225.0,225.0,46.0,0.754,147.2,0.0,6
OK,1335894L,Complete Strut,FCS,,30.0,0.0,1.0,29.0,66.0,66.0,12.0,0.197,147.4,0.0,37
OK,1333433R,Complete Strut,FCS,,153.0,0.0,20.0,133.0,226.0,226.0,55.0,0.902,147.5,0.0,93
OK,346195,Shock,BARE,,222.0,82.0,2.0,220.0,500.0,500.0,91.0,1.492,147.5,0.0,198
OK,345830,Strut,BARE,,50.0,16.0,4.0,46.0,90.0,90.0,19.0,0.311,147.7,0.0,28
OK,342789,Shock,BARE,,1612.0,340.0,145.0,1467.0,3231.0,3231.0,606.0,9.934,147.7,0.0,1424
OK,2333451R,Complete Strut,FCS,,667.0,164.0,59.0,608.0,1221.0,1221.0,251.0,4.115,147.8,0.0,449
OK,1331008R,Complete Strut,FCS,,19.0,1.0,2.0,17.0,19.0,19.0,7.0,0.115,148.1,0.0,1
OK,1331613L,Complete Strut,FCS,,17.0,1.0,0.0,17.0,27.0,27.0,7.0,0.115,148.1,0.0,9
OK,84952R,Lift Support,CLIFT SUPPORT,,35.0,0.0,1.0,34.0,50.0,50.0,14.0,0.23,148.1,0.0,16
OK,3333444L,Complete Strut,FCS,,37.0,8.0,3.0,34.0,39.0,39.0,14.0,0.23,148.1,0.0,0
OK,2333461R,Complete Strut,FCS,,72.0,40.0,4.0,68.0,114.0,114.0,28.0,0.459,148.1,0.0,6
OK,2335795R,Complete Strut,FCS,,263.0,0.0,32.0,231.0,381.0,381.0,95.0,1.557,148.3,0.0,150
OK,341614,Shock,BARE,,77.0,98.0,4.0,73.0,175.0,175.0,30.0,0.492,148.4,0.0,4
OK,346198,Shock,BARE,,416.0,223.0,56.0,360.0,878.0,878.0,148.0,2.426,148.4,0.0,295
OK,1345476R,Complete Strut,FCS,,80.0,48.0,7.0,73.0,168.0,168.0,30.0,0.492,148.4,0.0,47
OK,1333716R,Complete Strut,FCS,,179.0,26.0,11.0,168.0,367.0,367.0,69.0,1.131,148.5,0.0,173
OK,331828L,Strut,BARE,,40.0,24.0,1.0,39.0,81.0,81.0,16.0,0.262,148.7,0.0,18
OK,SC00051,Complete Strut,FCS,,42.0,0.0,3.0,39.0,85.0,85.0,16.0,0.262,148.7,0.0,46
OK,342106,Shock,BARE,,71.0,92.0,5.0,66.0,170.0,170.0,27.0,0.443,149.1,0.0,12
OK,1334108R,Complete Strut,FCS,,151.0,55.0,19.0,132.0,446.0,446.0,54.0,0.885,149.1,0.0,259
OK,334466R,Strut,BARE,,111.0,0.0,18.0,93.0,170.0,170.0,38.0,0.623,149.3,0.0,77
OK,2333508L,Complete Strut,FCS,,625.0,320.0,42.0,583.0,935.0,935.0,238.0,3.902,149.4,0.0,32
OK,94004,Electronic Shock Assy,Air Suspension,,125.0,0.0,27.0,98.0,253.0,253.0,40.0,0.656,149.5,0.0,155
OK,1345497,Complete Strut,FCS,,321.0,125.0,24.0,297.0,484.0,484.0,121.0,1.984,149.7,0.0,62
OK,342838,Shock,BARE,,41.0,46.0,14.0,27.0,60.0,60.0,11.0,0.18,149.7,0.0,0
OK,1331774L,Complete Strut,FCS,,61.0,23.0,7.0,54.0,78.0,78.0,22.0,0.361,149.7,0.0,1
OK,1345701L,Complete Strut,FCS,,30.0,0.0,3.0,27.0,50.0,50.0,11.0,0.18,149.7,0.0,23
OK,334010L,Strut,BARE,,27.0,0.0,0.0,27.0,48.0,48.0,11.0,0.18,149.7,0.0,21
OK,333984R,Strut,BARE,,33.0,0.0,1.0,32.0,36.0,36.0,13.0,0.213,150.2,0.0,4
OK,1337027L,Complete Strut,FCS,,34.0,0.0,2.0,32.0,34.0,34.0,13.0,0.213,150.2,0.0,2
OK,4333957L,Complete Strut,FCS,,73.0,0.0,9.0,64.0,128.0,128.0,26.0,0.426,150.2,0.0,64
OK,1333322L,Complete Strut,FCS,,38.0,5.0,1.0,37.0,58.0,58.0,15.0,0.246,150.5,0.0,16
OK,341556,Shock,BARE,,209.0,0.0,4.0,205.0,345.0,345.0,83.0,1.361,150.7,0.0,140
OK,1334309R,Complete Strut,FCS,,89.0,0.0,5.0,84.0,153.0,153.0,34.0,0.557,150.7,0.0,69
OK,8335532L,Complete Strut,FCS,,49.0,0.0,2.0,47.0,74.0,74.0,19.0,0.311,150.9,0.0,27
OK,2334162L,Complete Strut,FCS,,121.0,0.0,17.0,104.0,213.0,213.0,42.0,0.689,151.0,0.0,109
OK,3331582L,Complete Strut,FCS,,178.0,0.0,12.0,166.0,299.0,299.0,67.0,1.098,151.1,0.0,133
OK,347078,Shock,BARE,,726.0,520.0,24.0,702.0,1689.0,1689.0,283.0,4.639,151.3,0.0,467
OK,346256,Shock,BARE,,486.0,410.0,41.0,445.0,1353.0,1353.0,179.0,2.934,151.6,0.0,498
OK,345403,Strut,BARE,,111.0,198.0,4.0,107.0,207.0,207.0,43.0,0.705,151.8,0.0,0
OK,2334162R,Complete Strut,FCS,,142.0,0.0,30.0,112.0,247.0,247.0,45.0,0.738,151.8,0.0,135
OK,1334467R,Complete Strut,FCS,,109.0,0.0,2.0,107.0,143.0,143.0,43.0,0.705,151.8,0.0,36
OK,84903,Lift Support,CLIFT SUPPORT,,136.0,0.0,9.0,127.0,167.0,167.0,51.0,0.836,151.9,0.0,40
OK,SR00001,Complete Strut,FCS,,450.0,104.0,21.0,429.0,904.0,904.0,172.0,2.82,152.1,0.0,371
OK,1333715L,Complete Strut,FCS,,257.0,0.0,10.0,247.0,430.0,430.0,99.0,1.623,152.2,0.0,183
OK,335596L,Strut,BARE,,11.0,40.0,1.0,10.0,29.0,29.0,4.0,0.066,152.5,0.0,0
OK,86302,Lift Support,CLIFT SUPPORT,,20.0,0.0,0.0,20.0,26.0,26.0,8.0,0.131,152.5,0.0,6
OK,86476,LIFT SUPPORT,CLIFT SUPPORT,,5.0,0.0,0.0,5.0,21.0,21.0,2.0,0.033,152.5,0.0,16
OK,1333981R,Complete Strut,FCS,,21.0,0.0,1.0,20.0,39.0,39.0,8.0,0.131,152.5,0.0,19
OK,355066,Strut,BARE,,5.0,42.0,0.0,5.0,13.0,13.0,2.0,0.033,152.5,0.0,0
OK,1334225L,Complete Strut,FCS,,274.0,22.0,24.0,250.0,478.0,478.0,100.0,1.639,152.5,0.0,206
OK,337128L,Strut,BARE,,38.0,0.0,3.0,35.0,67.0,67.0,14.0,0.23,152.5,0.0,32
OK,226323,Shock,BARE,,10.0,18.0,0.0,10.0,22.0,22.0,4.0,0.066,152.5,0.0,0
OK,355161,Strut,BARE,,53.0,0.0,3.0,50.0,19.0,19.0,20.0,0.328,152.5,94.6,0
OK,2337077R,Complete Strut,FCS,,1597.0,410.0,193.0,1404.0,3042.0,3042.0,560.0,9.18,152.9,0.0,1228
OK,341615,Shock,BARE,,573.0,0.0,58.0,515.0,1022.0,1022.0,205.0,3.361,153.2,0.0,507
OK,1345416R,Complete Strut,FCS,,307.0,97.0,18.0,289.0,506.0,506.0,115.0,1.885,153.3,0.0,120
OK,342557,Shock,BARE,,287.0,387.0,18.0,269.0,865.0,865.0,107.0,1.754,153.4,0.0,209
OK,1333716L,Complete Strut,FCS,,178.0,42.0,17.0,161.0,396.0,396.0,64.0,1.049,153.5,0.0,193
OK,1355046L,Complete Strut,FCS,,69.0,0.0,6.0,63.0,119.0,119.0,25.0,0.41,153.7,0.0,56
OK,2334138R,Complete Strut,FCS,,398.0,0.0,15.0,383.0,685.0,685.0,152.0,2.492,153.7,0.0,302
OK,2335991,Complete Strut,FCS,,686.0,164.0,28.0,658.0,1265.0,1265.0,261.0,4.279,153.8,0.0,443
OK,331694L,Strut,BARE,,167.0,56.0,13.0,154.0,263.0,263.0,61.0,1.0,154.0,0.0,53
OK,1333942L,Complete Strut,FCS,,101.0,0.0,10.0,91.0,183.0,183.0,36.0,0.59,154.2,0.0,92
OK,1335994L,Complete Strut,FCS,,52.0,0.0,9.0,43.0,107.0,107.0,17.0,0.279,154.3,0.0,64
OK,8346657,Complete Strut,FCS,,86.0,0.0,0.0,86.0,145.0,145.0,34.0,0.557,154.3,0.0,59
OK,8346195,Complete Strut,FCS,,389.0,0.0,22.0,367.0,718.0,718.0,145.0,2.377,154.4,0.0,351
OK,3335779L,Complete Strut,FCS,,162.0,1.0,10.0,152.0,277.0,277.0,60.0,0.984,154.5,0.0,124
OK,8341716,Complete Strut,FCS,,40.0,0.0,2.0,38.0,57.0,57.0,15.0,0.246,154.5,0.0,19
OK,1345774L,Complete Strut,FCS,,163.0,0.0,16.0,147.0,300.0,300.0,58.0,0.951,154.6,0.0,153
OK,1332304R,Complete Strut,FCS,,114.0,84.0,10.0,104.0,236.0,236.0,41.0,0.672,154.7,0.0,48
OK,335383L,Strut,BARE,,35.0,124.0,2.0,33.0,124.0,124.0,13.0,0.213,154.8,0.0,0
OK,1336315,Complete Strut,FCS,,232.0,90.0,16.0,216.0,436.0,436.0,85.0,1.393,155.0,0.0,130
OK,1335804L,Complete Strut,FCS,,93.0,0.0,4.0,89.0,147.0,147.0,35.0,0.574,155.1,0.0,58
OK,5333392R,Complete Strut,FCS,,30.0,1.0,2.0,28.0,34.0,34.0,11.0,0.18,155.3,0.0,5
OK,333433L,Strut,BARE,,28.0,0.0,0.0,28.0,30.0,30.0,11.0,0.18,155.3,0.0,2
OK,342482,Shock,BARE,,58.0,0.0,2.0,56.0,83.0,83.0,22.0,0.361,155.3,0.0,27
OK,346341,Shock,BARE,,391.0,187.0,27.0,364.0,793.0,793.0,143.0,2.344,155.3,0.0,242
OK,1333864L,Complete Strut,FCS,,53.0,0.0,2.0,51.0,101.0,101.0,20.0,0.328,155.6,0.0,50
OK,8346836,Complete Strut,FCS,,52.0,0.0,1.0,51.0,71.0,71.0,20.0,0.328,155.6,0.0,20
OK,1345882L,Complete Strut,FCS,,220.0,0.0,31.0,189.0,516.0,516.0,74.0,1.213,155.8,0.0,327
OK,2331604L,Complete Strut,FCS,,74.0,5.0,5.0,69.0,120.0,120.0,27.0,0.443,155.9,0.0,46
OK,345503,Strut,BARE,,23.0,0.0,0.0,23.0,46.0,46.0,9.0,0.148,155.9,0.0,23
OK,1336340L,Complete Strut,FCS,,242.0,13.0,12.0,230.0,408.0,408.0,90.0,1.475,155.9,0.0,165
OK,1345478,Complete Strut,FCS,,249.0,0.0,1.0,248.0,285.0,285.0,97.0,1.59,156.0,0.0,37
OK,2331622L,Complete Strut,FCS,,574.0,240.0,49.0,525.0,1131.0,1131.0,205.0,3.361,156.2,0.0,366
OK,345825,Strut,BARE,,84.0,0.0,2.0,82.0,108.0,108.0,32.0,0.525,156.3,0.0,26
OK,345952,Strut,BARE,,79.0,18.0,2.0,77.0,133.0,133.0,30.0,0.492,156.6,0.0,38
OK,1337232L,Complete Strut,FCS,,100.0,48.0,5.0,95.0,196.0,196.0,37.0,0.607,156.6,0.0,53
OK,1336334,Complete Strut,FCS,,301.0,90.0,3.0,298.0,363.0,363.0,116.0,1.902,156.7,0.0,0
OK,1345566R,Complete Strut,FCS,,304.0,5.0,24.0,280.0,421.0,421.0,109.0,1.787,156.7,0.0,136
OK,3333320R,Complete Strut,FCS,,63.0,1.0,9.0,54.0,94.0,94.0,21.0,0.344,156.9,0.0,39
OK,1345468R,Complete Strut,FCS,,37.0,0.0,1.0,36.0,51.0,51.0,14.0,0.23,156.9,0.0,15
OK,86801,LIFT SUPPORT,CLIFT SUPPORT,,240.0,0.0,6.0,234.0,355.0,355.0,91.0,1.492,156.9,0.0,121
OK,86802,LIFT SUPPORT,CLIFT SUPPORT,,223.0,0.0,4.0,219.0,232.0,232.0,85.0,1.393,157.2,0.0,13
OK,333445R,Strut,BARE,,49.0,0.0,0.0,49.0,60.0,60.0,19.0,0.311,157.3,0.0,11
OK,5345799,Complete Strut,FCS,,263.0,104.0,33.0,230.0,458.0,458.0,89.0,1.459,157.6,0.0,124
OK,333542R,Strut,BARE,,31.0,0.0,0.0,31.0,55.0,55.0,12.0,0.197,157.6,0.0,24
OK,1345845L,Complete Strut,FCS,,388.0,0.0,26.0,362.0,722.0,722.0,140.0,2.295,157.7,0.0,360
OK,1345954R,Complete Strut,FCS,,113.0,31.0,7.0,106.0,215.0,215.0,41.0,0.672,157.7,0.0,78
OK,333857L,Strut,BARE,,45.0,40.0,1.0,44.0,68.0,68.0,17.0,0.279,157.9,0.0,0
OK,8346249,Complete Strut,FCS,,222.0,0.0,35.0,187.0,304.0,304.0,72.0,1.18,158.4,0.0,117
OK,2345497,Complete Strut,FCS,,56.0,0.0,4.0,52.0,109.0,109.0,20.0,0.328,158.6,0.0,57
OK,332349,Strut,BARE,,157.0,0.0,1.0,156.0,205.0,205.0,60.0,0.984,158.6,0.0,49
OK,346343,Shock,BARE,,39.0,0.0,0.0,39.0,94.0,94.0,15.0,0.246,158.6,0.0,55
OK,1335557L,Complete Strut,FCS,,13.0,16.0,0.0,13.0,23.0,23.0,5.0,0.082,158.6,0.0,0
OK,333833L,Strut,BARE,,13.0,0.0,0.0,13.0,27.0,27.0,5.0,0.082,158.6,0.0,14
OK,334146R,Strut,BARE,,26.0,0.0,0.0,26.0,34.0,34.0,10.0,0.164,158.6,0.0,8
OK,8346741,Complete Strut,FCS,,15.0,0.0,2.0,13.0,25.0,25.0,5.0,0.082,158.6,0.0,12
OK,348011,Shock,BARE,,39.0,34.0,0.0,39.0,56.0,56.0,15.0,0.246,158.6,0.0,0
OK,1334145L,Complete Strut,FCS,,631.0,216.0,53.0,578.0,1327.0,1327.0,222.0,3.639,158.8,0.0,533
OK,1331633R,Complete Strut,FCS,,148.0,0.0,23.0,125.0,233.0,233.0,48.0,0.787,158.9,0.0,108
OK,1331900R,Complete Strut,FCS,,170.0,83.0,3.0,167.0,260.0,260.0,64.0,1.049,159.2,0.0,10
OK,346640,Shock,BARE,,53.0,0.0,6.0,47.0,116.0,116.0,18.0,0.295,159.3,0.0,69
OK,1345760R,Complete Strut,FCS,,70.0,0.0,2.0,68.0,120.0,120.0,26.0,0.426,159.5,0.0,52
OK,331761L,Strut,BARE,,34.0,0.0,0.0,34.0,36.0,36.0,13.0,0.213,159.5,0.0,2
OK,DT342939,Shock,BARE,,389.0,120.0,20.0,369.0,802.0,802.0,141.0,2.311,159.6,0.0,313
OK,335909L,Strut,BARE,,135.0,0.0,4.0,131.0,183.0,183.0,50.0,0.82,159.8,0.0,52
OK,MV006,Solenoid Valve,Air Suspension,,60.0,0.0,5.0,55.0,120.0,120.0,21.0,0.344,159.8,0.0,65
OK,8346962,Complete Strut,FCS,,87.0,0.0,32.0,55.0,70.0,70.0,21.0,0.344,159.8,0.0,15
OK,86336,Lift Support,CLIFT SUPPORT,,122.0,0.0,4.0,118.0,196.0,196.0,45.0,0.738,160.0,0.0,78
OK,1332343,Complete Strut,FCS,,514.0,88.0,31.0,483.0,729.0,729.0,184.0,3.016,160.1,0.0,158
OK,1333375R,Complete Strut,FCS,,653.0,30.0,65.0,588.0,1050.0,1050.0,224.0,3.672,160.1,0.0,432
OK,2335909R,Complete Strut,FCS,,138.0,0.0,12.0,126.0,254.0,254.0,48.0,0.787,160.1,0.0,128
OK,335906,Strut,BARE,,21.0,48.0,0.0,21.0,55.0,55.0,8.0,0.131,160.1,0.0,0
OK,1336325R,Complete Strut,FCS,,244.0,72.0,26.0,218.0,427.0,427.0,83.0,1.361,160.2,0.0,137
OK,84967,Lift Support,CLIFT SUPPORT,,79.0,0.0,8.0,71.0,110.0,110.0,27.0,0.443,160.4,0.0,39
OK,86876,LIFT SUPPORT,CLIFT SUPPORT,,144.0,0.0,2.0,142.0,186.0,186.0,54.0,0.885,160.4,0.0,44
OK,2337077L,Complete Strut,FCS,,1642.0,410.0,208.0,1434.0,2912.0,2912.0,545.0,8.934,160.5,0.0,1068
OK,3333365L,Complete Strut,FCS,,113.0,136.0,5.0,108.0,206.0,206.0,41.0,0.672,160.7,0.0,0
OK,84344,Lift Support,CLIFT SUPPORT,,29.0,0.0,0.0,29.0,46.0,46.0,11.0,0.18,160.8,0.0,17
OK,333719R,Strut,BARE,,65.0,0.0,7.0,58.0,114.0,114.0,22.0,0.361,160.8,0.0,56
OK,1334145R,Complete Strut,FCS,,701.0,108.0,42.0,659.0,1325.0,1325.0,250.0,4.098,160.8,0.0,558
OK,84952L,Lift Support,CLIFT SUPPORT,,38.0,0.0,1.0,37.0,44.0,44.0,14.0,0.23,161.2,0.0,7
OK,8346652,Complete Strut,FCS,,82.0,0.0,8.0,74.0,199.0,199.0,28.0,0.459,161.2,0.0,125
OK,8346478,Complete Strut,FCS,,317.0,150.0,34.0,283.0,804.0,804.0,107.0,1.754,161.3,0.0,371
OK,335991,Strut,BARE,,94.0,0.0,4.0,90.0,128.0,128.0,34.0,0.557,161.5,0.0,38
OK,1335825L,Complete Strut,FCS,,283.0,0.0,34.0,249.0,524.0,524.0,94.0,1.541,161.6,0.0,275
OK,1345596R,Complete Strut,FCS,,56.0,0.0,3.0,53.0,80.0,80.0,20.0,0.328,161.7,0.0,27
OK,333386R,Strut,BARE,,63.0,36.0,2.0,61.0,107.0,107.0,23.0,0.377,161.8,0.0,10
OK,1334090R,Complete Strut,FCS,,212.0,0.0,21.0,191.0,389.0,389.0,72.0,1.18,161.8,0.0,198
OK,1355076L,Complete Strut,FCS,,64.0,0.0,3.0,61.0,115.0,115.0,23.0,0.377,161.8,0.0,54
OK,1333549L,Complete Strut,FCS,,179.0,67.0,9.0,170.0,317.0,317.0,64.0,1.049,162.0,0.0,80
OK,86182,Lift Support,CLIFT SUPPORT,,270.0,0.0,7.0,263.0,473.0,473.0,99.0,1.623,162.1,0.0,210
OK,1336343,Complete Strut,FCS,,373.0,1720.0,30.0,343.0,645.0,645.0,129.0,2.115,162.2,0.0,0
OK,1334099L,Complete Strut,FCS,,168.0,152.0,35.0,133.0,445.0,445.0,50.0,0.82,162.3,0.0,160
OK,1345761,Complete Strut,FCS,,190.0,120.0,9.0,181.0,417.0,417.0,68.0,1.115,162.4,0.0,116
OK,331845L,Strut,BARE,,16.0,0.0,0.0,16.0,16.0,16.0,6.0,0.098,162.7,0.0,0
OK,342842,Shock,BARE,,82.0,0.0,2.0,80.0,139.0,139.0,30.0,0.492,162.7,0.0,59
OK,86654,Lift Support,CLIFT SUPPORT,,8.0,0.0,0.0,8.0,21.0,21.0,3.0,0.049,162.7,0.0,13
OK,2345685L,Complete Strut,FCS,,9.0,0.0,1.0,8.0,8.0,8.0,3.0,0.049,162.7,0.0,0
OK,1333534R,Complete Strut,FCS,,118.0,26.0,6.0,112.0,204.0,204.0,42.0,0.689,162.7,0.0,66
OK,4333414L,Complete Strut,FCS,,8.0,0.0,0.0,8.0,12.0,12.0,3.0,0.049,162.7,0.0,4
OK,346423,Shock,BARE,,48.0,0.0,0.0,48.0,60.0,60.0,18.0,0.295,162.7,0.0,12
OK,F347232,Heavy Duty Shock Absorber,HBare,,20.0,36.0,4.0,16.0,101.0,101.0,6.0,0.098,162.7,0.0,49
OK,1345480L,Complete Strut,FCS,,35.0,0.0,3.0,32.0,74.0,74.0,12.0,0.197,162.7,0.0,42
OK,Q4016,Air Spring,Air Suspension,,9.0,0.0,1.0,8.0,7.0,7.0,3.0,0.049,162.7,20.3,0
OK,8346945,Complete Strut,FCS,,93.0,0.0,37.0,56.0,130.0,130.0,21.0,0.344,162.7,0.0,74
OK,86002,LIFT SUPPORT,CLIFT SUPPORT,,155.0,0.0,8.0,147.0,240.0,240.0,55.0,0.902,163.0,0.0,93
OK,337022,Strut,BARE,,162.0,0.0,7.0,155.0,240.0,240.0,58.0,0.951,163.0,0.0,85
OK,SC00001,Complete Strut,FCS,,487.0,164.0,18.0,469.0,923.0,923.0,175.0,2.869,163.5,0.0,290
OK,8346342RL,Complete Strut,FCS,,67.0,0.0,0.0,67.0,115.0,115.0,25.0,0.41,163.5,0.0,48
OK,1345760L,Complete Strut,FCS,,88.0,0.0,2.0,86.0,114.0,114.0,32.0,0.525,163.9,0.0,28
OK,1345481L,Complete Strut,FCS,,90.0,0.0,12.0,78.0,150.0,150.0,29.0,0.475,164.1,0.0,72
OK,1355173,Complete Strut,FCS,,76.0,0.0,6.0,70.0,114.0,114.0,26.0,0.426,164.2,0.0,44
OK,1333493L,Complete Strut,FCS,,435.0,236.0,23.0,412.0,769.0,769.0,153.0,2.508,164.3,0.0,121
OK,3345497,Complete Strut,FCS,,211.0,108.0,14.0,197.0,545.0,545.0,73.0,1.197,164.6,0.0,240
OK,341526,Shock,BARE,,27.0,0.0,0.0,27.0,25.0,25.0,10.0,0.164,164.7,12.2,0
OK,1345701R,Complete Strut,FCS,,30.0,0.0,3.0,27.0,52.0,52.0,10.0,0.164,164.7,0.0,25
OK,334076L,Strut,BARE,,28.0,0.0,1.0,27.0,87.0,87.0,10.0,0.164,164.7,0.0,60
OK,2333564R,Complete Strut,FCS,,191.0,0.0,10.0,181.0,336.0,336.0,67.0,1.098,164.8,0.0,155
OK,2333508R,Complete Strut,FCS,,697.0,179.0,46.0,651.0,960.0,960.0,241.0,3.951,164.8,0.0,130
OK,346215,Shock,BARE,,428.0,300.0,17.0,411.0,1063.0,1063.0,152.0,2.492,164.9,0.0,352
OK,1334097R,Complete Strut,FCS,,257.0,160.0,27.0,230.0,555.0,555.0,85.0,1.393,165.1,0.0,165
OK,5335576,Complete Strut,FCS,,292.0,131.0,40.0,252.0,551.0,551.0,93.0,1.525,165.3,0.0,168
OK,346660,Shock,BARE,,256.0,30.0,4.0,252.0,436.0,436.0,93.0,1.525,165.3,0.0,154
OK,1334051R,Complete Strut,FCS,,856.0,80.0,81.0,775.0,1756.0,1756.0,286.0,4.689,165.3,0.0,901
OK,1334308L,Complete Strut,FCS,,248.0,0.0,23.0,225.0,604.0,604.0,83.0,1.361,165.4,0.0,379
OK,2345798R,Complete Strut,FCS,,80.0,24.0,4.0,76.0,128.0,128.0,28.0,0.459,165.6,0.0,28
OK,331748L,Strut,BARE,,21.0,0.0,2.0,19.0,44.0,44.0,7.0,0.115,165.6,0.0,25
OK,2333823R,Complete Strut,FCS,,42.0,0.0,4.0,38.0,73.0,73.0,14.0,0.23,165.6,0.0,35
OK,SC00045,Complete Strut,FCS,,81.0,0.0,5.0,76.0,121.0,121.0,28.0,0.459,165.6,0.0,45
OK,8346257,Complete Strut,FCS,,19.0,0.0,0.0,19.0,17.0,17.0,7.0,0.115,165.6,17.4,0
OK,87025,Lift Support,CLIFT SUPPORT,,49.0,0.0,0.0,49.0,101.0,101.0,18.0,0.295,166.1,0.0,52
OK,341587,Shock,BARE,,702.0,190.0,26.0,676.0,1238.0,1238.0,248.0,4.066,166.3,0.0,372
OK,331825R,Strut,BARE,,32.0,72.0,2.0,30.0,84.0,84.0,11.0,0.18,166.4,0.0,0
OK,333818R,Strut,BARE,,32.0,0.0,2.0,30.0,63.0,63.0,11.0,0.18,166.4,0.0,33
OK,Q4036,Air Spring,Air Suspension,,60.0,0.0,0.0,60.0,85.0,85.0,22.0,0.361,166.4,0.0,25
OK,226331,Shock,BARE,,32.0,26.0,2.0,30.0,49.0,49.0,11.0,0.18,166.4,0.0,0
OK,1332342L,Complete Strut,FCS,,151.0,68.0,9.0,142.0,246.0,246.0,52.0,0.852,166.6,0.0,36
OK,342508,Shock,BARE,,909.0,0.0,29.0,880.0,1571.0,1571.0,322.0,5.279,166.7,0.0,691
OK,1332345,Complete Strut,FCS,,73.0,0.0,10.0,63.0,125.0,125.0,23.0,0.377,167.1,0.0,62
OK,1333752R,Complete Strut,FCS,,159.0,19.0,22.0,137.0,286.0,286.0,50.0,0.82,167.1,0.0,130
OK,1331622R,Complete Strut,FCS,,363.0,161.0,34.0,329.0,754.0,754.0,120.0,1.967,167.2,0.0,264
OK,1333565L,Complete Strut,FCS,,1055.0,160.0,63.0,992.0,1494.0,1494.0,362.0,5.934,167.2,0.0,342
OK,2333716R,Complete Strut,FCS,,427.0,220.0,35.0,392.0,756.0,756.0,143.0,2.344,167.2,0.0,144
OK,1345476L,Complete Strut,FCS,,83.0,48.0,9.0,74.0,162.0,162.0,27.0,0.443,167.2,0.0,40
OK,2333365L,Complete Strut,FCS,,222.0,181.0,30.0,192.0,474.0,474.0,70.0,1.148,167.3,0.0,101
OK,333405,Strut,BARE,,103.0,40.0,7.0,96.0,174.0,174.0,35.0,0.574,167.3,0.0,38
OK,346456,Shock,BARE,,285.0,160.0,8.0,277.0,537.0,537.0,101.0,1.656,167.3,0.0,100
OK,1333981L,Complete Strut,FCS,,23.0,0.0,1.0,22.0,36.0,36.0,8.0,0.131,167.8,0.0,14
OK,226314,Shock,BARE,,216.0,134.0,15.0,201.0,441.0,441.0,73.0,1.197,168.0,0.0,106
OK,86255,Lift Support,CLIFT SUPPORT,,117.0,0.0,4.0,113.0,161.0,161.0,41.0,0.672,168.1,0.0,48
OK,86164,Lift Support,CLIFT SUPPORT,,306.0,0.0,22.0,284.0,554.0,554.0,103.0,1.689,168.2,0.0,270
OK,1333319L,Complete Strut,FCS,,278.0,167.0,24.0,254.0,569.0,569.0,92.0,1.508,168.4,0.0,148
OK,346555,Shock,BARE,,456.0,330.0,28.0,428.0,992.0,992.0,155.0,2.541,168.4,0.0,234
OK,1333440L,Complete Strut,FCS,,244.0,80.0,31.0,213.0,494.0,494.0,77.0,1.262,168.7,0.0,201
OK,1333365R,Complete Strut,FCS,,1654.0,1572.0,162.0,1492.0,2755.0,2755.0,539.0,8.836,168.9,0.0,0
OK,1336319R,Complete Strut,FCS,,37.0,0.0,1.0,36.0,56.0,56.0,13.0,0.213,168.9,0.0,20
OK,333569R,Strut,BARE,,41.0,0.0,5.0,36.0,65.0,65.0,13.0,0.213,168.9,0.0,29
OK,1337114L,Complete Strut,FCS,,37.0,0.0,1.0,36.0,48.0,48.0,13.0,0.213,168.9,0.0,12
OK,1336328,Complete Strut,FCS,,134.0,1990.0,1.0,133.0,329.0,329.0,48.0,0.787,169.0,0.0,0
OK,346375,Shock,BARE,,61.0,47.0,0.0,61.0,82.0,82.0,22.0,0.361,169.1,0.0,0
OK,1355030L,Complete Strut,FCS,,104.0,0.0,7.0,97.0,187.0,187.0,35.0,0.574,169.1,0.0,90
OK,1333591R,Complete Strut,FCS,,66.0,31.0,5.0,61.0,118.0,118.0,22.0,0.361,169.1,0.0,26
OK,1333969L,Complete Strut,FCS,,353.0,104.0,45.0,308.0,618.0,618.0,111.0,1.82,169.3,0.0,206
OK,1345411L,Complete Strut,FCS,,217.0,0.0,17.0,200.0,388.0,388.0,72.0,1.18,169.4,0.0,188
OK,1355128R,Complete Strut,FCS,,58.0,0.0,8.0,50.0,61.0,61.0,18.0,0.295,169.4,0.0,11
OK,2345799,Complete Strut,FCS,,305.0,2.0,21.0,284.0,534.0,534.0,102.0,1.672,169.8,0.0,248
OK,3345844,Complete Strut,FCS,,184.0,48.0,17.0,167.0,252.0,252.0,60.0,0.984,169.8,0.0,37
OK,2335897R,Complete Strut,FCS,,487.0,4.0,30.0,457.0,855.0,855.0,164.0,2.689,170.0,0.0,394
OK,1333787R,Complete Strut,FCS,,595.0,104.0,21.0,574.0,804.0,804.0,206.0,3.377,170.0,0.0,126
OK,86774,LIFT SUPPORT,CLIFT SUPPORT,,53.0,0.0,0.0,53.0,54.0,54.0,19.0,0.311,170.2,0.0,1
OK,1337232R,Complete Strut,FCS,,108.0,48.0,2.0,106.0,184.0,184.0,38.0,0.623,170.2,0.0,30
OK,1331790R,Complete Strut,FCS,,60.0,48.0,4.0,56.0,96.0,96.0,20.0,0.328,170.8,0.0,0
OK,86288,Lift Support,CLIFT SUPPORT,,32.0,0.0,4.0,28.0,56.0,56.0,10.0,0.164,170.8,0.0,28
OK,1333460L,Complete Strut,FCS,,15.0,0.0,1.0,14.0,16.0,16.0,5.0,0.082,170.8,0.0,2
OK,333857R,Strut,BARE,,43.0,40.0,1.0,42.0,79.0,79.0,15.0,0.246,170.8,0.0,0
OK,333984L,Strut,BARE,,42.0,0.0,0.0,42.0,30.0,30.0,15.0,0.246,170.8,48.8,0
OK,95007,Air Conv. Kit,Air Suspension,,28.0,0.0,0.0,28.0,40.0,40.0,10.0,0.164,170.8,0.0,12
OK,346327,Shock,BARE,,950.0,280.0,73.0,877.0,1614.0,1614.0,313.0,5.131,170.9,0.0,457
OK,346342,Shock,BARE,,239.0,0.0,26.0,213.0,381.0,381.0,76.0,1.246,171.0,0.0,168
OK,3335909R,Complete Strut,FCS,,124.0,0.0,6.0,118.0,223.0,223.0,42.0,0.689,171.4,0.0,105
OK,80055,Lift Support,CLIFT SUPPORT,,63.0,0.0,4.0,59.0,43.0,43.0,21.0,0.344,171.4,46.5,0
OK,345883,Shock,BARE,,341.0,0.0,12.0,329.0,575.0,575.0,117.0,1.918,171.5,0.0,246
OK,3331595R,Complete Strut,FCS,,149.0,0.0,14.0,135.0,296.0,296.0,48.0,0.787,171.6,0.0,161
OK,86240,Lift Support,CLIFT SUPPORT,,46.0,0.0,1.0,45.0,60.0,60.0,16.0,0.262,171.6,0.0,15
OK,86694,LIFT SUPPORT,CLIFT SUPPORT,,47.0,0.0,2.0,45.0,75.0,75.0,16.0,0.262,171.6,0.0,30
OK,2333313R,Complete Strut,FCS,,432.0,0.0,35.0,397.0,779.0,779.0,141.0,2.311,171.8,0.0,382
OK,1333924,Complete Strut,FCS,,272.0,0.0,24.0,248.0,423.0,423.0,88.0,1.443,171.9,0.0,175
OK,8346557,Complete Strut,FCS,,222.0,0.0,36.0,186.0,337.0,337.0,66.0,1.082,171.9,0.0,151
OK,1331715L,Complete Strut,FCS,,339.0,0.0,20.0,319.0,451.0,451.0,113.0,1.852,172.2,0.0,132
OK,1331799R,Complete Strut,FCS,,49.0,0.0,1.0,48.0,71.0,71.0,17.0,0.279,172.2,0.0,23
OK,333375R,Strut,BARE,,66.0,42.0,1.0,65.0,113.0,113.0,23.0,0.377,172.4,0.0,6
OK,84904,Lift Support,CLIFT SUPPORT,,139.0,0.0,9.0,130.0,157.0,157.0,46.0,0.754,172.4,0.0,27
OK,342843,Shock,BARE,,2603.0,881.0,141.0,2462.0,4542.0,4542.0,870.0,14.262,172.6,0.0,1199
OK,1345477,Complete Strut,FCS,,70.0,0.0,2.0,68.0,111.0,111.0,24.0,0.393,172.8,0.0,43
OK,2333393L,Complete Strut,FCS,,53.0,0.0,2.0,51.0,80.0,80.0,18.0,0.295,172.8,0.0,29
OK,346112,Shock,BARE,,163.0,145.0,10.0,153.0,368.0,368.0,54.0,0.885,172.8,0.0,70
OK,3335582L,Complete Strut,FCS,,18.0,0.0,1.0,17.0,25.0,25.0,6.0,0.098,172.8,0.0,8
OK,226329,Shock,BARE,,52.0,34.0,1.0,51.0,96.0,96.0,18.0,0.295,172.8,0.0,11
OK,2331595R,Complete Strut,FCS,,147.0,104.0,25.0,122.0,279.0,279.0,43.0,0.705,173.1,0.0,53
OK,342788,Shock,BARE,,134.0,96.0,26.0,108.0,272.0,272.0,38.0,0.623,173.4,0.0,68
OK,2333494R,Complete Strut,FCS,,218.0,0.0,16.0,202.0,377.0,377.0,71.0,1.164,173.5,0.0,175
OK,86139,Lift Support,CLIFT SUPPORT,,38.0,0.0,1.0,37.0,53.0,53.0,13.0,0.213,173.6,0.0,16
OK,343359,Shock,BARE,,77.0,0.0,3.0,74.0,233.0,233.0,26.0,0.426,173.6,0.0,159
OK,337023,Strut,BARE,,41.0,0.0,4.0,37.0,42.0,42.0,13.0,0.213,173.6,0.0,5
OK,1333718R,Complete Strut,FCS,,137.0,53.0,6.0,131.0,241.0,241.0,46.0,0.754,173.7,0.0,57
OK,1334124L,Complete Strut,FCS,,59.0,0.0,2.0,57.0,89.0,89.0,20.0,0.328,173.9,0.0,32
OK,2333476R,Complete Strut,FCS,,1084.0,240.0,81.0,1003.0,1783.0,1783.0,351.0,5.754,174.3,0.0,540
OK,3333412R,Complete Strut,FCS,,23.0,9.0,3.0,20.0,32.0,32.0,7.0,0.115,174.3,0.0,3
OK,84188,Lift Support,CLIFT SUPPORT,,62.0,0.0,2.0,60.0,103.0,103.0,21.0,0.344,174.3,0.0,43
OK,1336317L,Complete Strut,FCS,,63.0,5.0,3.0,60.0,104.0,104.0,21.0,0.344,174.3,0.0,39
OK,1335774L,Complete Strut,FCS,,20.0,0.0,0.0,20.0,57.0,57.0,7.0,0.115,174.3,0.0,37
OK,2335876L,Complete Strut,FCS,,84.0,25.0,4.0,80.0,147.0,147.0,28.0,0.459,174.3,0.0,42
OK,1346427L,Complete Strut,FCS,,42.0,0.0,2.0,40.0,47.0,47.0,14.0,0.23,174.3,0.0,7
OK,226342,steering damper,BARE,,47.0,0.0,7.0,40.0,62.0,62.0,14.0,0.23,174.3,0.0,22
OK,E89092L,Powered lift support,Power Lift,,20.0,0.0,0.0,20.0,0.0,0.0,7.0,0.115,174.3,130.3,0
OK,1333451L,Complete Strut,FCS,,639.0,164.0,29.0,610.0,1099.0,1099.0,213.0,3.492,174.7,0.0,325
OK,333375L,Strut,BARE,,65.0,42.0,2.0,63.0,107.0,107.0,22.0,0.361,174.7,0.0,2
OK,346629,Shock,BARE,,691.0,100.0,89.0,602.0,1297.0,1297.0,210.0,3.443,174.9,0.0,595
OK,8346238,Complete Strut,FCS,,54.0,17.0,11.0,43.0,101.0,101.0,15.0,0.246,174.9,0.0,41
OK,8346087,Complete Strut,FCS,,47.0,60.0,4.0,43.0,105.0,105.0,15.0,0.246,174.9,0.0,2
OK,1331758R,Complete Strut,FCS,,77.0,0.0,8.0,69.0,99.0,99.0,24.0,0.393,175.4,0.0,30
OK,86321,Lift Support,CLIFT SUPPORT,,49.0,0.0,3.0,46.0,83.0,83.0,16.0,0.262,175.4,0.0,37
OK,1355039R,Complete Strut,FCS,,28.0,0.0,5.0,23.0,44.0,44.0,8.0,0.131,175.4,0.0,21
OK,1337127L,Complete Strut,FCS,,491.0,104.0,22.0,469.0,755.0,755.0,163.0,2.672,175.5,0.0,182
OK,8346422,Complete Strut,FCS,,50.0,0.0,1.0,49.0,87.0,87.0,17.0,0.279,175.8,0.0,38
OK,80061,lift support,CLIFT SUPPORT,,49.0,0.0,0.0,49.0,36.0,36.0,17.0,0.279,175.8,46.6,0
OK,345799,Strut,BARE,,241.0,0.0,19.0,222.0,286.0,286.0,77.0,1.262,175.9,0.0,64
OK,1331614L,Complete Strut,FCS,,80.0,0.0,5.0,75.0,120.0,120.0,26.0,0.426,176.0,0.0,45
OK,333701L,Strut,BARE,,59.0,36.0,7.0,52.0,104.0,104.0,18.0,0.295,176.2,0.0,16
OK,F347205,Heavy Duty Shock Absorber,HBare,,54.0,0.0,2.0,52.0,55.0,55.0,18.0,0.295,176.2,0.0,3
OK,1333569R,Complete Strut,FCS,,1152.0,208.0,123.0,1029.0,1681.0,1681.0,356.0,5.836,176.3,0.0,444
OK,2345795,Complete Strut,FCS,,171.0,0.0,12.0,159.0,282.0,282.0,55.0,0.902,176.3,0.0,123
OK,86399,LIFT SUPPORT,CLIFT SUPPORT,,116.0,0.0,6.0,110.0,474.0,474.0,38.0,0.623,176.6,0.0,364
OK,2335876R,Complete Strut,FCS,,87.0,20.0,3.0,84.0,150.0,150.0,29.0,0.475,176.7,0.0,46
OK,SC00002,Complete Strut,FCS,,88.0,0.0,4.0,84.0,149.0,149.0,29.0,0.475,176.7,0.0,65
OK,1334146R,Complete Strut,FCS,,190.0,56.0,19.0,171.0,289.0,289.0,59.0,0.967,176.8,0.0,62
OK,335981L,Strut,BARE,,91.0,0.0,4.0,87.0,131.0,131.0,30.0,0.492,176.9,0.0,44
OK,1334486R,Complete Strut,FCS,,152.0,36.0,7.0,145.0,187.0,187.0,50.0,0.82,176.9,0.0,6
OK,1333466L,Complete Strut,FCS,,152.0,4.0,27.0,125.0,315.0,315.0,43.0,0.705,177.3,0.0,186
OK,333542L,Strut,BARE,,32.0,0.0,0.0,32.0,54.0,54.0,11.0,0.18,177.5,0.0,22
OK,346056,Shock,BARE,,169.0,61.0,6.0,163.0,291.0,291.0,56.0,0.918,177.6,0.0,67
OK,1333825R,Complete Strut,FCS,,365.0,83.0,39.0,326.0,791.0,791.0,112.0,1.836,177.6,0.0,382
OK,1332357L,Complete Strut,FCS,,222.0,125.0,18.0,204.0,290.0,290.0,70.0,1.148,177.8,0.0,0
OK,341627,Shock,BARE,,356.0,78.0,9.0,347.0,536.0,536.0,119.0,1.951,177.9,0.0,111
OK,1333160,Complete Strut,FCS,,41.0,0.0,6.0,35.0,42.0,42.0,12.0,0.197,177.9,0.0,7
OK,333971L,Strut,BARE,,35.0,0.0,0.0,35.0,59.0,59.0,12.0,0.197,177.9,0.0,24
OK,1345563,Complete Strut,FCS,,1463.0,108.0,59.0,1404.0,2366.0,2366.0,481.0,7.885,178.1,0.0,854
OK,2333942L,Complete Strut,FCS,,733.0,0.0,82.0,651.0,1149.0,1149.0,223.0,3.656,178.1,0.0,498
OK,1333494L,Complete Strut,FCS,,576.0,400.0,38.0,538.0,1076.0,1076.0,184.0,3.016,178.4,0.0,138
OK,2333467L,Complete Strut,FCS,,246.0,117.0,15.0,231.0,407.0,407.0,79.0,1.295,178.4,0.0,59
OK,346444,Shock,BARE,,579.0,0.0,38.0,541.0,1377.0,1377.0,185.0,3.033,178.4,0.0,836
OK,2331629R,Complete Strut,FCS,,254.0,0.0,14.0,240.0,591.0,591.0,82.0,1.344,178.5,0.0,351
OK,1333468L,Complete Strut,FCS,,168.0,47.0,10.0,158.0,324.0,324.0,54.0,0.885,178.5,0.0,119
OK,1345471R,Complete Strut,FCS,,44.0,12.0,0.0,44.0,61.0,61.0,15.0,0.246,178.9,0.0,5
OK,331730,Strut,BARE,,47.0,48.0,0.0,47.0,80.0,80.0,16.0,0.262,179.2,0.0,0
OK,1345978R,Complete Strut,FCS,,341.0,0.0,9.0,332.0,547.0,547.0,113.0,1.852,179.2,0.0,215
OK,346942,Shock,BARE,,94.0,0.0,0.0,94.0,129.0,129.0,32.0,0.525,179.2,0.0,35
OK,1333591L,Complete Strut,FCS,,53.0,30.0,3.0,50.0,99.0,99.0,17.0,0.279,179.4,0.0,19
OK,1345403R,Complete Strut,FCS,,117.0,63.0,11.0,106.0,185.0,185.0,36.0,0.59,179.6,0.0,16
OK,3337073,Complete Strut,FCS,,53.0,0.0,0.0,53.0,84.0,84.0,18.0,0.295,179.6,0.0,31
OK,345880,Strut,BARE,,61.0,0.0,2.0,59.0,63.0,63.0,20.0,0.328,180.0,0.0,4
OK,341601,Shock,BARE,,62.0,30.0,0.0,62.0,87.0,87.0,21.0,0.344,180.1,0.0,0
OK,36C376,Cartridge,BARE,,69.0,0.0,4.0,65.0,106.0,106.0,22.0,0.361,180.2,0.0,41
OK,333872R,Strut,BARE,,69.0,38.0,4.0,65.0,105.0,105.0,22.0,0.361,180.2,0.0,2
OK,3331660R,Complete Strut,FCS,,372.0,84.0,29.0,343.0,658.0,658.0,116.0,1.902,180.4,0.0,231
OK,84183,Lift Support,CLIFT SUPPORT,,170.0,0.0,13.0,157.0,278.0,278.0,53.0,0.869,180.7,0.0,121
OK,1333984L,Complete Strut,FCS,,329.0,0.0,15.0,314.0,457.0,457.0,106.0,1.738,180.7,0.0,143
OK,91003,Coil-Over Strut,Air Suspension,,1259.0,232.0,50.0,1209.0,2234.0,2234.0,407.0,6.672,181.2,0.0,793
OK,1331607R,Complete Strut,FCS,,647.0,11.0,49.0,598.0,957.0,957.0,201.0,3.295,181.5,0.0,348
OK,86765,LIFT SUPPORT,CLIFT SUPPORT,,292.0,0.0,9.0,283.0,413.0,413.0,95.0,1.557,181.7,0.0,130
OK,1336301L,Complete Strut,FCS,,161.0,171.0,9.0,152.0,199.0,199.0,51.0,0.836,181.8,0.0,0
OK,2333511R,Complete Strut,FCS,,185.0,16.0,21.0,164.0,282.0,282.0,55.0,0.902,181.9,0.0,102
OK,346100,Shock,BARE,,1242.0,0.0,87.0,1155.0,2561.0,2561.0,387.0,6.344,182.1,0.0,1406
OK,1345560,Complete Strut,FCS,,281.0,231.0,15.0,266.0,557.0,557.0,89.0,1.459,182.3,0.0,60
OK,1334163R,Complete Strut,FCS,,290.0,0.0,27.0,263.0,338.0,338.0,88.0,1.443,182.3,0.0,75
OK,1331715R,Complete Strut,FCS,,351.0,49.0,19.0,332.0,504.0,504.0,111.0,1.82,182.5,0.0,123
OK,1331751L,Complete Strut,FCS,,26.0,0.0,2.0,24.0,47.0,47.0,8.0,0.131,183.0,0.0,23
OK,1331758L,Complete Strut,FCS,,89.0,0.0,8.0,81.0,101.0,101.0,27.0,0.443,183.0,0.0,20
OK,1331799L,Complete Strut,FCS,,53.0,0.0,2.0,51.0,74.0,74.0,17.0,0.279,183.0,0.0,23
OK,1333415L,Complete Strut,FCS,,104.0,40.0,5.0,99.0,185.0,185.0,33.0,0.541,183.0,0.0,46
OK,1333464L,Complete Strut,FCS,,82.0,16.0,7.0,75.0,118.0,118.0,25.0,0.41,183.0,0.0,27
OK,1345541,Complete Strut,FCS,,122.0,100.0,8.0,114.0,320.0,320.0,38.0,0.623,183.0,0.0,106
OK,2331623R,Complete Strut,FCS,,40.0,0.0,1.0,39.0,56.0,56.0,13.0,0.213,183.0,0.0,17
OK,2336329L,Complete Strut,FCS,,12.0,0.0,0.0,12.0,11.0,11.0,4.0,0.066,183.0,15.2,0
OK,331900R,Strut,BARE,,30.0,32.0,0.0,30.0,81.0,81.0,10.0,0.164,183.0,0.0,19
OK,332339,Strut,BARE,,29.0,0.0,2.0,27.0,39.0,39.0,9.0,0.148,183.0,0.0,12
OK,333297,Strut,BARE,,6.0,0.0,0.0,6.0,12.0,12.0,2.0,0.033,183.0,0.0,6
OK,333448L,Strut,BARE,,4.0,0.0,1.0,3.0,4.0,4.0,1.0,0.016,183.0,0.0,1
OK,333514L,Strut,BARE,,15.0,20.0,0.0,15.0,54.0,54.0,5.0,0.082,183.0,0.0,19
OK,335523R,Strut,BARE,,28.0,0.0,1.0,27.0,27.0,27.0,9.0,0.148,183.0,0.0,0
OK,335564L,Strut,BARE,,15.0,16.0,0.0,15.0,23.0,23.0,5.0,0.082,183.0,0.0,0
OK,335578,Strut,BARE,,30.0,0.0,0.0,30.0,54.0,54.0,10.0,0.164,183.0,0.0,24
OK,341646,Shock,BARE,,40.0,0.0,4.0,36.0,58.0,58.0,12.0,0.197,183.0,0.0,22
OK,84103,Lift Support,CLIFT SUPPORT,,24.0,0.0,0.0,24.0,20.0,20.0,8.0,0.131,183.0,30.5,0
OK,84146,Lift Support,CLIFT SUPPORT,,18.0,0.0,0.0,18.0,23.0,23.0,6.0,0.098,183.0,0.0,5
OK,84383,Lift Support,CLIFT SUPPORT,,46.0,0.0,1.0,45.0,33.0,33.0,15.0,0.246,183.0,48.8,0
OK,84800,Lift Support,CLIFT SUPPORT,,63.0,0.0,0.0,63.0,56.0,56.0,21.0,0.344,183.0,20.3,0
OK,86236,Lift Support,CLIFT SUPPORT,,117.0,0.0,0.0,117.0,162.0,162.0,39.0,0.639,183.0,0.0,45
OK,86604,Lift Support,CLIFT SUPPORT,,36.0,0.0,0.0,36.0,35.0,35.0,12.0,0.197,183.0,5.1,0
OK,333377R,Strut,BARE,,63.0,40.0,0.0,63.0,71.0,71.0,21.0,0.344,183.0,0.0,0
OK,2331908R,Complete Strut,FCS,,147.0,43.0,12.0,135.0,212.0,212.0,45.0,0.738,183.0,0.0,34
OK,333592L,Strut,BARE,,6.0,0.0,0.0,6.0,8.0,8.0,2.0,0.033,183.0,0.0,2
OK,346336,Shock,BARE,,9.0,0.0,0.0,9.0,10.0,10.0,3.0,0.049,183.0,0.0,1
OK,345904L,Strut,BARE,,3.0,24.0,0.0,3.0,9.0,9.0,1.0,0.016,183.0,0.0,0
OK,2331762R,Complete Strut,FCS,,18.0,0.0,0.0,18.0,22.0,22.0,6.0,0.098,183.0,0.0,4
OK,1335585R,Complete Strut,FCS,,33.0,0.0,3.0,30.0,90.0,90.0,10.0,0.164,183.0,0.0,60
OK,86030,LIFT SUPPORT,CLIFT SUPPORT,,12.0,0.0,0.0,12.0,22.0,22.0,4.0,0.066,183.0,0.0,10
OK,333837l,Strut,BARE,,3.0,0.0,0.0,3.0,9.0,9.0,1.0,0.016,183.0,0.0,6
OK,1346326L,Complete Strut,FCS,,28.0,0.0,4.0,24.0,65.0,65.0,8.0,0.131,183.0,0.0,41
OK,1355029,Complete Strut,FCS,,71.0,0.0,5.0,66.0,132.0,132.0,22.0,0.361,183.0,0.0,66
OK,Q4017,Air Spring,Air Suspension,,9.0,0.0,0.0,9.0,14.0,14.0,3.0,0.049,183.0,0.0,5
OK,2334124R,Complete Strut,FCS,,35.0,0.0,2.0,33.0,39.0,39.0,11.0,0.18,183.0,0.0,6
OK,Q9034,Air Spring,Air Suspension,,12.0,0.0,0.0,12.0,12.0,12.0,4.0,0.066,183.0,0.0,0
OK,Q4015,Air Spring,Air Suspension,,6.0,0.0,0.0,6.0,8.0,8.0,2.0,0.033,183.0,0.0,2
OK,Q4029,Air Spring,Air Suspension,,12.0,0.0,0.0,12.0,15.0,15.0,4.0,0.066,183.0,0.0,3
OK,92046,Electronic Air Strut,Air Suspension,,3.0,0.0,0.0,3.0,0.0,0.0,1.0,0.016,183.0,139.0,0
OK,8346449RL,Complete Strut,FCS,,80.0,0.0,8.0,72.0,152.0,152.0,24.0,0.393,183.0,0.0,80
OK,226327,Shock,BARE,,22.0,34.0,1.0,21.0,49.0,49.0,7.0,0.115,183.0,0.0,0
OK,80032,Lift Support,CLIFT SUPPORT,,39.0,0.0,0.0,39.0,21.0,21.0,13.0,0.213,183.0,84.5,0
OK,2355160L,Complete Strut,FCS,,69.0,0.0,0.0,69.0,42.0,42.0,23.0,0.377,183.0,71.6,0
OK,334421L,Strut,BARE,,27.0,0.0,0.0,27.0,28.0,28.0,9.0,0.148,183.0,0.0,1
OK,80004,lift support,CLIFT SUPPORT,,30.0,0.0,0.0,30.0,0.0,0.0,10.0,0.164,183.0,139.0,0
OK,348078,Shock,BARE,,30.0,0.0,0.0,30.0,0.0,0.0,10.0,0.164,183.0,139.0,0
OK,342466,Shock,BARE,,1607.0,0.0,69.0,1538.0,3254.0,3254.0,511.0,8.377,183.6,0.0,1716
OK,2333467R,Complete Strut,FCS,,243.0,95.0,14.0,229.0,429.0,429.0,76.0,1.246,183.8,0.0,105
OK,1332356L,Complete Strut,FCS,,603.0,1.0,36.0,567.0,764.0,764.0,188.0,3.082,184.0,0.0,196
OK,1334077L,Complete Strut,FCS,,607.0,66.0,43.0,564.0,885.0,885.0,187.0,3.066,184.0,0.0,255
OK,86166,Lift Support,CLIFT SUPPORT,,326.0,0.0,18.0,308.0,525.0,525.0,102.0,1.672,184.2,0.0,217
OK,94005,Magnetic Comp. Strut,Air Suspension,,701.0,0.0,82.0,619.0,1045.0,1045.0,205.0,3.361,184.2,0.0,426
OK,1333752L,Complete Strut,FCS,,164.0,0.0,25.0,139.0,285.0,285.0,46.0,0.754,184.3,0.0,146
OK,1332355L,Complete Strut,FCS,,119.0,0.0,10.0,109.0,149.0,149.0,36.0,0.59,184.7,0.0,40
OK,86878,LIFT SUPPORT,CLIFT SUPPORT,,103.0,0.0,0.0,103.0,138.0,138.0,34.0,0.557,184.8,0.0,35
OK,1331716R,Complete Strut,FCS,,99.0,0.0,5.0,94.0,172.0,172.0,31.0,0.508,185.0,0.0,78
OK,346985,Shock,BARE,,91.0,0.0,0.0,91.0,125.0,125.0,30.0,0.492,185.0,0.0,34
OK,1331625R,Complete Strut,FCS,,185.0,10.0,12.0,173.0,250.0,250.0,57.0,0.934,185.1,0.0,67
OK,1333435L,Complete Strut,FCS,,281.0,41.0,14.0,267.0,346.0,346.0,88.0,1.443,185.1,0.0,38
OK,1333919L,Complete Strut,FCS,,193.0,4.0,17.0,176.0,368.0,368.0,58.0,0.951,185.1,0.0,188
OK,2345798L,Complete Strut,FCS,,87.0,19.0,5.0,82.0,127.0,127.0,27.0,0.443,185.3,0.0,26
OK,1332342R,Complete Strut,FCS,,165.0,3.0,10.0,155.0,245.0,245.0,51.0,0.836,185.4,0.0,87
OK,DT346323,Shock,BARE,,152.0,96.0,6.0,146.0,329.0,329.0,48.0,0.787,185.5,0.0,87
OK,1333832R,Complete Strut,FCS,,154.0,0.0,8.0,146.0,215.0,215.0,48.0,0.787,185.5,0.0,69
OK,1335958R,Complete Strut,FCS,,721.0,80.0,51.0,670.0,1338.0,1338.0,220.0,3.607,185.8,0.0,588
OK,1334058R,Complete Strut,FCS,,72.0,45.0,5.0,67.0,131.0,131.0,22.0,0.361,185.8,0.0,19
OK,86837,LIFT SUPPORT,CLIFT SUPPORT,,112.0,0.0,2.0,110.0,183.0,183.0,36.0,0.59,186.4,0.0,73
OK,8346346,Complete Strut,FCS,,169.0,0.0,7.0,162.0,219.0,219.0,53.0,0.869,186.5,0.0,57
OK,331370,Strut,BARE,,103.0,0.0,2.0,101.0,106.0,106.0,33.0,0.541,186.7,0.0,5
OK,3333393R,Complete Strut,FCS,,527.0,149.0,49.0,478.0,837.0,837.0,156.0,2.557,186.9,0.0,210
OK,5333392L,Complete Strut,FCS,,49.0,1.0,3.0,46.0,51.0,51.0,15.0,0.246,187.1,0.0,4
OK,86451,Lift Support,CLIFT SUPPORT,,46.0,0.0,0.0,46.0,43.0,43.0,15.0,0.246,187.1,12.2,0
OK,1337098R,Complete Strut,FCS,,101.0,0.0,12.0,89.0,160.0,160.0,29.0,0.475,187.2,0.0,71
OK,1331060L,Complete Strut,FCS,,57.0,0.0,14.0,43.0,80.0,80.0,14.0,0.23,187.4,0.0,37
OK,1345481R,Complete Strut,FCS,,93.0,0.0,10.0,83.0,149.0,149.0,27.0,0.443,187.5,0.0,66
OK,1331657R,Complete Strut,FCS,,45.0,0.0,5.0,40.0,75.0,75.0,13.0,0.213,187.7,0.0,35
OK,2333491R,Complete Strut,FCS,,240.0,0.0,15.0,225.0,332.0,332.0,73.0,1.197,188.0,0.0,107
OK,E89028R,Powered lift support,Power Lift,,37.0,0.0,0.0,37.0,2.0,2.0,12.0,0.197,188.1,177.9,0
OK,1334107L,Complete Strut,FCS,,81.0,0.0,10.0,71.0,112.0,112.0,23.0,0.377,188.3,0.0,41
OK,8346031,Complete Strut,FCS,,363.0,0.0,45.0,318.0,480.0,480.0,103.0,1.689,188.3,0.0,162
OK,333750,Strut,BARE,,107.0,0.0,2.0,105.0,145.0,145.0,34.0,0.557,188.4,0.0,40
OK,346325,Shock,BARE,,35.0,0.0,1.0,34.0,46.0,46.0,11.0,0.18,188.5,0.0,12
OK,1336329R,Complete Strut,FCS,,284.0,67.0,15.0,269.0,503.0,503.0,87.0,1.426,188.6,0.0,167
OK,1334163L,Complete Strut,FCS,,286.0,0.0,29.0,257.0,320.0,320.0,83.0,1.361,188.9,0.0,63
OK,8346743,Complete Strut,FCS,,140.0,0.0,13.0,127.0,303.0,303.0,41.0,0.672,189.0,0.0,176
OK,335575,Strut,BARE,,61.0,0.0,2.0,59.0,72.0,72.0,19.0,0.311,189.4,0.0,13
OK,2345750,Complete Strut,FCS,,59.0,20.0,3.0,56.0,85.0,85.0,18.0,0.295,189.8,0.0,9
OK,Q4012,Air Spring,Air Suspension,,28.0,0.0,0.0,28.0,24.0,24.0,9.0,0.148,189.8,27.1,0
OK,1333298,Complete Strut,FCS,,91.0,0.0,10.0,81.0,146.0,146.0,26.0,0.426,190.0,0.0,65
OK,84101,Lift Support,CLIFT SUPPORT,,89.0,0.0,8.0,81.0,73.0,73.0,26.0,0.426,190.0,18.8,0
OK,346949,Shock,BARE,,114.0,0.0,5.0,109.0,160.0,160.0,35.0,0.574,190.0,0.0,51
OK,2333365R,Complete Strut,FCS,,217.0,233.0,33.0,184.0,480.0,480.0,59.0,0.967,190.2,0.0,63
OK,1333709R,Complete Strut,FCS,,60.0,33.0,7.0,53.0,102.0,102.0,17.0,0.279,190.2,0.0,16
OK,1334090L,Complete Strut,FCS,,280.0,0.0,27.0,253.0,390.0,390.0,81.0,1.328,190.5,0.0,137
OK,1336309,Complete Strut,FCS,,25.0,0.0,0.0,25.0,19.0,19.0,8.0,0.131,190.6,45.8,0
OK,F442857,Heavy Duty Shock Absorber,HBare,,27.0,0.0,2.0,25.0,56.0,56.0,8.0,0.131,190.6,0.0,31
OK,84727,Lift Support,CLIFT SUPPORT,,149.0,0.0,2.0,147.0,194.0,194.0,47.0,0.77,190.8,0.0,47
OK,1335827L,Complete Strut,FCS,,215.0,36.0,21.0,194.0,225.0,225.0,62.0,1.016,190.9,0.0,0
OK,8346243,Complete Strut,FCS,,80.0,0.0,8.0,72.0,77.0,77.0,23.0,0.377,191.0,0.0,5
OK,1336329L,Complete Strut,FCS,,300.0,189.0,18.0,282.0,453.0,453.0,90.0,1.475,191.1,0.0,0
OK,1331614R,Complete Strut,FCS,,75.0,32.0,6.0,69.0,129.0,129.0,22.0,0.361,191.3,0.0,28
OK,86436,Lift Support,CLIFT SUPPORT,,75.0,0.0,6.0,69.0,87.0,87.0,22.0,0.361,191.3,0.0,18
OK,346480,Shock,BARE,,278.0,0.0,27.0,251.0,473.0,473.0,80.0,1.311,191.4,0.0,222
OK,1333511L,Complete Strut,FCS,,120.0,0.0,7.0,113.0,184.0,184.0,36.0,0.59,191.5,0.0,71
OK,1345845R,Complete Strut,FCS,,502.0,0.0,34.0,468.0,783.0,783.0,149.0,2.443,191.6,0.0,315
OK,346258,Shock,BARE,,493.0,100.0,50.0,443.0,911.0,911.0,141.0,2.311,191.7,0.0,368
OK,89093R,Non-power side lift support,Power Lift,,22.0,0.0,0.0,22.0,0.0,0.0,7.0,0.115,191.7,147.7,0
OK,2331582L,Complete Strut,FCS,,321.0,27.0,38.0,283.0,503.0,503.0,90.0,1.475,191.8,0.0,193
OK,8346041,Complete Strut,FCS,,561.0,108.0,83.0,478.0,866.0,866.0,152.0,2.492,191.8,0.0,280
OK,86127,Lift Support,CLIFT SUPPORT,,84.0,0.0,2.0,82.0,142.0,142.0,26.0,0.426,192.4,0.0,60
OK,3331660L,Complete Strut,FCS,,407.0,67.0,25.0,382.0,689.0,689.0,121.0,1.984,192.6,0.0,240
OK,331694R,Strut,BARE,,185.0,56.0,5.0,180.0,263.0,263.0,57.0,0.934,192.6,0.0,27
OK,2333450R,Complete Strut,FCS,,149.0,1.0,10.0,139.0,220.0,220.0,44.0,0.721,192.7,0.0,80
OK,341518,Shock,BARE,,926.0,220.0,16.0,910.0,1209.0,1209.0,288.0,4.721,192.7,0.0,79
OK,342790,Shock,BARE,,651.0,0.0,19.0,632.0,882.0,882.0,200.0,3.279,192.8,0.0,250
OK,1334079L,Complete Strut,FCS,,181.0,0.0,23.0,158.0,262.0,262.0,50.0,0.82,192.8,0.0,104
OK,2332368R,Complete Strut,FCS,,125.0,72.0,8.0,117.0,205.0,205.0,37.0,0.607,192.9,0.0,16
OK,342785,Shock,BARE,,141.0,40.0,5.0,136.0,224.0,224.0,43.0,0.705,192.9,0.0,48
OK,2333296L,Complete Strut,FCS,,1311.0,399.0,71.0,1240.0,1831.0,1831.0,392.0,6.426,193.0,0.0,192
OK,2336311L,Complete Strut,FCS,,252.0,80.0,21.0,231.0,560.0,560.0,73.0,1.197,193.0,0.0,249
OK,345760L,Strut,BARE,,20.0,0.0,1.0,19.0,17.0,17.0,6.0,0.098,193.2,20.3,0
OK,84882,Lift Support,CLIFT SUPPORT,,21.0,0.0,2.0,19.0,13.0,13.0,6.0,0.098,193.2,61.0,0
OK,2333745L,Complete Strut,FCS,,44.0,0.0,6.0,38.0,45.0,45.0,12.0,0.197,193.2,0.0,7
OK,3345793L,Complete Strut,FCS,,59.0,0.0,2.0,57.0,120.0,120.0,18.0,0.295,193.2,0.0,63
OK,1345596L,Complete Strut,FCS,,59.0,0.0,2.0,57.0,81.0,81.0,18.0,0.295,193.2,0.0,24
OK,SC00038,Complete Strut,FCS,,20.0,0.0,1.0,19.0,17.0,17.0,6.0,0.098,193.2,20.3,0
OK,342129,Shock,BARE,,299.0,100.0,20.0,279.0,519.0,519.0,88.0,1.443,193.4,0.0,140
OK,342781,Shock,BARE,,159.0,190.0,10.0,149.0,311.0,311.0,47.0,0.77,193.4,0.0,0
OK,346448,Shock,BARE,,158.0,98.0,12.0,146.0,224.0,224.0,46.0,0.754,193.6,0.0,0
OK,84073,Lift Support,CLIFT SUPPORT,,58.0,0.0,4.0,54.0,79.0,79.0,17.0,0.279,193.8,0.0,25
OK,1331622L,Complete Strut,FCS,,392.0,160.0,39.0,353.0,736.0,736.0,111.0,1.82,194.0,0.0,223
OK,SC00031,Complete Strut,FCS,,73.0,0.0,3.0,70.0,86.0,86.0,22.0,0.361,194.1,0.0,16
OK,2333817R,Complete Strut,FCS,,88.0,11.0,2.0,86.0,105.0,105.0,27.0,0.443,194.3,0.0,8
OK,2333987L,Complete Strut,FCS,,186.0,56.0,14.0,172.0,282.0,282.0,54.0,0.885,194.3,0.0,54
OK,346322,Shock,BARE,,133.0,20.0,15.0,118.0,201.0,201.0,37.0,0.607,194.5,0.0,63
OK,333514R,Strut,BARE,,16.0,48.0,0.0,16.0,62.0,62.0,5.0,0.082,195.2,0.0,0
OK,335795R,Strut,BARE,,17.0,0.0,1.0,16.0,24.0,24.0,5.0,0.082,195.2,0.0,8
OK,84459,Lift Support,CLIFT SUPPORT,,32.0,0.0,0.0,32.0,20.0,20.0,10.0,0.164,195.2,73.2,0
OK,1333760,Complete Strut,FCS,,659.0,97.0,51.0,608.0,787.0,787.0,190.0,3.115,195.2,0.0,82
OK,1333746R,Complete Strut,FCS,,214.0,0.0,6.0,208.0,306.0,306.0,65.0,1.066,195.2,0.0,98
OK,1333458L,Complete Strut,FCS,,16.0,0.0,0.0,16.0,15.0,15.0,5.0,0.082,195.2,12.2,0
OK,346057,Shock,BARE,,268.0,0.0,5.0,263.0,368.0,368.0,82.0,1.344,195.6,0.0,105
OK,346346,Shock,BARE,,226.0,200.0,8.0,218.0,373.0,373.0,68.0,1.115,195.6,0.0,0
OK,1333434L,Complete Strut,FCS,,185.0,0.0,15.0,170.0,232.0,232.0,53.0,0.869,195.7,0.0,62
OK,86757,Lift Support,CLIFT SUPPORT,,965.0,0.0,28.0,937.0,1254.0,1254.0,292.0,4.787,195.7,0.0,317
OK,SC00012,Complete Strut,FCS,,62.0,0.0,1.0,61.0,61.0,61.0,19.0,0.311,195.8,0.0,0
OK,341537,Shock,BARE,,120.0,10.0,4.0,116.0,162.0,162.0,36.0,0.59,196.6,0.0,36
OK,84551R,Lift Support,CLIFT SUPPORT,,29.0,0.0,0.0,29.0,62.0,62.0,9.0,0.148,196.6,0.0,33
OK,2335909L,Complete Strut,FCS,,132.0,88.0,16.0,116.0,236.0,236.0,36.0,0.59,196.6,0.0,32
OK,2355072R,Complete Strut,FCS,,29.0,0.0,0.0,29.0,24.0,24.0,9.0,0.148,196.6,33.9,0
OK,334125R,Strut,BARE,,37.0,0.0,8.0,29.0,29.0,29.0,9.0,0.148,196.6,0.0,0
OK,2333494L,Complete Strut,FCS,,229.0,8.0,16.0,213.0,386.0,386.0,66.0,1.082,196.9,0.0,165
OK,1333433L,Complete Strut,FCS,,210.0,0.0,13.0,197.0,221.0,221.0,61.0,1.0,197.0,0.0,24
OK,1331601R,Complete Strut,FCS,,803.0,84.0,70.0,733.0,1075.0,1075.0,227.0,3.721,197.0,0.0,258
OK,1335880L,Complete Strut,FCS,,237.0,0.0,27.0,210.0,353.0,353.0,65.0,1.066,197.1,0.0,143
OK,6333406R,Complete Strut,FCS,,48.0,24.0,6.0,42.0,77.0,77.0,13.0,0.213,197.1,0.0,11
OK,99010,Electronic Air Strut,Air Suspension,,44.0,0.0,2.0,42.0,45.0,45.0,13.0,0.213,197.1,0.0,3
OK,226335,Shock,BARE,,45.0,0.0,3.0,42.0,52.0,52.0,13.0,0.213,197.1,0.0,10
OK,2336347,Complete Strut,FCS,,215.0,1.0,8.0,207.0,371.0,371.0,64.0,1.049,197.3,0.0,163
OK,1331573L,Complete Strut,FCS,,58.0,1.0,3.0,55.0,74.0,74.0,17.0,0.279,197.4,0.0,18
OK,342599,Shock,BARE,,55.0,55.0,0.0,55.0,111.0,111.0,17.0,0.279,197.4,0.0,1
OK,1355076R,Complete Strut,FCS,,72.0,0.0,4.0,68.0,100.0,100.0,21.0,0.344,197.5,0.0,32
OK,346093,Shock,BARE,,480.0,85.0,36.0,444.0,917.0,917.0,137.0,2.246,197.7,0.0,388
OK,86408,Lift Support,CLIFT SUPPORT,,106.0,0.0,12.0,94.0,88.0,88.0,29.0,0.475,197.7,12.6,0
OK,341622,Shock,BARE,,109.0,0.0,2.0,107.0,137.0,137.0,33.0,0.541,197.8,0.0,30
OK,347023,Shock,BARE,,520.0,0.0,27.0,493.0,961.0,961.0,152.0,2.492,197.8,0.0,468
OK,2355057,Complete Strut,FCS,,151.0,108.0,5.0,146.0,305.0,305.0,45.0,0.738,197.9,0.0,51
OK,2333511L,Complete Strut,FCS,,192.0,0.0,7.0,185.0,252.0,252.0,57.0,0.934,198.0,0.0,67
OK,1332306R,Complete Strut,FCS,,437.0,191.0,44.0,393.0,709.0,709.0,121.0,1.984,198.1,0.0,125
OK,1331747R,Complete Strut,FCS,,28.0,16.0,2.0,26.0,42.0,42.0,8.0,0.131,198.2,0.0,0
OK,3336329R,Complete Strut,FCS,,28.0,12.0,2.0,26.0,32.0,32.0,8.0,0.131,198.2,0.0,0
OK,1331601L,Complete Strut,FCS,,833.0,163.0,78.0,755.0,1111.0,1111.0,232.0,3.803,198.5,0.0,193
OK,1345984L,Complete Strut,FCS,,247.0,0.0,22.0,225.0,315.0,315.0,69.0,1.131,198.9,0.0,90
OK,2333492R,Complete Strut,FCS,,120.0,0.0,9.0,111.0,149.0,149.0,34.0,0.557,199.1,0.0,38
OK,1333820L,Complete Strut,FCS,,71.0,0.0,9.0,62.0,90.0,90.0,19.0,0.311,199.1,0.0,28
OK,346034,Shock,BARE,,67.0,0.0,5.0,62.0,73.0,73.0,19.0,0.311,199.1,0.0,11
OK,1332344,Complete Strut,FCS,,203.0,0.0,10.0,193.0,147.0,147.0,59.0,0.967,199.5,47.6,0
OK,1345403L,Complete Strut,FCS,,118.0,44.0,10.0,108.0,202.0,202.0,33.0,0.541,199.6,0.0,50
OK,1333964L,Complete Strut,FCS,,716.0,240.0,32.0,684.0,1376.0,1376.0,209.0,3.426,199.6,0.0,452
OK,KY001,Air Compressor,Air Suspension,,76.0,0.0,4.0,72.0,71.0,71.0,22.0,0.361,199.6,2.8,0
OK,1336339,Complete Strut,FCS,,315.0,30.0,17.0,298.0,272.0,272.0,91.0,1.492,199.8,17.4,0
OK,1333494R,Complete Strut,FCS,,595.0,320.0,38.0,557.0,1054.0,1054.0,170.0,2.787,199.9,0.0,177
OK,1345742R,Complete Strut,FCS,,160.0,0.0,6.0,154.0,215.0,215.0,47.0,0.77,199.9,0.0,61
OK,342518,Shock,BARE,,197.0,67.0,20.0,177.0,347.0,347.0,54.0,0.885,199.9,0.0,103
OK,342525,Shock,BARE,,717.0,160.0,28.0,689.0,1163.0,1163.0,210.0,3.443,200.1,0.0,314
OK,1331613R,Complete Strut,FCS,,23.0,1.0,0.0,23.0,22.0,22.0,7.0,0.115,200.4,8.7,0
OK,331783R,Strut,BARE,,25.0,0.0,2.0,23.0,20.0,20.0,7.0,0.115,200.4,26.1,0
OK,84794,Lift Support,CLIFT SUPPORT,,52.0,0.0,6.0,46.0,59.0,59.0,14.0,0.23,200.4,0.0,13
OK,1336322L,Complete Strut,FCS,,46.0,5.0,0.0,46.0,49.0,49.0,14.0,0.23,200.4,0.0,0
OK,1331847L,Complete Strut,FCS,,23.0,0.0,0.0,23.0,22.0,22.0,7.0,0.115,200.4,8.7,0
OK,341555,Shock,BARE,,50.0,0.0,4.0,46.0,109.0,109.0,14.0,0.23,200.4,0.0,63
OK,8346363,Complete Strut,FCS,,51.0,0.0,5.0,46.0,106.0,106.0,14.0,0.23,200.4,0.0,60
OK,1334146L,Complete Strut,FCS,,216.0,0.0,22.0,194.0,344.0,344.0,59.0,0.967,200.6,0.0,150
OK,341514,Shock,BARE,,1397.0,461.0,81.0,1316.0,2246.0,2246.0,400.0,6.557,200.7,0.0,469
OK,333957L,Strut,BARE,,58.0,0.0,2.0,56.0,108.0,108.0,17.0,0.279,200.9,0.0,52
OK,1333313R,Complete Strut,FCS,,483.0,80.0,25.0,458.0,660.0,660.0,139.0,2.279,201.0,0.0,122
OK,1345470,Complete Strut,FCS,,138.0,50.0,16.0,122.0,144.0,144.0,37.0,0.607,201.1,0.0,0
OK,1335877L,Complete Strut,FCS,,250.0,0.0,29.0,221.0,322.0,322.0,67.0,1.098,201.2,0.0,101
OK,1331767L,Complete Strut,FCS,,34.0,0.0,1.0,33.0,43.0,43.0,10.0,0.164,201.3,0.0,10
OK,1333434R,Complete Strut,FCS,,185.0,0.0,20.0,165.0,266.0,266.0,50.0,0.82,201.3,0.0,101
OK,84627,Lift Support,CLIFT SUPPORT,,66.0,0.0,0.0,66.0,85.0,85.0,20.0,0.328,201.3,0.0,19
OK,345826,Strut,BARE,,66.0,0.0,0.0,66.0,70.0,70.0,20.0,0.328,201.3,0.0,4
OK,345879R,Strut,BARE,,34.0,0.0,1.0,33.0,21.0,21.0,10.0,0.164,201.3,73.2,0
OK,347014,Shock,BARE,,481.0,150.0,22.0,459.0,739.0,739.0,139.0,2.279,201.4,0.0,130
OK,1335880R,Complete Strut,FCS,,233.0,0.0,15.0,218.0,349.0,349.0,66.0,1.082,201.5,0.0,131
OK,341529,Shock,BARE,,1165.0,550.0,21.0,1144.0,1933.0,1933.0,346.0,5.672,201.7,0.0,239
OK,1334077R,Complete Strut,FCS,,608.0,98.0,39.0,569.0,836.0,836.0,172.0,2.82,201.8,0.0,169
OK,2335908L,Complete Strut,FCS,,221.0,48.0,9.0,212.0,327.0,327.0,64.0,1.049,202.1,0.0,67
OK,2333942R,Complete Strut,FCS,,778.0,0.0,69.0,709.0,1317.0,1317.0,214.0,3.508,202.1,0.0,608
OK,DT347073,Shock,BARE,,63.0,46.0,0.0,63.0,122.0,122.0,19.0,0.311,202.3,0.0,13
OK,1332315,Complete Strut,FCS,,107.0,15.0,4.0,103.0,104.0,104.0,31.0,0.508,202.7,0.0,0
OK,1335615R,Complete Strut,FCS,,117.0,6.0,4.0,113.0,197.0,197.0,34.0,0.557,202.7,0.0,78
OK,1331625L,Complete Strut,FCS,,181.0,10.0,8.0,173.0,284.0,284.0,52.0,0.852,202.9,0.0,101
OK,1333497L,Complete Strut,FCS,,469.0,432.0,73.0,396.0,1006.0,1006.0,119.0,1.951,203.0,0.0,178
OK,86466,Lift Support,CLIFT SUPPORT,,192.0,0.0,9.0,183.0,241.0,241.0,55.0,0.902,203.0,0.0,58
OK,1333431L,Complete Strut,FCS,,70.0,27.0,10.0,60.0,140.0,140.0,18.0,0.295,203.3,0.0,53
OK,1345764L,Complete Strut,FCS,,11.0,16.0,1.0,10.0,25.0,25.0,3.0,0.049,203.3,0.0,0
OK,2336329R,Complete Strut,FCS,,10.0,0.0,0.0,10.0,10.0,10.0,3.0,0.049,203.3,0.0,0
OK,331680,Strut,BARE,,30.0,0.0,0.0,30.0,29.0,29.0,9.0,0.148,203.3,6.8,0
OK,345490,Strut,BARE,,40.0,53.0,0.0,40.0,42.0,42.0,12.0,0.197,203.3,0.0,0
OK,84291,Lift Support,CLIFT SUPPORT,,134.0,0.0,4.0,130.0,113.0,113.0,39.0,0.639,203.3,26.6,0
OK,84531,Lift Support,CLIFT SUPPORT,,100.0,0.0,10.0,90.0,114.0,114.0,27.0,0.443,203.3,0.0,24
OK,1331794R,Complete Strut,FCS,,121.0,3.0,1.0,120.0,91.0,91.0,36.0,0.59,203.3,49.1,0
OK,1333837L,Complete Strut,FCS,,102.0,30.0,2.0,100.0,143.0,143.0,30.0,0.492,203.3,0.0,13
OK,333800L,Strut,BARE,,12.0,0.0,2.0,10.0,50.0,50.0,3.0,0.049,203.3,0.0,40
OK,99016,Electronic Air Strut,Air Suspension,,11.0,12.0,1.0,10.0,13.0,13.0,3.0,0.049,203.3,0.0,0
OK,Q4030,Air Spring,Air Suspension,,12.0,0.0,2.0,10.0,13.0,13.0,3.0,0.049,203.3,0.0,3
OK,95031,Air Conv. Kit,Air Suspension,,10.0,4.0,0.0,10.0,14.0,14.0,3.0,0.049,203.3,0.0,0
OK,1333787L,Complete Strut,FCS,,678.0,0.0,24.0,654.0,887.0,887.0,196.0,3.213,203.5,0.0,233
OK,341540,Shock,BARE,,711.0,140.0,43.0,668.0,1153.0,1153.0,200.0,3.279,203.7,0.0,345
OK,SC00014,Complete Strut,FCS,,128.0,0.0,11.0,117.0,217.0,217.0,35.0,0.574,203.9,0.0,100
OK,346742,Shock,BARE,,99.0,16.0,2.0,97.0,134.0,134.0,29.0,0.475,204.0,0.0,21
OK,346431,Shock,BARE,,482.0,0.0,17.0,465.0,813.0,813.0,139.0,2.279,204.1,0.0,348
OK,1335582R,Complete Strut,FCS,,240.0,115.0,19.0,221.0,406.0,406.0,66.0,1.082,204.3,0.0,70
OK,1336327,Complete Strut,FCS,,232.0,274.0,11.0,221.0,476.0,476.0,66.0,1.082,204.3,0.0,0
OK,1331603R,Complete Strut,FCS,,68.0,0.0,1.0,67.0,88.0,88.0,20.0,0.328,204.4,0.0,21
OK,346557,Shock,BARE,,408.0,170.0,36.0,372.0,826.0,826.0,111.0,1.82,204.4,0.0,284
OK,1335892R,Complete Strut,FCS,,60.0,0.0,3.0,57.0,93.0,93.0,17.0,0.279,204.5,0.0,36
OK,1337023L,Complete Strut,FCS,,805.0,0.0,43.0,762.0,1130.0,1130.0,227.0,3.721,204.8,0.0,368
OK,8346789,Complete Strut,FCS,,53.0,12.0,6.0,47.0,70.0,70.0,14.0,0.23,204.8,0.0,11
OK,2345721L,Complete Strut,FCS,,720.0,0.0,78.0,642.0,1111.0,1111.0,191.0,3.131,205.0,0.0,469
OK,1334051L,Complete Strut,FCS,,925.0,240.0,78.0,847.0,1563.0,1563.0,252.0,4.131,205.0,0.0,476
OK,2332367L,Complete Strut,FCS,,210.0,0.0,15.0,195.0,385.0,385.0,58.0,0.951,205.1,0.0,190
OK,84973,Lift Support,CLIFT SUPPORT,,41.0,0.0,4.0,37.0,32.0,32.0,11.0,0.18,205.2,27.7,0
OK,86764,Lift Support,CLIFT SUPPORT,,37.0,0.0,0.0,37.0,32.0,32.0,11.0,0.18,205.2,27.7,0
OK,F343372,Heavy Duty Shock Absorber,HBare,,37.0,0.0,0.0,37.0,53.0,53.0,11.0,0.18,205.2,0.0,16
OK,1333745L,Complete Strut,FCS,,185.0,31.0,10.0,175.0,242.0,242.0,52.0,0.852,205.3,0.0,36
OK,331727,Strut,BARE,,138.0,50.0,10.0,128.0,147.0,147.0,38.0,0.623,205.5,0.0,0
OK,347072,Shock,BARE,,816.0,318.0,34.0,782.0,1193.0,1193.0,232.0,3.803,205.6,0.0,93
OK,345793,Strut,BARE,,68.0,0.0,14.0,54.0,98.0,98.0,16.0,0.262,205.9,0.0,44
OK,334421R,Strut,BARE,,27.0,0.0,0.0,27.0,25.0,25.0,8.0,0.131,205.9,15.2,0
OK,86569,Lift Support,CLIFT SUPPORT,,74.0,0.0,3.0,71.0,59.0,59.0,21.0,0.344,206.2,34.9,0
OK,2333532L,Complete Strut,FCS,,121.0,9.0,6.0,115.0,206.0,206.0,34.0,0.557,206.3,0.0,82
OK,1337127R,Complete Strut,FCS,,632.0,0.0,30.0,602.0,752.0,752.0,178.0,2.918,206.3,0.0,150
OK,1333448R,Complete Strut,FCS,,326.0,0.0,35.0,291.0,431.0,431.0,86.0,1.41,206.4,0.0,140
OK,86557,Lift Support,CLIFT SUPPORT,,44.0,0.0,0.0,44.0,59.0,59.0,13.0,0.213,206.5,0.0,15
OK,3335909L,Complete Strut,FCS,,139.0,40.0,7.0,132.0,223.0,223.0,39.0,0.639,206.5,0.0,51
OK,1345480R,Complete Strut,FCS,,49.0,0.0,5.0,44.0,64.0,64.0,13.0,0.213,206.5,0.0,20
OK,342905,Shock,BARE,,63.0,0.0,2.0,61.0,89.0,89.0,18.0,0.295,206.7,0.0,28
OK,1355027R,Complete Strut,FCS,,88.0,0.0,10.0,78.0,112.0,112.0,23.0,0.377,206.9,0.0,34
OK,1335614R,Complete Strut,FCS,,213.0,0.0,16.0,197.0,223.0,223.0,58.0,0.951,207.2,0.0,26
OK,1331763L,Complete Strut,FCS,,55.0,0.0,4.0,51.0,59.0,59.0,15.0,0.246,207.4,0.0,8
OK,2336312,Complete Strut,FCS,,51.0,0.0,0.0,51.0,70.0,70.0,15.0,0.246,207.4,0.0,19
OK,333477L,Strut,BARE,,35.0,0.0,1.0,34.0,46.0,46.0,10.0,0.164,207.4,0.0,12
OK,99048,Electronic Air Strut,Air Suspension,,17.0,0.0,0.0,17.0,23.0,23.0,5.0,0.082,207.4,0.0,6
OK,2333524R,Complete Strut,FCS,,54.0,0.0,3.0,51.0,69.0,69.0,15.0,0.246,207.4,0.0,18
OK,334108R,Strut,BARE,,17.0,0.0,0.0,17.0,33.0,33.0,5.0,0.082,207.4,0.0,16
OK,1333737,Complete Strut,FCS,,798.0,84.0,39.0,759.0,1184.0,1184.0,223.0,3.656,207.6,0.0,341
OK,1336348,Complete Strut,FCS,,513.0,217.0,19.0,494.0,953.0,953.0,145.0,2.377,207.8,0.0,242
OK,341544,Shock,BARE,,837.0,0.0,36.0,801.0,1302.0,1302.0,235.0,3.852,207.9,0.0,501
OK,1331839L,Complete Strut,FCS,,503.0,2.0,43.0,460.0,805.0,805.0,135.0,2.213,207.9,0.0,343
OK,1331583R,Complete Strut,FCS,,64.0,16.0,6.0,58.0,93.0,93.0,17.0,0.279,208.1,0.0,19
OK,342532,Shock,BARE,,41.0,0.0,0.0,41.0,52.0,52.0,12.0,0.197,208.4,0.0,11
OK,1337027R,Complete Strut,FCS,,43.0,0.0,2.0,41.0,33.0,33.0,12.0,0.197,208.4,40.7,0
OK,HS007,Susp. Ride Sensor,Air Suspension,,123.0,0.0,0.0,123.0,153.0,153.0,36.0,0.59,208.4,0.0,30
OK,341532,Shock,BARE,,405.0,0.0,15.0,390.0,602.0,602.0,114.0,1.869,208.7,0.0,212
OK,8341521,Complete Strut,FCS,,79.0,0.0,14.0,65.0,148.0,148.0,19.0,0.311,208.7,0.0,83
OK,341582,Shock,BARE,,623.0,130.0,41.0,582.0,904.0,904.0,170.0,2.787,208.8,0.0,192
OK,345066,Strut,BARE,,91.0,100.0,2.0,89.0,168.0,168.0,26.0,0.426,208.8,0.0,0
OK,3345799,Complete Strut,FCS,,289.0,0.0,8.0,281.0,488.0,488.0,82.0,1.344,209.0,0.0,207
OK,342479,Shock,BARE,,546.0,60.0,8.0,538.0,972.0,972.0,157.0,2.574,209.0,0.0,374
OK,86310,Lift Support,CLIFT SUPPORT,,163.0,0.0,2.0,161.0,150.0,150.0,47.0,0.77,209.0,14.3,0
OK,1333709L,Complete Strut,FCS,,56.0,32.0,8.0,48.0,97.0,97.0,14.0,0.23,209.1,0.0,17
OK,KY013,Air Compressor,Air Suspension,,24.0,0.0,0.0,24.0,31.0,31.0,7.0,0.115,209.1,0.0,7
OK,334438R,Strut,BARE,,25.0,0.0,1.0,24.0,36.0,36.0,7.0,0.115,209.1,0.0,12
OK,95053,Air Conv. Kit,Air Suspension,,27.0,0.0,3.0,24.0,22.0,22.0,7.0,0.115,209.1,17.4,0
OK,3333393L,Complete Strut,FCS,,631.0,0.0,51.0,580.0,908.0,908.0,169.0,2.77,209.3,0.0,328
OK,2331660L,Complete Strut,FCS,,110.0,4.0,7.0,103.0,184.0,184.0,30.0,0.492,209.4,0.0,77
OK,346131,Shock,BARE,,448.0,10.0,29.0,419.0,968.0,968.0,122.0,2.0,209.5,0.0,539
OK,333584R,Strut,BARE,,55.0,0.0,0.0,55.0,226.0,226.0,16.0,0.262,209.7,0.0,171
OK,333812R,Strut,BARE,,56.0,50.0,1.0,55.0,87.0,87.0,16.0,0.262,209.7,0.0,0
OK,1345721R,Complete Strut,FCS,,337.0,91.0,41.0,296.0,572.0,572.0,86.0,1.41,210.0,0.0,185
OK,1331603L,Complete Strut,FCS,,62.0,0.0,0.0,62.0,80.0,80.0,18.0,0.295,210.1,0.0,18
OK,333444R,Strut,BARE,,31.0,0.0,0.0,31.0,33.0,33.0,9.0,0.148,210.1,0.0,2
OK,1331713L,Complete Strut,FCS,,32.0,0.0,1.0,31.0,48.0,48.0,9.0,0.148,210.1,0.0,17
OK,1333701R,Complete Strut,FCS,,424.0,80.0,21.0,403.0,721.0,721.0,117.0,1.918,210.1,0.0,238
OK,347387,Shock,BARE,,33.0,0.0,2.0,31.0,88.0,88.0,9.0,0.148,210.1,0.0,57
OK,337178R,Strut,BARE,,34.0,0.0,3.0,31.0,16.0,16.0,9.0,0.148,210.1,101.7,0
OK,1335797L,Complete Strut,FCS,,242.0,127.0,18.0,224.0,376.0,376.0,65.0,1.066,210.2,0.0,25
OK,1334075L,Complete Strut,FCS,,366.0,0.0,49.0,317.0,599.0,599.0,92.0,1.508,210.2,0.0,282
OK,1345404R,Complete Strut,FCS,,500.0,206.0,45.0,455.0,638.0,638.0,132.0,2.164,210.3,0.0,0
OK,1345417L,Complete Strut,FCS,,105.0,0.0,5.0,100.0,150.0,150.0,29.0,0.475,210.3,0.0,50
OK,2335797L,Complete Strut,FCS,,188.0,1.0,19.0,169.0,219.0,219.0,49.0,0.803,210.4,0.0,49
OK,99084,Coil-Over Strut,Air Suspension,,1710.0,348.0,89.0,1621.0,2560.0,2560.0,470.0,7.705,210.4,0.0,591
OK,2333940R,Complete Strut,FCS,,236.0,80.0,15.0,221.0,350.0,350.0,64.0,1.049,210.6,0.0,49
OK,342553,Shock,BARE,,38.0,0.0,0.0,38.0,39.0,39.0,11.0,0.18,210.7,0.0,1
OK,8346112,Complete Strut,FCS,,83.0,28.0,7.0,76.0,144.0,144.0,22.0,0.361,210.7,0.0,40
OK,80018L,Lift Support,CLIFT SUPPORT,,38.0,0.0,0.0,38.0,46.0,46.0,11.0,0.18,210.7,0.0,8
OK,1345564L,Complete Strut,FCS,,333.0,83.0,22.0,311.0,696.0,696.0,90.0,1.475,210.8,0.0,302
OK,1333919R,Complete Strut,FCS,,226.0,44.0,15.0,211.0,362.0,362.0,61.0,1.0,211.0,0.0,107
OK,2345470,Complete Strut,FCS,,47.0,0.0,2.0,45.0,50.0,50.0,13.0,0.213,211.2,0.0,5
OK,84439,Lift Support,CLIFT SUPPORT,,52.0,0.0,0.0,52.0,48.0,48.0,15.0,0.246,211.5,16.3,0
OK,2335576,Complete Strut,FCS,,111.0,0.0,0.0,111.0,148.0,148.0,32.0,0.525,211.6,0.0,37
OK,342931,Shock,BARE,,1666.0,88.0,118.0,1548.0,2476.0,2476.0,446.0,7.311,211.7,0.0,840
OK,1345879R,Complete Strut,FCS,,61.0,32.0,2.0,59.0,101.0,101.0,17.0,0.279,211.7,0.0,10
OK,2333378L,Complete Strut,FCS,,130.0,24.0,5.0,125.0,185.0,185.0,36.0,0.59,211.8,0.0,36
OK,1333375L,Complete Strut,FCS,,794.0,50.0,78.0,716.0,1133.0,1133.0,206.0,3.377,212.0,0.0,367
OK,1331582R,Complete Strut,FCS,,1066.0,3.0,65.0,1001.0,1404.0,1404.0,288.0,4.721,212.0,0.0,400
OK,1332307,Complete Strut,FCS,,167.0,119.0,7.0,160.0,326.0,326.0,46.0,0.754,212.2,0.0,47
OK,1331520L,Complete Strut,FCS,,383.0,23.0,14.0,369.0,449.0,449.0,106.0,1.738,212.3,0.0,57
OK,1331595L,Complete Strut,FCS,,123.0,19.0,1.0,122.0,183.0,183.0,35.0,0.574,212.6,0.0,42
OK,1332305R,Complete Strut,FCS,,494.0,95.0,27.0,467.0,735.0,735.0,134.0,2.197,212.6,0.0,173
OK,1355030R,Complete Strut,FCS,,133.0,0.0,4.0,129.0,181.0,181.0,37.0,0.607,212.7,0.0,52
OK,1333565R,Complete Strut,FCS,,1150.0,80.0,86.0,1064.0,1703.0,1703.0,305.0,5.0,212.8,0.0,559
OK,333404,Strut,BARE,,185.0,0.0,0.0,185.0,256.0,256.0,53.0,0.869,212.9,0.0,71
OK,1335896R,Complete Strut,FCS,,249.0,158.0,22.0,227.0,482.0,482.0,65.0,1.066,213.0,0.0,97
OK,86659,Lift Support,CLIFT SUPPORT,,208.0,0.0,2.0,206.0,236.0,236.0,59.0,0.967,213.0,0.0,30
OK,1335897L,Complete Strut,FCS,,618.0,250.0,35.0,583.0,1096.0,1096.0,167.0,2.738,213.0,0.0,263
OK,DT346417,Shock,BARE,,272.0,0.0,10.0,262.0,519.0,519.0,75.0,1.23,213.1,0.0,257
OK,1333467L,Complete Strut,FCS,,58.0,7.0,2.0,56.0,97.0,97.0,16.0,0.262,213.5,0.0,34
OK,8335532R,Complete Strut,FCS,,63.0,0.0,0.0,63.0,76.0,76.0,18.0,0.295,213.5,0.0,13
OK,331682L,Strut,BARE,,30.0,0.0,2.0,28.0,16.0,16.0,8.0,0.131,213.5,91.5,0
OK,345480,Strut,BARE,,7.0,14.0,0.0,7.0,17.0,17.0,2.0,0.033,213.5,0.0,0
OK,345816,Strut,BARE,,8.0,0.0,1.0,7.0,15.0,15.0,2.0,0.033,213.5,0.0,8
OK,84538,Lift Support,CLIFT SUPPORT,,21.0,0.0,0.0,21.0,12.0,12.0,6.0,0.098,213.5,91.5,0
OK,86933,Lift Support,CLIFT SUPPORT,,35.0,0.0,0.0,35.0,14.0,14.0,10.0,0.164,213.5,128.1,0
OK,333531L,Strut,BARE,,7.0,0.0,0.0,7.0,31.0,31.0,2.0,0.033,213.5,0.0,24
OK,2335895L,Complete Strut,FCS,,60.0,0.0,4.0,56.0,70.0,70.0,16.0,0.262,213.5,0.0,14
OK,2333564L,Complete Strut,FCS,,239.0,0.0,8.0,231.0,337.0,337.0,66.0,1.082,213.5,0.0,106
OK,1345792L,Complete Strut,FCS,,22.0,0.0,1.0,21.0,12.0,12.0,6.0,0.098,213.5,91.5,0
OK,DT345971,Strut,BARE,,7.0,0.0,0.0,7.0,6.0,6.0,2.0,0.033,213.5,30.5,0
OK,333945R,Strut,BARE,,8.0,0.0,1.0,7.0,12.0,12.0,2.0,0.033,213.5,0.0,5
OK,346461,Shock,BARE,,7.0,0.0,0.0,7.0,16.0,16.0,2.0,0.033,213.5,0.0,9
OK,334010R,Strut,BARE,,50.0,0.0,1.0,49.0,49.0,49.0,14.0,0.23,213.5,0.0,0
OK,1333841L,Complete Strut,FCS,,280.0,77.0,21.0,259.0,499.0,499.0,74.0,1.213,213.5,0.0,163
OK,2333842R,Complete Strut,FCS,,21.0,0.0,0.0,21.0,45.0,45.0,6.0,0.098,213.5,0.0,24
OK,1334028L,Complete Strut,FCS,,101.0,0.0,3.0,98.0,134.0,134.0,28.0,0.459,213.5,0.0,36
OK,92018,Electronic Air Strut,Air Suspension,,86.0,0.0,2.0,84.0,92.0,92.0,24.0,0.393,213.5,0.0,8
OK,346789,Shock,BARE,,35.0,0.0,0.0,35.0,37.0,37.0,10.0,0.164,213.5,0.0,2
OK,1355123R,Complete Strut,FCS,,66.0,0.0,3.0,63.0,84.0,84.0,18.0,0.295,213.5,0.0,21
OK,346586,Shock,BARE,,7.0,0.0,0.0,7.0,34.0,34.0,2.0,0.033,213.5,0.0,27
OK,8346554,Complete Strut,FCS,,92.0,0.0,8.0,84.0,148.0,148.0,24.0,0.393,213.5,0.0,64
OK,E89092R,Powered lift support,Power Lift,,21.0,0.0,0.0,21.0,0.0,0.0,6.0,0.098,213.5,169.5,0
OK,346175,Shock,BARE,,541.0,0.0,26.0,515.0,798.0,798.0,147.0,2.41,213.7,0.0,283
OK,342845,Shock,BARE,,658.0,180.0,55.0,603.0,1073.0,1073.0,172.0,2.82,213.9,0.0,290
OK,2333402R,Complete Strut,FCS,,592.0,104.0,31.0,561.0,873.0,873.0,160.0,2.623,213.9,0.0,208
OK,2345793L,Complete Strut,FCS,,217.0,0.0,10.0,207.0,294.0,294.0,59.0,0.967,214.0,0.0,87
OK,1345742L,Complete Strut,FCS,,182.0,0.0,3.0,179.0,197.0,197.0,51.0,0.836,214.1,0.0,18
OK,1332324R,Complete Strut,FCS,,342.0,110.0,19.0,323.0,492.0,492.0,92.0,1.508,214.2,0.0,59
OK,1336347L,Complete Strut,FCS,,477.0,70.0,17.0,460.0,554.0,554.0,131.0,2.148,214.2,0.0,24
OK,84642,Lift Support,CLIFT SUPPORT,,120.0,0.0,4.0,116.0,123.0,123.0,33.0,0.541,214.4,0.0,7
OK,346238,Shock,BARE,,120.0,40.0,4.0,116.0,186.0,186.0,33.0,0.541,214.4,0.0,30
OK,1334053R,Complete Strut,FCS,,119.0,0.0,3.0,116.0,130.0,130.0,33.0,0.541,214.4,0.0,14
OK,341974,Shock,BARE,,336.0,171.0,16.0,320.0,556.0,556.0,91.0,1.492,214.5,0.0,65
OK,1333548L,Complete Strut,FCS,,112.0,0.0,3.0,109.0,145.0,145.0,31.0,0.508,214.5,0.0,36
OK,345685,Strut,BARE,,191.0,48.0,15.0,176.0,272.0,272.0,50.0,0.82,214.7,0.0,48
OK,1333566R,Complete Strut,FCS,,184.0,64.0,15.0,169.0,291.0,291.0,48.0,0.787,214.8,0.0,58
OK,1334103R,Complete Strut,FCS,,87.0,0.0,6.0,81.0,121.0,121.0,23.0,0.377,214.8,0.0,40
OK,343361,Strut,BARE,,80.0,54.0,6.0,74.0,92.0,92.0,21.0,0.344,215.0,0.0,0
OK,342798,Shock,BARE,,270.0,0.0,2.0,268.0,361.0,361.0,76.0,1.246,215.1,0.0,93
OK,345673,Strut,BARE,,136.0,0.0,2.0,134.0,176.0,176.0,38.0,0.623,215.1,0.0,42
OK,341624,Shock,BARE,,177.0,0.0,18.0,159.0,223.0,223.0,45.0,0.738,215.5,0.0,64
OK,1355065L,Complete Strut,FCS,,62.0,13.0,9.0,53.0,91.0,91.0,15.0,0.246,215.5,0.0,25
OK,346730,Shock,BARE,,97.0,0.0,5.0,92.0,102.0,102.0,26.0,0.426,215.8,0.0,10
OK,2333476L,Complete Strut,FCS,,1262.0,80.0,94.0,1168.0,1753.0,1753.0,330.0,5.41,215.9,0.0,505
OK,SC00005,Complete Strut,FCS,,85.0,0.0,7.0,78.0,204.0,204.0,22.0,0.361,216.3,0.0,126
OK,SC00011,Complete Strut,FCS,,115.0,0.0,5.0,110.0,199.0,199.0,31.0,0.508,216.5,0.0,89
OK,86415,Lift Support,CLIFT SUPPORT,,77.0,0.0,6.0,71.0,74.0,74.0,20.0,0.328,216.6,0.0,3
OK,2335897L,Complete Strut,FCS,,555.0,0.0,26.0,529.0,864.0,864.0,149.0,2.443,216.6,0.0,335
OK,4331660R,Complete Strut,FCS,,507.0,87.0,27.0,480.0,756.0,756.0,135.0,2.213,216.9,0.0,189
OK,1333703L,Complete Strut,FCS,,542.0,416.0,37.0,505.0,763.0,763.0,142.0,2.328,216.9,0.0,0
OK,86024,LIFT SUPPORT,CLIFT SUPPORT,,70.0,0.0,6.0,64.0,76.0,76.0,18.0,0.295,216.9,0.0,12
OK,334077L,Strut,BARE,,62.0,0.0,5.0,57.0,63.0,63.0,16.0,0.262,217.3,0.0,6
OK,1331582L,Complete Strut,FCS,,1205.0,25.0,79.0,1126.0,0.0,0.0,316.0,5.18,217.4,173.4,0
OK,Q4020,Air Spring,Air Suspension,,193.0,0.0,4.0,189.0,299.0,299.0,53.0,0.869,217.5,0.0,110
OK,1345721L,Complete Strut,FCS,,363.0,0.0,42.0,321.0,486.0,486.0,90.0,1.475,217.6,0.0,165
OK,Q4001,Air Spring,Air Suspension,,367.0,0.0,21.0,346.0,596.0,596.0,97.0,1.59,217.6,0.0,250
OK,1345933,Complete Strut,FCS,,192.0,0.0,10.0,182.0,344.0,344.0,51.0,0.836,217.7,0.0,162
OK,341539,Shock,BARE,,623.0,120.0,30.0,593.0,889.0,889.0,166.0,2.721,217.9,0.0,176
OK,86425,Lift Support,CLIFT SUPPORT,,25.0,0.0,0.0,25.0,32.0,32.0,7.0,0.115,217.9,0.0,7
OK,86766,LIFT SUPPORT,CLIFT SUPPORT,,287.0,0.0,12.0,275.0,382.0,382.0,77.0,1.262,217.9,0.0,107
OK,333985R,Strut,BARE,,26.0,0.0,1.0,25.0,32.0,32.0,7.0,0.115,217.9,0.0,7
OK,1334162R,Complete Strut,FCS,,57.0,0.0,7.0,50.0,108.0,108.0,14.0,0.23,217.9,0.0,58
OK,337236L,Strut,BARE,,25.0,0.0,0.0,25.0,7.0,7.0,7.0,0.115,217.9,156.9,0
OK,1355086,Complete Strut,FCS,,224.0,0.0,6.0,218.0,176.0,176.0,61.0,1.0,218.0,42.0,0
OK,1336312,Complete Strut,FCS,,252.0,104.0,16.0,236.0,311.0,311.0,66.0,1.082,218.1,0.0,0
OK,1345954L,Complete Strut,FCS,,128.0,36.0,10.0,118.0,198.0,198.0,33.0,0.541,218.1,0.0,44
OK,1345978L,Complete Strut,FCS,,360.0,0.0,8.0,352.0,467.0,467.0,98.0,1.607,219.1,0.0,115
OK,2345742R,Complete Strut,FCS,,233.0,0.0,21.0,212.0,422.0,422.0,59.0,0.967,219.2,0.0,210
OK,1335682R,Complete Strut,FCS,,174.0,1.0,12.0,162.0,251.0,251.0,45.0,0.738,219.6,0.0,88
OK,335835R,Strut,BARE,,55.0,0.0,1.0,54.0,73.0,73.0,15.0,0.246,219.6,0.0,19
OK,84323,Lift Support,CLIFT SUPPORT,,18.0,0.0,0.0,18.0,11.0,11.0,5.0,0.082,219.6,85.4,0
OK,1331776L,Complete Strut,FCS,,41.0,0.0,5.0,36.0,48.0,48.0,10.0,0.164,219.6,0.0,12
OK,1333568L,Complete Strut,FCS,,370.0,104.0,28.0,342.0,413.0,413.0,95.0,1.557,219.6,0.0,0
OK,86206L,LIFT SUPPORT,CLIFT SUPPORT,,22.0,0.0,4.0,18.0,36.0,36.0,5.0,0.082,219.6,0.0,18
OK,KY015,Air Compressor,Air Suspension,,20.0,0.0,2.0,18.0,21.0,21.0,5.0,0.082,219.6,0.0,3
OK,1333568R,Complete Strut,FCS,,341.0,104.0,24.0,317.0,414.0,414.0,88.0,1.443,219.7,0.0,0
OK,1337007,Complete Strut,FCS,,184.0,36.0,11.0,173.0,249.0,249.0,48.0,0.787,219.9,0.0,40
OK,1333470L,Complete Strut,FCS,,67.0,0.0,2.0,65.0,79.0,79.0,18.0,0.295,220.3,0.0,14
OK,86809,Lift Support,CLIFT SUPPORT,,69.0,0.0,4.0,65.0,71.0,71.0,18.0,0.295,220.3,0.0,6
OK,1335383R,Complete Strut,FCS,,572.0,108.0,48.0,524.0,915.0,915.0,145.0,2.377,220.4,0.0,283
OK,1333569L,Complete Strut,FCS,,1349.0,104.0,77.0,1272.0,1727.0,1727.0,352.0,5.77,220.4,0.0,351
OK,342951,Shock,BARE,,345.0,360.0,9.0,336.0,672.0,672.0,93.0,1.525,220.4,0.0,0
OK,346178,Shock,BARE,,1426.0,244.0,59.0,1367.0,2875.0,2875.0,378.0,6.197,220.6,0.0,1264
OK,333942R,Strut,BARE,,81.0,0.0,5.0,76.0,104.0,104.0,21.0,0.344,220.8,0.0,28
OK,2335614R,Complete Strut,FCS,,123.0,0.0,18.0,105.0,191.0,191.0,29.0,0.475,220.9,0.0,86
OK,2335797R,Complete Strut,FCS,,208.0,1.0,16.0,192.0,225.0,225.0,53.0,0.869,221.0,0.0,32
OK,335836L,Strut,BARE,,29.0,0.0,0.0,29.0,37.0,37.0,8.0,0.131,221.1,0.0,8
OK,341522,Shock,BARE,,237.0,70.0,5.0,232.0,349.0,349.0,64.0,1.049,221.1,0.0,47
OK,334108L,Strut,BARE,,29.0,0.0,0.0,29.0,35.0,35.0,8.0,0.131,221.1,0.0,6
OK,226322,Shock,BARE,,29.0,0.0,0.0,29.0,36.0,36.0,8.0,0.131,221.1,0.0,7
OK,1331620L,Complete Strut,FCS,,393.0,0.0,12.0,381.0,501.0,501.0,105.0,1.721,221.3,0.0,120
OK,1335909L,Complete Strut,FCS,,846.0,241.0,37.0,809.0,1235.0,1235.0,223.0,3.656,221.3,0.0,185
OK,1345459R,Complete Strut,FCS,,76.0,0.0,7.0,69.0,122.0,122.0,19.0,0.311,221.5,0.0,53
OK,1331604R,Complete Strut,FCS,,121.0,1.0,12.0,109.0,185.0,185.0,30.0,0.492,221.6,0.0,75
OK,1333377L,Complete Strut,FCS,,353.0,0.0,26.0,327.0,589.0,589.0,90.0,1.475,221.6,0.0,262
OK,1336337R,Complete Strut,FCS,,101.0,69.0,10.0,91.0,100.0,100.0,25.0,0.41,222.0,0.0,0
OK,1333562R,Complete Strut,FCS,,93.0,0.0,2.0,91.0,110.0,110.0,25.0,0.41,222.0,0.0,19
OK,1333567L,Complete Strut,FCS,,103.0,19.0,12.0,91.0,191.0,191.0,25.0,0.41,222.0,0.0,81
OK,2345844,Complete Strut,FCS,,786.0,313.0,54.0,732.0,1033.0,1033.0,201.0,3.295,222.1,0.0,0
OK,1335832R,Complete Strut,FCS,,52.0,31.0,1.0,51.0,83.0,83.0,14.0,0.23,222.2,0.0,1
OK,8346354,Complete Strut,FCS,,53.0,0.0,2.0,51.0,64.0,64.0,14.0,0.23,222.2,0.0,13
OK,1331749R,Complete Strut,FCS,,63.0,0.0,1.0,62.0,59.0,59.0,17.0,0.279,222.5,10.8,0
OK,346452,Shock,BARE,,211.0,21.0,14.0,197.0,387.0,387.0,54.0,0.885,222.5,0.0,169
OK,86888,LIFT SUPPORT,CLIFT SUPPORT,,73.0,0.0,0.0,73.0,46.0,46.0,20.0,0.328,222.7,82.4,0
OK,4355037,Complete Strut,FCS,,251.0,0.0,10.0,241.0,234.0,234.0,66.0,1.082,222.7,6.5,0
OK,1332319L,Complete Strut,FCS,,702.0,170.0,26.0,676.0,1105.0,1105.0,185.0,3.033,222.9,0.0,259
OK,342476,Shock,BARE,,1262.0,64.0,55.0,1207.0,2259.0,2259.0,330.0,5.41,223.1,0.0,988
OK,341543,Shock,BARE,,1210.0,280.0,57.0,1153.0,1777.0,1777.0,315.0,5.164,223.3,0.0,344
OK,1331520R,Complete Strut,FCS,,430.0,20.0,16.0,414.0,429.0,429.0,113.0,1.852,223.5,0.0,0
OK,1333291R,Complete Strut,FCS,,228.0,40.0,8.0,220.0,340.0,340.0,60.0,0.984,223.7,0.0,80
OK,331747L,Strut,BARE,,11.0,0.0,0.0,11.0,13.0,13.0,3.0,0.049,223.7,0.0,2
OK,342573,Shock,BARE,,385.0,60.0,44.0,341.0,556.0,556.0,93.0,1.525,223.7,0.0,155
OK,345692,Strut,BARE,,209.0,0.0,11.0,198.0,247.0,247.0,54.0,0.885,223.7,0.0,49
OK,84527,Lift Support,CLIFT SUPPORT,,55.0,0.0,0.0,55.0,34.0,34.0,15.0,0.246,223.7,85.4,0
OK,1345454,Complete Strut,FCS,,93.0,0.0,5.0,88.0,121.0,121.0,24.0,0.393,223.7,0.0,33
OK,86637,LIFT SUPPORT,CLIFT SUPPORT,,44.0,0.0,0.0,44.0,31.0,31.0,12.0,0.197,223.7,66.1,0
OK,DT347071,Shock,BARE,,44.0,90.0,0.0,44.0,128.0,128.0,12.0,0.197,223.7,0.0,0
OK,331743L,Strut,BARE,,12.0,44.0,1.0,11.0,31.0,31.0,3.0,0.049,223.7,0.0,0
OK,347082,Shock,BARE,,86.0,58.0,9.0,77.0,160.0,160.0,21.0,0.344,223.7,0.0,25
OK,2345453L,Complete Strut,FCS,,22.0,0.0,0.0,22.0,20.0,20.0,6.0,0.098,223.7,20.3,0
OK,1334058L,Complete Strut,FCS,,82.0,38.0,5.0,77.0,114.0,114.0,21.0,0.344,223.7,0.0,0
OK,1335591R,Complete Strut,FCS,,11.0,0.0,0.0,11.0,25.0,25.0,3.0,0.049,223.7,0.0,14
OK,355105,Strut,BARE,,24.0,0.0,2.0,22.0,34.0,34.0,6.0,0.098,223.7,0.0,12
OK,SC00041,Complete Strut,FCS,,34.0,0.0,1.0,33.0,41.0,41.0,9.0,0.148,223.7,0.0,8
OK,8346034,Complete Strut,FCS,,99.0,0.0,11.0,88.0,140.0,140.0,24.0,0.393,223.7,0.0,52
OK,337236R,Strut,BARE,,22.0,0.0,0.0,22.0,16.0,16.0,6.0,0.098,223.7,61.0,0
OK,342558,Shock,BARE,,428.0,0.0,6.0,422.0,545.0,545.0,115.0,1.885,223.8,0.0,123
OK,332317,Strut,BARE,,226.0,0.0,2.0,224.0,244.0,244.0,61.0,1.0,224.0,0.0,20
OK,1333549R,Complete Strut,FCS,,247.0,8.0,12.0,235.0,315.0,315.0,64.0,1.049,224.0,0.0,72
OK,1333566L,Complete Strut,FCS,,185.0,0.0,16.0,169.0,315.0,315.0,46.0,0.754,224.1,0.0,146
OK,346437,Shock,BARE,,202.0,8.0,11.0,191.0,295.0,295.0,52.0,0.852,224.1,0.0,96
OK,342486,Shock,BARE,,212.0,17.0,17.0,195.0,309.0,309.0,53.0,0.869,224.4,0.0,97
OK,1331839R,Complete Strut,FCS,,577.0,82.0,40.0,537.0,850.0,850.0,146.0,2.393,224.4,0.0,231
OK,2333940L,Complete Strut,FCS,,288.0,0.0,12.0,276.0,344.0,344.0,75.0,1.23,224.5,0.0,68
OK,1331790L,Complete Strut,FCS,,83.0,0.0,2.0,81.0,110.0,110.0,22.0,0.361,224.6,0.0,29
OK,1335909R,Complete Strut,FCS,,818.0,80.0,30.0,788.0,1383.0,1383.0,214.0,3.508,224.6,0.0,515
OK,1345849R,Complete Strut,FCS,,74.0,0.0,4.0,70.0,67.0,67.0,19.0,0.311,224.7,9.6,0
OK,1332305L,Complete Strut,FCS,,565.0,55.0,38.0,527.0,719.0,719.0,143.0,2.344,224.8,0.0,137
OK,DT346347,Shock,BARE,,338.0,10.0,21.0,317.0,449.0,449.0,86.0,1.41,224.8,0.0,122
OK,1333826R,Complete Strut,FCS,,140.0,1.0,11.0,129.0,177.0,177.0,35.0,0.574,224.8,0.0,47
OK,1345417R,Complete Strut,FCS,,125.0,0.0,7.0,118.0,151.0,151.0,32.0,0.525,224.9,0.0,33
OK,342559,Shock,BARE,,1060.0,0.0,35.0,1025.0,1620.0,1620.0,278.0,4.557,224.9,0.0,595
OK,346253,Shock,BARE,,1132.0,840.0,88.0,1044.0,1688.0,1688.0,283.0,4.639,225.0,0.0,0
OK,1335615L,Complete Strut,FCS,,112.0,0.0,5.0,107.0,189.0,189.0,29.0,0.475,225.1,0.0,82
OK,331692,Strut,BARE,,848.0,0.0,28.0,820.0,1086.0,1086.0,222.0,3.639,225.3,0.0,266
OK,1345763,Complete Strut,FCS,,115.0,24.0,4.0,111.0,151.0,151.0,30.0,0.492,225.7,0.0,16
OK,347101,Shock,BARE,,540.0,58.0,96.0,444.0,868.0,868.0,120.0,1.967,225.7,0.0,366
OK,1355106,Complete Strut,FCS,,44.0,0.0,7.0,37.0,58.0,58.0,10.0,0.164,225.7,0.0,21
OK,8341740,Complete Strut,FCS,,115.0,0.0,4.0,111.0,133.0,133.0,30.0,0.492,225.7,0.0,22
OK,341628,Shock,BARE,,1340.0,0.0,48.0,1292.0,1772.0,1772.0,349.0,5.721,225.8,0.0,480
OK,333320R,Strut,BARE,,68.0,0.0,5.0,63.0,84.0,84.0,17.0,0.279,226.1,0.0,21
OK,86478,Lift Support,CLIFT SUPPORT,,154.0,0.0,2.0,152.0,187.0,187.0,41.0,0.672,226.1,0.0,35
OK,1335795L,Complete Strut,FCS,,90.0,0.0,12.0,78.0,147.0,147.0,21.0,0.344,226.6,0.0,69
OK,341593,Shock,BARE,,390.0,160.0,26.0,364.0,568.0,568.0,98.0,1.607,226.6,0.0,44
OK,355162,Strut,BARE,,86.0,48.0,8.0,78.0,56.0,56.0,21.0,0.344,226.6,63.9,0
OK,95060,Air Conv. Kit,Air Suspension,,26.0,10.0,0.0,26.0,22.0,22.0,7.0,0.115,226.6,34.9,0
OK,337077R,Strut,BARE,,282.0,0.0,18.0,264.0,348.0,348.0,71.0,1.164,226.8,0.0,84
OK,1333542R,Complete Strut,FCS,,162.0,0.0,2.0,160.0,187.0,187.0,43.0,0.705,227.0,0.0,27
OK,1336330,Complete Strut,FCS,,127.0,6.0,4.0,123.0,168.0,168.0,33.0,0.541,227.4,0.0,39
OK,86159,Lift Support,CLIFT SUPPORT,,480.0,0.0,14.0,466.0,849.0,849.0,125.0,2.049,227.4,0.0,383
OK,1345956,Complete Strut,FCS,,89.0,0.0,7.0,82.0,101.0,101.0,22.0,0.361,227.4,0.0,19
OK,337128R,Strut,BARE,,43.0,0.0,2.0,41.0,51.0,51.0,11.0,0.18,227.4,0.0,10
OK,346409,Shock,BARE,,555.0,0.0,18.0,537.0,907.0,907.0,144.0,2.361,227.5,0.0,370
OK,346715,Shock,BARE,,342.0,0.0,17.0,325.0,473.0,473.0,87.0,1.426,227.9,0.0,148
OK,1333365L,Complete Strut,FCS,,2051.0,1804.0,91.0,1960.0,2961.0,2961.0,524.0,8.59,228.2,0.0,0
OK,1333477L,Complete Strut,FCS,,138.0,0.0,7.0,131.0,159.0,159.0,35.0,0.574,228.3,0.0,28
OK,84525,Lift Support,CLIFT SUPPORT,,142.0,0.0,11.0,131.0,149.0,149.0,35.0,0.574,228.3,0.0,18
OK,1333984R,Complete Strut,FCS,,340.0,0.0,18.0,322.0,416.0,416.0,86.0,1.41,228.4,0.0,94
OK,1331583L,Complete Strut,FCS,,64.0,16.0,4.0,60.0,95.0,95.0,16.0,0.262,228.8,0.0,19
OK,333492R,Strut,BARE,,31.0,0.0,1.0,30.0,61.0,61.0,8.0,0.131,228.8,0.0,31
OK,342490,Shock,BARE,,79.0,0.0,4.0,75.0,128.0,128.0,20.0,0.328,228.8,0.0,53
OK,84900,Lift Support,CLIFT SUPPORT,,270.0,0.0,0.0,270.0,199.0,199.0,72.0,1.18,228.8,60.2,0
OK,1332331R,Complete Strut,FCS,,32.0,20.0,2.0,30.0,30.0,30.0,8.0,0.131,228.8,0.0,0
OK,343358L,Strut,BARE,,47.0,0.0,2.0,45.0,34.0,34.0,12.0,0.197,228.8,55.9,0
OK,86845,LIFT SUPPORT,CLIFT SUPPORT,,15.0,0.0,0.0,15.0,15.0,15.0,4.0,0.066,228.8,0.0,0
OK,HS002,Susp. Ride Sensor,Air Suspension,,15.0,0.0,0.0,15.0,5.0,5.0,4.0,0.066,228.8,152.5,0
OK,341523,Shock,BARE,,1887.0,845.0,122.0,1765.0,2875.0,2875.0,470.0,7.705,229.1,0.0,265
OK,1334076R,Complete Strut,FCS,,531.0,0.0,35.0,496.0,667.0,667.0,132.0,2.164,229.2,0.0,171
OK,1335831R,Complete Strut,FCS,,194.0,0.0,6.0,188.0,183.0,183.0,50.0,0.82,229.4,6.1,0
OK,1333379R,Complete Strut,FCS,,67.0,0.0,3.0,64.0,79.0,79.0,17.0,0.279,229.6,0.0,15
OK,2331632L,Complete Strut,FCS,,78.0,0.0,14.0,64.0,143.0,143.0,17.0,0.279,229.6,0.0,79
OK,86667,LIFT SUPPORT,CLIFT SUPPORT,,73.0,0.0,9.0,64.0,70.0,70.0,17.0,0.279,229.6,0.0,6
OK,346337,Shock,BARE,,183.0,160.0,6.0,177.0,273.0,273.0,47.0,0.77,229.7,0.0,0
OK,1334162L,Complete Strut,FCS,,54.0,0.0,5.0,49.0,121.0,121.0,13.0,0.213,229.9,0.0,72
OK,1337124R,Complete Strut,FCS,,104.0,0.0,6.0,98.0,110.0,110.0,26.0,0.426,229.9,0.0,12
OK,1333725L,Complete Strut,FCS,,276.0,0.0,8.0,268.0,411.0,411.0,71.0,1.164,230.3,0.0,143
OK,1355162R,Complete Strut,FCS,,278.0,0.0,25.0,253.0,272.0,272.0,67.0,1.098,230.3,0.0,19
OK,331775L,Strut,BARE,,68.0,0.0,0.0,68.0,57.0,57.0,18.0,0.295,230.4,37.3,0
OK,345485,Strut,BARE,,70.0,24.0,2.0,68.0,88.0,88.0,18.0,0.295,230.4,0.0,0
OK,84560,Lift Support,CLIFT SUPPORT,,212.0,0.0,8.0,204.0,304.0,304.0,54.0,0.885,230.4,0.0,100
OK,2333378R,Complete Strut,FCS,,127.0,32.0,6.0,121.0,177.0,177.0,32.0,0.525,230.7,0.0,24
OK,345967,Strut,BARE,,142.0,36.0,2.0,140.0,173.0,173.0,37.0,0.607,230.8,0.0,0
OK,1333529R,Complete Strut,FCS,,1092.0,400.0,66.0,1026.0,1629.0,1629.0,271.0,4.443,230.9,0.0,203
OK,342922,Shock,BARE,,585.0,304.0,21.0,564.0,1094.0,1094.0,149.0,2.443,230.9,0.0,226
OK,F344342,Heavy Duty Shock Absorber,HBare,,53.0,16.0,0.0,53.0,55.0,55.0,14.0,0.23,230.9,0.0,0
OK,334077R,Strut,BARE,,55.0,0.0,2.0,53.0,60.0,60.0,14.0,0.23,230.9,0.0,7
OK,1333748L,Complete Strut,FCS,,189.0,0.0,11.0,178.0,284.0,284.0,47.0,0.77,231.0,0.0,106
OK,1333461R,Complete Strut,FCS,,185.0,0.0,7.0,178.0,276.0,276.0,47.0,0.77,231.0,0.0,98
OK,1334483R,Complete Strut,FCS,,364.0,108.0,61.0,303.0,282.0,282.0,80.0,1.311,231.0,16.0,0
OK,333393R,Strut,BARE,,76.0,0.0,4.0,72.0,79.0,79.0,19.0,0.311,231.2,0.0,7
OK,342848,Shock,BARE,,887.0,248.0,38.0,849.0,1353.0,1353.0,224.0,3.672,231.2,0.0,256
OK,333524R,Strut,BARE,,99.0,56.0,4.0,95.0,151.0,151.0,25.0,0.41,231.8,0.0,0
OK,1335604L,Complete Strut,FCS,,19.0,0.0,0.0,19.0,18.0,18.0,5.0,0.082,231.8,12.2,0
OK,1331757R,Complete Strut,FCS,,19.0,0.0,0.0,19.0,20.0,20.0,5.0,0.082,231.8,0.0,1
OK,335563,Strut,BARE,,117.0,0.0,3.0,114.0,156.0,156.0,30.0,0.492,231.8,0.0,42
OK,2333842L,Complete Strut,FCS,,20.0,0.0,1.0,19.0,45.0,45.0,5.0,0.082,231.8,0.0,26
OK,346367,Shock,BARE,,473.0,180.0,28.0,445.0,732.0,732.0,117.0,1.918,232.0,0.0,107
OK,1333503L,Complete Strut,FCS,,143.0,0.0,6.0,137.0,165.0,165.0,36.0,0.59,232.1,0.0,28
OK,1333585L,Complete Strut,FCS,,125.0,41.0,7.0,118.0,206.0,206.0,31.0,0.508,232.2,0.0,47
OK,1335584L,Complete Strut,FCS,,105.0,0.0,6.0,99.0,122.0,122.0,26.0,0.426,232.3,0.0,23
OK,1345416L,Complete Strut,FCS,,387.0,17.0,25.0,362.0,547.0,547.0,95.0,1.557,232.4,0.0,168
OK,1336333,Complete Strut,FCS,,2735.0,217.0,59.0,2676.0,4053.0,4053.0,702.0,11.508,232.5,0.0,1160
OK,1331746L,Complete Strut,FCS,,65.0,24.0,4.0,61.0,71.0,71.0,16.0,0.262,232.6,0.0,0
OK,1332368L,Complete Strut,FCS,,433.0,144.0,40.0,393.0,527.0,527.0,103.0,1.689,232.7,0.0,0
OK,1334099R,Complete Strut,FCS,,242.0,36.0,36.0,206.0,458.0,458.0,54.0,0.885,232.7,0.0,216
OK,331610R,Strut,BARE,,43.0,0.0,1.0,42.0,52.0,52.0,11.0,0.18,232.9,0.0,10
OK,342485,Shock,BARE,,132.0,34.0,6.0,126.0,207.0,207.0,33.0,0.541,232.9,0.0,47
OK,2345815,Complete Strut,FCS,,1359.0,322.0,72.0,1287.0,2206.0,2206.0,337.0,5.525,233.0,0.0,597
OK,1332334,Complete Strut,FCS,,154.0,63.0,5.0,149.0,129.0,129.0,39.0,0.639,233.1,31.3,0
OK,2333492L,Complete Strut,FCS,,140.0,6.0,10.0,130.0,144.0,144.0,34.0,0.557,233.2,0.0,8
OK,2345742L,Complete Strut,FCS,,283.0,0.0,23.0,260.0,409.0,409.0,68.0,1.115,233.2,0.0,149
OK,1336310,Complete Strut,FCS,,91.0,74.0,3.0,88.0,116.0,116.0,23.0,0.377,233.4,0.0,0
OK,1345837R,Complete Strut,FCS,,542.0,1.0,14.0,528.0,875.0,875.0,138.0,2.262,233.4,0.0,346
OK,84824,Lift Support,CLIFT SUPPORT,,23.0,0.0,0.0,23.0,5.0,5.0,6.0,0.098,233.8,183.0,0
OK,1336319L,Complete Strut,FCS,,47.0,2.0,1.0,46.0,61.0,61.0,12.0,0.197,233.8,0.0,13
OK,347074,Shock,BARE,,463.0,280.0,26.0,437.0,997.0,997.0,114.0,1.869,233.8,0.0,280
OK,1337061,Complete Strut,FCS,,109.0,0.0,17.0,92.0,175.0,175.0,24.0,0.393,233.8,0.0,83
OK,346041,Shock,BARE,,946.0,602.0,37.0,909.0,1798.0,1798.0,237.0,3.885,234.0,0.0,287
OK,84897,Lift Support,CLIFT SUPPORT,,173.0,0.0,8.0,165.0,196.0,196.0,43.0,0.705,234.1,0.0,31
OK,1345793L,Complete Strut,FCS,,98.0,0.0,2.0,96.0,116.0,116.0,25.0,0.41,234.2,0.0,20
OK,345881,Strut,BARE,,126.0,0.0,7.0,119.0,171.0,171.0,31.0,0.508,234.2,0.0,52
OK,341566,Shock,BARE,,163.0,0.0,17.0,146.0,215.0,215.0,38.0,0.623,234.4,0.0,69
OK,1345967,Complete Strut,FCS,,148.0,0.0,2.0,146.0,152.0,152.0,38.0,0.623,234.4,0.0,6
OK,1345837L,Complete Strut,FCS,,558.0,1.0,16.0,542.0,945.0,945.0,141.0,2.311,234.5,0.0,402
OK,1333741R,Complete Strut,FCS,,136.0,0.0,13.0,123.0,244.0,244.0,32.0,0.525,234.5,0.0,121
OK,333354,Strut,BARE,,100.0,0.0,0.0,100.0,119.0,119.0,26.0,0.426,234.6,0.0,19
OK,36C372,Cartridge,BARE,,52.0,0.0,2.0,50.0,46.0,46.0,13.0,0.213,234.6,18.8,0
OK,346611,Shock,BARE,,53.0,0.0,3.0,50.0,71.0,71.0,13.0,0.213,234.6,0.0,21
OK,1346779,Complete Strut,FCS,,53.0,25.0,3.0,50.0,85.0,85.0,13.0,0.213,234.6,0.0,10
OK,2334112R,Complete Strut,FCS,,404.0,0.0,27.0,377.0,577.0,577.0,98.0,1.607,234.7,0.0,200
OK,346709,Shock,BARE,,270.0,90.0,12.0,258.0,432.0,432.0,67.0,1.098,234.9,0.0,84
OK,1333703R,Complete Strut,FCS,,609.0,394.0,27.0,582.0,808.0,808.0,151.0,2.475,235.1,0.0,0
OK,1336318,Complete Strut,FCS,,81.0,23.0,0.0,81.0,122.0,122.0,21.0,0.344,235.3,0.0,18
OK,3336329L,Complete Strut,FCS,,27.0,0.0,0.0,27.0,35.0,35.0,7.0,0.115,235.3,0.0,8
OK,335682L,Strut,BARE,,30.0,0.0,3.0,27.0,34.0,34.0,7.0,0.115,235.3,0.0,7
OK,1332324L,Complete Strut,FCS,,339.0,3.0,15.0,324.0,474.0,474.0,84.0,1.377,235.3,0.0,147
OK,DT346115,Shock,BARE,,395.0,0.0,17.0,378.0,525.0,525.0,98.0,1.607,235.3,0.0,147
OK,333751L,Strut,BARE,,28.0,44.0,1.0,27.0,54.0,54.0,7.0,0.115,235.3,0.0,0
OK,93012,Air Strut,Air Suspension,,27.0,0.0,0.0,27.0,23.0,23.0,7.0,0.115,235.3,34.9,0
OK,1333395R,Complete Strut,FCS,,297.0,0.0,23.0,274.0,450.0,450.0,71.0,1.164,235.4,0.0,176
OK,342481,Shock,BARE,,3361.0,760.0,185.0,3176.0,4577.0,4577.0,823.0,13.492,235.4,0.0,641
OK,86560,Lift Support,CLIFT SUPPORT,,345.0,0.0,17.0,328.0,452.0,452.0,85.0,1.393,235.4,0.0,124
OK,346836,Shock,BARE,,124.0,0.0,8.0,116.0,257.0,257.0,30.0,0.492,235.9,0.0,141
OK,333490,Strut,BARE,,256.0,84.0,16.0,240.0,344.0,344.0,62.0,1.016,236.1,0.0,20
OK,2355016L,Complete Strut,FCS,,128.0,0.0,8.0,120.0,186.0,186.0,31.0,0.508,236.1,0.0,66
OK,3335850,Complete Strut,FCS,,31.0,16.0,0.0,31.0,30.0,30.0,8.0,0.131,236.4,7.6,0
OK,331654,Strut,BARE,,66.0,0.0,4.0,62.0,68.0,68.0,16.0,0.262,236.4,0.0,6
OK,334054R,Strut,BARE,,33.0,0.0,2.0,31.0,31.0,31.0,8.0,0.131,236.4,0.0,0
OK,1334142R,Complete Strut,FCS,,161.0,0.0,6.0,155.0,175.0,175.0,40.0,0.656,236.4,0.0,20
OK,1333802R,Complete Strut,FCS,,44.0,0.0,13.0,31.0,58.0,58.0,8.0,0.131,236.4,0.0,27
OK,334433L,Strut,BARE,,125.0,0.0,1.0,124.0,125.0,125.0,32.0,0.525,236.4,0.0,1
OK,1333503R,Complete Strut,FCS,,135.0,0.0,7.0,128.0,141.0,141.0,33.0,0.541,236.6,0.0,13
OK,346212,Shock,BARE,,573.0,0.0,22.0,551.0,990.0,990.0,142.0,2.328,236.7,0.0,439
OK,346345,Shock,BARE,,177.0,0.0,6.0,171.0,265.0,265.0,44.0,0.721,237.1,0.0,94
OK,333440L,Strut,BARE,,74.0,48.0,4.0,70.0,76.0,76.0,18.0,0.295,237.2,0.0,0
OK,84328,Lift Support,CLIFT SUPPORT,,37.0,0.0,2.0,35.0,50.0,50.0,9.0,0.148,237.2,0.0,15
OK,2335906,Complete Strut,FCS,,41.0,0.0,6.0,35.0,80.0,80.0,9.0,0.148,237.2,0.0,45
OK,334486L,Strut,BARE,,35.0,0.0,0.0,35.0,69.0,69.0,9.0,0.148,237.2,0.0,34
OK,348007,Shock,BARE,,37.0,0.0,2.0,35.0,43.0,43.0,9.0,0.148,237.2,0.0,8
OK,2335908R,Complete Strut,FCS,,236.0,30.0,10.0,226.0,346.0,346.0,58.0,0.951,237.7,0.0,90
OK,1345682,Complete Strut,FCS,,479.0,2.0,19.0,460.0,662.0,662.0,118.0,1.934,237.8,0.0,200
OK,1333435R,Complete Strut,FCS,,286.0,0.0,13.0,273.0,373.0,373.0,70.0,1.148,237.9,0.0,100
OK,84172,Lift Support,CLIFT SUPPORT,,362.0,0.0,11.0,351.0,496.0,496.0,90.0,1.475,237.9,0.0,145
OK,1333741L,Complete Strut,FCS,,127.0,0.0,10.0,117.0,229.0,229.0,30.0,0.492,237.9,0.0,112
OK,342480,Shock,BARE,,641.0,138.0,12.0,629.0,1207.0,1207.0,161.0,2.639,238.3,0.0,440
OK,1335825R,Complete Strut,FCS,,370.0,0.0,38.0,332.0,521.0,521.0,85.0,1.393,238.3,0.0,189
OK,343358R,Strut,BARE,,45.0,0.0,2.0,43.0,37.0,37.0,11.0,0.18,238.5,33.3,0
OK,87089,Lift Support,CLIFT SUPPORT,,43.0,0.0,0.0,43.0,37.0,37.0,11.0,0.18,238.5,33.3,0
OK,1331657L,Complete Strut,FCS,,47.0,0.0,4.0,43.0,73.0,73.0,11.0,0.18,238.5,0.0,30
OK,333476R,Strut,BARE,,142.0,0.0,1.0,141.0,291.0,291.0,36.0,0.59,238.9,0.0,150
OK,94021,Electronic Shock Assy,Air Suspension,,96.0,0.0,2.0,94.0,118.0,118.0,24.0,0.393,238.9,0.0,24
OK,1333468R,Complete Strut,FCS,,202.0,53.0,10.0,192.0,338.0,338.0,49.0,0.803,239.0,0.0,93
OK,84360,Lift Support,CLIFT SUPPORT,,153.0,0.0,0.0,153.0,155.0,155.0,39.0,0.639,239.3,0.0,2
OK,1335892L,Complete Strut,FCS,,56.0,24.0,5.0,51.0,96.0,96.0,13.0,0.213,239.3,0.0,21
OK,333971R,Strut,BARE,,53.0,42.0,2.0,51.0,65.0,65.0,13.0,0.213,239.3,0.0,0
OK,1335957,Complete Strut,FCS,,1252.0,108.0,12.0,1240.0,1330.0,1330.0,316.0,5.18,239.4,0.0,0
OK,345934,Strut,BARE,,765.0,0.0,19.0,746.0,980.0,980.0,190.0,3.115,239.5,0.0,234
OK,84789,Lift Support,CLIFT SUPPORT,,111.0,0.0,1.0,110.0,146.0,146.0,28.0,0.459,239.6,0.0,36
OK,2331582R,Complete Strut,FCS,,421.0,29.0,28.0,393.0,509.0,509.0,100.0,1.639,239.7,0.0,87
OK,84715,Lift Support,CLIFT SUPPORT,,114.0,0.0,0.0,114.0,134.0,134.0,29.0,0.475,239.8,0.0,20
OK,1331595R,Complete Strut,FCS,,121.0,1.0,3.0,118.0,176.0,176.0,30.0,0.492,239.9,0.0,57
OK,342799,Shock,BARE,,1481.0,320.0,14.0,1467.0,2374.0,2374.0,373.0,6.115,239.9,0.0,587
OK,345774L,Strut,BARE,,61.0,38.0,2.0,59.0,85.0,85.0,15.0,0.246,239.9,0.0,0
OK,342919,Shock,BARE,,1116.0,0.0,33.0,1083.0,1374.0,1374.0,275.0,4.508,240.2,0.0,291
OK,36C362,Cartridge,BARE,,67.0,0.0,0.0,67.0,78.0,78.0,17.0,0.279,240.4,0.0,11
OK,1331612L,Complete Strut,FCS,,229.0,84.0,16.0,213.0,339.0,339.0,54.0,0.885,240.6,0.0,42
OK,1334075R,Complete Strut,FCS,,467.0,0.0,45.0,422.0,650.0,650.0,107.0,1.754,240.6,0.0,228
OK,341517,Shock,BARE,,2947.0,480.0,74.0,2873.0,4222.0,4222.0,728.0,11.934,240.7,0.0,869
OK,86787,Lift Support,CLIFT SUPPORT,,75.0,0.0,0.0,75.0,58.0,58.0,19.0,0.311,240.8,54.6,0
OK,1335614L,Complete Strut,FCS,,253.0,0.0,16.0,237.0,254.0,254.0,60.0,0.984,241.0,0.0,17
OK,1345688L,Complete Strut,FCS,,838.0,157.0,32.0,806.0,906.0,906.0,204.0,3.344,241.0,0.0,0
OK,2345763,Complete Strut,FCS,,670.0,156.0,61.0,609.0,858.0,858.0,154.0,2.525,241.2,0.0,93
OK,341596,Shock,BARE,,1026.0,440.0,53.0,973.0,1809.0,1809.0,246.0,4.033,241.3,0.0,396
OK,1334103L,Complete Strut,FCS,,96.0,0.0,5.0,91.0,112.0,112.0,23.0,0.377,241.3,0.0,21
OK,2333987R,Complete Strut,FCS,,198.0,27.0,12.0,186.0,297.0,297.0,47.0,0.77,241.4,0.0,84
OK,1333354R,Complete Strut,FCS,,508.0,89.0,13.0,495.0,743.0,743.0,125.0,2.049,241.6,0.0,159
OK,1333964R,Complete Strut,FCS,,970.0,80.0,45.0,925.0,1275.0,1275.0,233.0,3.82,242.2,0.0,270
OK,1333390L,Complete Strut,FCS,,336.0,41.0,22.0,314.0,426.0,426.0,79.0,1.295,242.5,0.0,71
OK,1333957L,Complete Strut,FCS,,251.0,0.0,20.0,231.0,314.0,314.0,58.0,0.951,242.9,0.0,83
OK,1333712L,Complete Strut,FCS,,459.0,0.0,32.0,427.0,553.0,553.0,107.0,1.754,243.4,0.0,126
OK,341588,Shock,BARE,,675.0,180.0,28.0,647.0,843.0,843.0,162.0,2.656,243.6,0.0,16
OK,1331763R,Complete Strut,FCS,,42.0,0.0,2.0,40.0,61.0,61.0,10.0,0.164,244.0,0.0,21
OK,1333380R,Complete Strut,FCS,,61.0,0.0,13.0,48.0,95.0,95.0,12.0,0.197,244.0,0.0,47
OK,1333431R,Complete Strut,FCS,,80.0,48.0,8.0,72.0,151.0,151.0,18.0,0.295,244.0,0.0,31
OK,2332368L,Complete Strut,FCS,,166.0,14.0,14.0,152.0,227.0,227.0,38.0,0.623,244.0,0.0,61
OK,4345799,Complete Strut,FCS,,84.0,2.0,0.0,84.0,93.0,93.0,21.0,0.344,244.0,0.0,7
OK,331612L,Strut,BARE,,32.0,0.0,0.0,32.0,32.0,32.0,8.0,0.131,244.0,0.0,0
OK,331710L,Strut,BARE,,18.0,0.0,2.0,16.0,23.0,23.0,4.0,0.066,244.0,0.0,7
OK,333452L,Strut,BARE,,41.0,60.0,1.0,40.0,96.0,96.0,10.0,0.164,244.0,0.0,0
OK,333506L,Strut,BARE,,8.0,0.0,0.0,8.0,12.0,12.0,2.0,0.033,244.0,0.0,4
OK,335525,Strut,BARE,,36.0,32.0,0.0,36.0,42.0,42.0,9.0,0.148,244.0,0.0,0
OK,335835L,Strut,BARE,,53.0,0.0,1.0,52.0,73.0,73.0,13.0,0.213,244.0,0.0,21
OK,342494,Shock,BARE,,262.0,150.0,6.0,256.0,450.0,450.0,64.0,1.049,244.0,0.0,44
OK,84678,Lift Support,CLIFT SUPPORT,,76.0,0.0,4.0,72.0,77.0,77.0,18.0,0.295,244.0,0.0,5
OK,84989,Lift Support,CLIFT SUPPORT,,77.0,0.0,1.0,76.0,109.0,109.0,19.0,0.311,244.0,0.0,33
OK,86145,Lift Support,CLIFT SUPPORT,,60.0,0.0,0.0,60.0,42.0,42.0,15.0,0.246,244.0,73.2,0
OK,1331652L,Complete Strut,FCS,,33.0,0.0,1.0,32.0,35.0,35.0,8.0,0.131,244.0,0.0,3
OK,1331651R,Complete Strut,FCS,,16.0,0.0,0.0,16.0,32.0,32.0,4.0,0.066,244.0,0.0,16
OK,1331847R,Complete Strut,FCS,,20.0,0.0,0.0,20.0,23.0,23.0,5.0,0.082,244.0,0.0,3
OK,333711L,Strut,BARE,,9.0,0.0,1.0,8.0,6.0,6.0,2.0,0.033,244.0,61.0,0
OK,345877,Strut,BARE,,8.0,0.0,0.0,8.0,5.0,5.0,2.0,0.033,244.0,91.5,0
OK,1331780,Complete Strut,FCS,,24.0,0.0,0.0,24.0,13.0,13.0,6.0,0.098,244.0,111.8,0
OK,345897,Strut,BARE,,16.0,0.0,0.0,16.0,3.0,3.0,4.0,0.066,244.0,198.2,0
OK,345754,Strut,BARE,,44.0,0.0,0.0,44.0,47.0,47.0,11.0,0.18,244.0,0.0,3
OK,4335909L,Complete Strut,FCS,,98.0,0.0,2.0,96.0,138.0,138.0,24.0,0.393,244.0,0.0,42
OK,333867L,Strut,BARE,,28.0,0.0,0.0,28.0,26.0,26.0,7.0,0.115,244.0,17.4,0
OK,333940L,Strut,BARE,,4.0,0.0,0.0,4.0,11.0,11.0,1.0,0.016,244.0,0.0,7
OK,334048R,Strut,BARE,,34.0,0.0,6.0,28.0,31.0,31.0,7.0,0.115,244.0,0.0,3
OK,1345971L,Complete Strut,FCS,,8.0,0.0,0.0,8.0,23.0,23.0,2.0,0.033,244.0,0.0,15
OK,1335989L,Complete Strut,FCS,,54.0,0.0,2.0,52.0,62.0,62.0,13.0,0.213,244.0,0.0,10
OK,2333750,Complete Strut,FCS,,351.0,0.0,19.0,332.0,560.0,560.0,83.0,1.361,244.0,0.0,228
OK,DT355052,Shock,BARE,,289.0,37.0,29.0,260.0,496.0,496.0,65.0,1.066,244.0,0.0,199
OK,1335591L,Complete Strut,FCS,,13.0,0.0,1.0,12.0,24.0,24.0,3.0,0.049,244.0,0.0,12
OK,346703,Shock,BARE,,60.0,15.0,0.0,60.0,89.0,89.0,15.0,0.246,244.0,0.0,14
OK,1334108L,Complete Strut,FCS,,251.0,0.0,23.0,228.0,405.0,405.0,57.0,0.934,244.0,0.0,177
OK,1355065R,Complete Strut,FCS,,60.0,0.0,8.0,52.0,100.0,100.0,13.0,0.213,244.0,0.0,48
OK,SC00010,Complete Strut,FCS,,16.0,0.0,0.0,16.0,23.0,23.0,4.0,0.066,244.0,0.0,7
OK,SC00050,Complete Strut,FCS,,49.0,0.0,1.0,48.0,58.0,58.0,12.0,0.197,244.0,0.0,10
OK,1333802L,Complete Strut,FCS,,54.0,0.0,6.0,48.0,55.0,55.0,12.0,0.197,244.0,0.0,7
OK,331464L,Strut,BARE,,8.0,0.0,0.0,8.0,10.0,10.0,2.0,0.033,244.0,0.0,2
OK,342547,Shock,BARE,,2398.0,1472.0,124.0,2274.0,4617.0,4617.0,568.0,9.311,244.2,0.0,871
OK,1337077R,Complete Strut,FCS,,1843.0,0.0,130.0,1713.0,2447.0,2447.0,426.0,6.984,245.3,0.0,734
OK,1333985R,Complete Strut,FCS,,194.0,0.0,5.0,189.0,226.0,226.0,47.0,0.77,245.3,0.0,37
OK,2333402L,Complete Strut,FCS,,618.0,104.0,38.0,580.0,833.0,833.0,144.0,2.361,245.7,0.0,149
OK,342462,Shock,BARE,,1070.0,350.0,46.0,1024.0,1647.0,1647.0,254.0,4.164,245.9,0.0,273
OK,1333957R,Complete Strut,FCS,,239.0,0.0,21.0,218.0,332.0,332.0,54.0,0.885,246.3,0.0,114
OK,1331773,Complete Strut,FCS,,220.0,0.0,18.0,202.0,391.0,391.0,50.0,0.82,246.4,0.0,189
OK,1333390R,Complete Strut,FCS,,296.0,83.0,13.0,283.0,415.0,415.0,70.0,1.148,246.6,0.0,49
OK,1333790L,Complete Strut,FCS,,106.0,0.0,13.0,93.0,166.0,166.0,23.0,0.377,246.7,0.0,73
OK,1355085,Complete Strut,FCS,,102.0,0.0,9.0,93.0,105.0,105.0,23.0,0.377,246.7,0.0,12
OK,2333447R,Complete Strut,FCS,,91.0,0.0,2.0,89.0,101.0,101.0,22.0,0.361,246.8,0.0,12
OK,342489,Shock,BARE,,638.0,80.0,27.0,611.0,929.0,929.0,151.0,2.475,246.8,0.0,238
OK,1333489L,Complete Strut,FCS,,269.0,0.0,18.0,251.0,316.0,316.0,62.0,1.016,247.0,0.0,65
OK,336341,Strut,BARE,,172.0,0.0,14.0,158.0,222.0,222.0,39.0,0.639,247.1,0.0,64
OK,84072,Lift Support,CLIFT SUPPORT,,79.0,0.0,2.0,77.0,46.0,46.0,19.0,0.311,247.2,99.5,0
OK,1355027L,Complete Strut,FCS,,86.0,1.0,13.0,73.0,110.0,110.0,18.0,0.295,247.4,0.0,36
OK,341962,Shock,BARE,,368.0,0.0,15.0,353.0,645.0,645.0,87.0,1.426,247.5,0.0,292
OK,333493R,Strut,BARE,,72.0,2.0,3.0,69.0,59.0,59.0,17.0,0.279,247.6,35.9,0
OK,334308L,Strut,BARE,,70.0,0.0,1.0,69.0,86.0,86.0,17.0,0.279,247.6,0.0,17
OK,99026,Electronic Air Shock,Air Suspension,,724.0,0.0,58.0,666.0,966.0,966.0,164.0,2.689,247.7,0.0,300
OK,1337022,Complete Strut,FCS,,703.0,80.0,53.0,650.0,1098.0,1098.0,160.0,2.623,247.8,0.0,368
OK,335797L,Strut,BARE,,61.0,32.0,0.0,61.0,93.0,93.0,15.0,0.246,248.1,0.0,0
OK,2333392R,Complete Strut,FCS,,922.0,188.0,63.0,859.0,1375.0,1375.0,211.0,3.459,248.3,0.0,328
OK,2333560L,Complete Strut,FCS,,474.0,164.0,22.0,452.0,655.0,655.0,111.0,1.82,248.4,0.0,39
OK,1335832L,Complete Strut,FCS,,58.0,0.0,1.0,57.0,82.0,82.0,14.0,0.23,248.4,0.0,25
OK,342474,Shock,BARE,,112.0,30.0,2.0,110.0,133.0,133.0,27.0,0.443,248.5,0.0,0
OK,342827,Shock,BARE,,755.0,160.0,42.0,713.0,1118.0,1118.0,175.0,2.869,248.5,0.0,245
OK,1332369R,Complete Strut,FCS,,520.0,67.0,23.0,497.0,590.0,590.0,122.0,2.0,248.5,0.0,26
OK,1345471L,Complete Strut,FCS,,55.0,0.0,2.0,53.0,65.0,65.0,13.0,0.213,248.7,0.0,12
OK,86922,Lift Support,CLIFT SUPPORT,,54.0,0.0,1.0,53.0,24.0,24.0,13.0,0.213,248.7,136.1,0
OK,335797R,Strut,BARE,,54.0,12.0,1.0,53.0,86.0,86.0,13.0,0.213,248.7,0.0,21
OK,6345799,Complete Strut,FCS,,221.0,1.0,13.0,208.0,360.0,360.0,51.0,0.836,248.8,0.0,151
OK,341569,Shock,BARE,,414.0,0.0,18.0,396.0,583.0,583.0,97.0,1.59,249.0,0.0,187
OK,1332311L,Complete Strut,FCS,,50.0,0.0,1.0,49.0,70.0,70.0,12.0,0.197,249.1,0.0,21
OK,1331845L,Complete Strut,FCS,,101.0,0.0,3.0,98.0,118.0,118.0,24.0,0.393,249.1,0.0,20
OK,1331665R,Complete Strut,FCS,,54.0,0.0,5.0,49.0,59.0,59.0,12.0,0.197,249.1,0.0,10
OK,1335582L,Complete Strut,FCS,,305.0,2.0,23.0,282.0,430.0,430.0,69.0,1.131,249.3,0.0,146
OK,1355037,Complete Strut,FCS,,244.0,0.0,15.0,229.0,294.0,294.0,56.0,0.918,249.4,0.0,65
OK,2333414R,Complete Strut,FCS,,51.0,0.0,6.0,45.0,33.0,33.0,11.0,0.18,249.5,66.5,0
OK,1336311L,Complete Strut,FCS,,853.0,3.0,39.0,814.0,1150.0,1150.0,199.0,3.262,249.5,0.0,333
OK,1333746L,Complete Strut,FCS,,270.0,0.0,8.0,262.0,336.0,336.0,64.0,1.049,249.7,0.0,74
OK,1333490,Complete Strut,FCS,,2769.0,868.0,191.0,2578.0,3290.0,3290.0,629.0,10.311,250.0,0.0,0
OK,341092,Shock,BARE,,43.0,90.0,2.0,41.0,60.0,60.0,10.0,0.164,250.1,0.0,0
OK,1336347R,Complete Strut,FCS,,516.0,54.0,24.0,492.0,625.0,625.0,120.0,1.967,250.1,0.0,79
OK,F347343,Heavy Duty Shock Absorber,HBare,,45.0,60.0,4.0,41.0,51.0,51.0,10.0,0.164,250.1,0.0,0
OK,2333451L,Complete Strut,FCS,,947.0,164.0,61.0,886.0,1306.0,1306.0,216.0,3.541,250.2,0.0,256
OK,333821R,Strut,BARE,,78.0,0.0,0.0,78.0,69.0,69.0,19.0,0.311,250.4,28.9,0
OK,1331776R,Complete Strut,FCS,,43.0,0.0,6.0,37.0,46.0,46.0,9.0,0.148,250.8,0.0,9
OK,334016L,Strut,BARE,,38.0,0.0,1.0,37.0,65.0,65.0,9.0,0.148,250.8,0.0,28
OK,334596L,Strut,BARE,,37.0,0.0,0.0,37.0,0.0,0.0,9.0,0.148,250.8,206.8,0
OK,4345497,Complete Strut,FCS,,118.0,18.0,11.0,107.0,221.0,221.0,26.0,0.426,251.0,0.0,96
OK,1331607L,Complete Strut,FCS,,738.0,70.0,55.0,683.0,913.0,913.0,166.0,2.721,251.0,0.0,160
OK,1333377R,Complete Strut,FCS,,410.0,0.0,23.0,387.0,598.0,598.0,94.0,1.541,251.1,0.0,211
OK,1331573R,Complete Strut,FCS,,72.0,1.0,2.0,70.0,81.0,81.0,17.0,0.279,251.2,0.0,10
OK,1333586L,Complete Strut,FCS,,72.0,0.0,2.0,70.0,84.0,84.0,17.0,0.279,251.2,0.0,14
OK,1333710L,Complete Strut,FCS,,178.0,0.0,9.0,169.0,259.0,259.0,41.0,0.672,251.4,0.0,90
OK,341750,Shock,BARE,,33.0,0.0,0.0,33.0,28.0,28.0,8.0,0.131,251.6,38.1,0
OK,86243,Lift Support,CLIFT SUPPORT,,103.0,0.0,4.0,99.0,107.0,107.0,24.0,0.393,251.6,0.0,8
OK,86430,Lift Support,CLIFT SUPPORT,,35.0,0.0,2.0,33.0,24.0,24.0,8.0,0.131,251.6,68.6,0
OK,346422,Shock,BARE,,104.0,65.0,5.0,99.0,167.0,167.0,24.0,0.393,251.6,0.0,3
OK,334111L,Strut,BARE,,34.0,0.0,1.0,33.0,23.0,23.0,8.0,0.131,251.6,76.2,0
OK,1333508L,Complete Strut,FCS,,433.0,5.0,20.0,413.0,570.0,570.0,100.0,1.639,251.9,0.0,152
OK,86249,Lift Support,CLIFT SUPPORT,,164.0,0.0,7.0,157.0,183.0,183.0,38.0,0.623,252.0,0.0,26
OK,342949,Shock,BARE,,102.0,0.0,7.0,95.0,122.0,122.0,23.0,0.377,252.0,0.0,27
OK,1332356R,Complete Strut,FCS,,723.0,2.0,37.0,686.0,773.0,773.0,166.0,2.721,252.1,0.0,85
OK,SC00035,Complete Strut,FCS,,64.0,0.0,2.0,62.0,68.0,68.0,15.0,0.246,252.1,0.0,6
OK,3335779R,Complete Strut,FCS,,241.0,1.0,9.0,232.0,274.0,274.0,56.0,0.918,252.7,0.0,41
OK,8346640,Complete Strut,FCS,,64.0,114.0,6.0,58.0,99.0,99.0,14.0,0.23,252.7,0.0,0
OK,226336,Shock,BARE,,29.0,56.0,0.0,29.0,62.0,62.0,7.0,0.115,252.7,0.0,0
OK,2345682,Complete Strut,FCS,,454.0,51.0,31.0,423.0,558.0,558.0,102.0,1.672,253.0,0.0,84
OK,342495,Shock,BARE,,85.0,0.0,2.0,83.0,58.0,58.0,20.0,0.328,253.2,76.2,0
OK,84554,Lift Support,CLIFT SUPPORT,,294.0,0.0,7.0,287.0,356.0,356.0,69.0,1.131,253.7,0.0,69
OK,1333497R,Complete Strut,FCS,,654.0,324.0,30.0,624.0,885.0,885.0,150.0,2.459,253.8,0.0,0
OK,2345567,Complete Strut,FCS,,213.0,0.0,5.0,208.0,248.0,248.0,50.0,0.82,253.8,0.0,40
OK,355016,Strut,BARE,,297.0,0.0,14.0,283.0,351.0,351.0,68.0,1.115,253.9,0.0,68
OK,4335576,Complete Strut,FCS,,802.0,0.0,44.0,758.0,1084.0,1084.0,182.0,2.984,254.1,0.0,326
OK,333534R,Strut,BARE,,26.0,0.0,1.0,25.0,22.0,22.0,6.0,0.098,254.2,30.5,0
OK,345876R,Strut,BARE,,25.0,0.0,0.0,25.0,20.0,20.0,6.0,0.098,254.2,50.8,0
OK,SC00017,Complete Strut,FCS,,26.0,0.0,1.0,25.0,64.0,64.0,6.0,0.098,254.2,0.0,39
OK,1333861L,Complete Strut,FCS,,27.0,0.0,2.0,25.0,28.0,28.0,6.0,0.098,254.2,0.0,3
OK,345742,Strut,BARE,,90.0,0.0,2.0,88.0,74.0,74.0,21.0,0.344,255.6,40.7,0
OK,1331648L,Complete Strut,FCS,,537.0,19.0,34.0,503.0,590.0,590.0,120.0,1.967,255.7,0.0,68
OK,36C360,Cartridge,BARE,,21.0,0.0,0.0,21.0,24.0,24.0,5.0,0.082,256.2,0.0,3
OK,3335876L,Complete Strut,FCS,,43.0,1.0,1.0,42.0,43.0,43.0,10.0,0.164,256.2,0.0,0
OK,334283L,Strut,BARE,,88.0,0.0,4.0,84.0,94.0,94.0,20.0,0.328,256.2,0.0,10
OK,342527,Shock,BARE,,1030.0,798.0,46.0,984.0,1679.0,1679.0,234.0,3.836,256.5,0.0,0
OK,1333533R,Complete Strut,FCS,,63.0,0.0,4.0,59.0,81.0,81.0,14.0,0.23,257.1,0.0,22
OK,1333712R,Complete Strut,FCS,,479.0,0.0,28.0,451.0,550.0,550.0,107.0,1.754,257.1,0.0,99
OK,1345688R,Complete Strut,FCS,,834.0,157.0,36.0,798.0,969.0,969.0,189.0,3.098,257.6,0.0,14
OK,331587,Strut,BARE,,40.0,0.0,2.0,38.0,24.0,24.0,9.0,0.148,257.6,94.9,0
OK,3345685L,Complete Strut,FCS,,351.0,0.0,30.0,321.0,484.0,484.0,76.0,1.246,257.6,0.0,163
OK,334145L,Strut,BARE,,78.0,0.0,2.0,76.0,67.0,67.0,18.0,0.295,257.6,30.5,0
OK,1337128R,Complete Strut,FCS,,284.0,0.0,18.0,266.0,438.0,438.0,63.0,1.033,257.6,0.0,172
OK,8946212,Complete Strut,FCS,,43.0,0.0,5.0,38.0,71.0,71.0,9.0,0.148,257.6,0.0,33
OK,1355161,Complete Strut,FCS,,76.0,0.0,0.0,76.0,56.0,56.0,18.0,0.295,257.6,67.8,0
OK,95081,Air Conv.Kit,Air Suspension,,39.0,12.0,1.0,38.0,26.0,26.0,9.0,0.148,257.6,81.3,0
OK,1332369L,Complete Strut,FCS,,516.0,104.0,26.0,490.0,603.0,603.0,116.0,1.902,257.7,0.0,9
OK,1335831L,Complete Strut,FCS,,171.0,0.0,6.0,165.0,186.0,186.0,39.0,0.639,258.1,0.0,21
OK,1331617R,Complete Strut,FCS,,254.0,1.0,4.0,250.0,328.0,328.0,59.0,0.967,258.5,0.0,77
OK,1333379L,Complete Strut,FCS,,72.0,0.0,4.0,68.0,67.0,67.0,16.0,0.262,259.2,3.8,0
OK,2335877R,Complete Strut,FCS,,18.0,0.0,1.0,17.0,17.0,17.0,4.0,0.066,259.2,0.0,0
OK,335596R,Strut,BARE,,17.0,16.0,0.0,17.0,28.0,28.0,4.0,0.066,259.2,0.0,0
OK,84993,Lift Support,CLIFT SUPPORT,,17.0,0.0,0.0,17.0,12.0,12.0,4.0,0.066,259.2,76.2,0
OK,1337019L,Complete Strut,FCS,,34.0,0.0,0.0,34.0,35.0,35.0,8.0,0.131,259.2,0.0,1
OK,347614,Shock,BARE,,34.0,0.0,0.0,34.0,0.0,0.0,8.0,0.131,259.2,215.2,0
OK,2332352R,Complete Strut,FCS,,548.0,0.0,16.0,532.0,506.0,506.0,125.0,2.049,259.6,12.7,0
OK,2333450L,Complete Strut,FCS,,216.0,0.0,16.0,200.0,216.0,216.0,47.0,0.77,259.6,0.0,16
OK,3335684R,Complete Strut,FCS,,124.0,0.0,9.0,115.0,145.0,145.0,27.0,0.443,259.8,0.0,30
OK,1333584R,Complete Strut,FCS,,473.0,0.0,34.0,439.0,566.0,566.0,103.0,1.689,260.0,0.0,127
OK,346031,Shock,BARE,,969.0,189.0,31.0,938.0,1309.0,1309.0,220.0,3.607,260.1,0.0,182
OK,345453,Strut,BARE,,81.0,0.0,0.0,81.0,49.0,49.0,19.0,0.311,260.1,102.7,0
OK,84003,Lift Support,CLIFT SUPPORT,,79.0,0.0,15.0,64.0,74.0,74.0,15.0,0.246,260.3,0.0,10
OK,80113,lift support,CLIFT SUPPORT,,64.0,0.0,0.0,64.0,50.0,50.0,15.0,0.246,260.3,56.9,0
OK,86333,Lift Support,CLIFT SUPPORT,,1248.0,0.0,40.0,1208.0,1141.0,1141.0,283.0,4.639,260.4,14.4,0
OK,341597,Shock,BARE,,951.0,640.0,24.0,927.0,1776.0,1776.0,217.0,3.557,260.6,0.0,209
OK,86143,Lift Support,CLIFT SUPPORT,,47.0,0.0,0.0,47.0,13.0,13.0,11.0,0.18,260.6,188.5,0
OK,1333562L,Complete Strut,FCS,,97.0,0.0,3.0,94.0,117.0,117.0,22.0,0.361,260.6,0.0,23
OK,3335684L,Complete Strut,FCS,,133.0,0.0,9.0,124.0,143.0,143.0,29.0,0.475,260.8,0.0,19
OK,2333445R,Complete Strut,FCS,,62.0,0.0,2.0,60.0,82.0,82.0,14.0,0.23,261.4,0.0,22
OK,1331665L,Complete Strut,FCS,,63.0,0.0,3.0,60.0,55.0,55.0,14.0,0.23,261.4,21.8,0
OK,1345474L,Complete Strut,FCS,,90.0,91.0,0.0,90.0,117.0,117.0,21.0,0.344,261.4,0.0,0
OK,335858L,Strut,BARE,,35.0,0.0,5.0,30.0,35.0,35.0,7.0,0.115,261.4,0.0,5
OK,1355066L,Complete Strut,FCS,,31.0,0.0,1.0,30.0,17.0,17.0,7.0,0.115,261.4,113.3,0
OK,2333532R,Complete Strut,FCS,,138.0,0.0,5.0,133.0,217.0,217.0,31.0,0.508,261.7,0.0,84
OK,337006L,Strut,BARE,,137.0,36.0,4.0,133.0,166.0,166.0,31.0,0.508,261.7,0.0,0
OK,1334076L,Complete Strut,FCS,,558.0,0.0,43.0,515.0,670.0,670.0,120.0,1.967,261.8,0.0,155
OK,333443R,Strut,BARE,,78.0,48.0,5.0,73.0,98.0,98.0,17.0,0.279,261.9,0.0,0
OK,86615,Lift Support,CLIFT SUPPORT,,79.0,0.0,6.0,73.0,67.0,67.0,17.0,0.279,261.9,21.5,0
OK,346051,Shock,BARE,,411.0,0.0,20.0,391.0,543.0,543.0,91.0,1.492,262.1,0.0,152
OK,SC00023,Complete Strut,FCS,,164.0,0.0,5.0,159.0,205.0,205.0,37.0,0.607,262.1,0.0,46
OK,341545,Shock,BARE,,223.0,140.0,8.0,215.0,430.0,430.0,50.0,0.82,262.3,0.0,75
OK,333761,Strut,BARE,,44.0,0.0,1.0,43.0,40.0,40.0,10.0,0.164,262.3,18.3,0
OK,1337077L,Complete Strut,FCS,,1897.0,0.0,137.0,1760.0,2200.0,2200.0,409.0,6.705,262.5,0.0,440
OK,335779L,Strut,BARE,,100.0,200.0,1.0,99.0,250.0,250.0,23.0,0.377,262.6,0.0,0
OK,341643,Shock,BARE,,495.0,115.0,17.0,478.0,735.0,735.0,111.0,1.82,262.7,0.0,142
OK,1333560L,Complete Strut,FCS,,62.0,0.0,6.0,56.0,104.0,104.0,13.0,0.213,262.8,0.0,48
OK,2333393R,Complete Strut,FCS,,70.0,0.0,1.0,69.0,75.0,75.0,16.0,0.262,263.1,0.0,6
OK,8348024,Complete Strut,FCS,,77.0,0.0,8.0,69.0,20.0,20.0,16.0,0.262,263.1,186.8,0
OK,1335795R,Complete Strut,FCS,,87.0,0.0,5.0,82.0,148.0,148.0,19.0,0.311,263.3,0.0,66
OK,1334069R,Complete Strut,FCS,,294.0,104.0,22.0,272.0,518.0,518.0,63.0,1.033,263.4,0.0,142
OK,1335383L,Complete Strut,FCS,,650.0,108.0,45.0,605.0,958.0,958.0,140.0,2.295,263.6,0.0,245
OK,1331754L,Complete Strut,FCS,,42.0,0.0,3.0,39.0,38.0,38.0,9.0,0.148,264.3,6.8,0
OK,1331786R,Complete Strut,FCS,,93.0,46.0,2.0,91.0,118.0,118.0,21.0,0.344,264.3,0.0,0
OK,1333462L,Complete Strut,FCS,,183.0,0.0,14.0,169.0,256.0,256.0,39.0,0.639,264.3,0.0,87
OK,1345762,Complete Strut,FCS,,137.0,0.0,20.0,117.0,160.0,160.0,27.0,0.443,264.3,0.0,43
OK,2335564L,Complete Strut,FCS,,107.0,0.0,3.0,104.0,125.0,125.0,24.0,0.393,264.3,0.0,21
OK,331583L,Strut,BARE,,26.0,0.0,0.0,26.0,17.0,17.0,6.0,0.098,264.3,91.5,0
OK,335880L,Strut,BARE,,14.0,0.0,1.0,13.0,17.0,17.0,3.0,0.049,264.3,0.0,4
OK,341552,Shock,BARE,,28.0,43.0,2.0,26.0,21.0,21.0,6.0,0.098,264.3,50.8,0
OK,341623,Shock,BARE,,236.0,10.0,2.0,234.0,274.0,274.0,54.0,0.885,264.3,0.0,30
OK,345470,Strut,BARE,,13.0,0.0,0.0,13.0,18.0,18.0,3.0,0.049,264.3,0.0,5
OK,86167,Lift Support,CLIFT SUPPORT,,68.0,0.0,3.0,65.0,57.0,57.0,15.0,0.246,264.3,32.5,0
OK,84523R,Lift Support,CLIFT SUPPORT,,70.0,0.0,5.0,65.0,84.0,84.0,15.0,0.246,264.3,0.0,19
OK,1332368R,Complete Strut,FCS,,440.0,79.0,37.0,403.0,520.0,520.0,93.0,1.525,264.3,0.0,38
OK,1331667,Complete Strut,FCS,,28.0,16.0,2.0,26.0,43.0,43.0,6.0,0.098,264.3,0.0,1
OK,346241,Shock,BARE,,188.0,40.0,6.0,182.0,236.0,236.0,42.0,0.689,264.3,0.0,14
OK,DT346217,Shock,BARE,,65.0,0.0,0.0,65.0,79.0,79.0,15.0,0.246,264.3,0.0,14
OK,342774,Shock,BARE,,26.0,0.0,0.0,26.0,29.0,29.0,6.0,0.098,264.3,0.0,3
OK,2333945R,Complete Strut,FCS,,17.0,0.0,4.0,13.0,45.0,45.0,3.0,0.049,264.3,0.0,32
OK,355065L,Strut,BARE,,39.0,0.0,0.0,39.0,46.0,46.0,9.0,0.148,264.3,0.0,7
OK,346719,Shock,BARE,,78.0,0.0,0.0,78.0,58.0,58.0,18.0,0.295,264.3,67.8,0
OK,355103,Strut,BARE,,78.0,0.0,0.0,78.0,53.0,53.0,18.0,0.295,264.3,84.7,0
OK,334466L,Strut,BARE,,112.0,32.0,8.0,104.0,133.0,133.0,24.0,0.393,264.3,0.0,0
OK,1334069L,Complete Strut,FCS,,299.0,104.0,17.0,282.0,507.0,507.0,65.0,1.066,264.6,0.0,121
OK,84185,Lift Support,CLIFT SUPPORT,,584.0,0.0,19.0,565.0,555.0,555.0,130.0,2.131,265.1,4.7,0
OK,84361,Lift Support,CLIFT SUPPORT,,189.0,0.0,2.0,187.0,192.0,192.0,43.0,0.705,265.3,0.0,5
OK,86834,LIFT SUPPORT,CLIFT SUPPORT,,95.0,0.0,8.0,87.0,128.0,128.0,20.0,0.328,265.4,0.0,41
OK,337006R,Strut,BARE,,162.0,0.0,1.0,161.0,196.0,196.0,37.0,0.607,265.4,0.0,35
OK,331775R,Strut,BARE,,61.0,0.0,0.0,61.0,49.0,49.0,14.0,0.23,265.8,52.3,0
OK,DT346689,Shock,BARE,,191.0,0.0,8.0,183.0,228.0,228.0,42.0,0.689,265.8,0.0,45
OK,1333461L,Complete Strut,FCS,,163.0,65.0,6.0,157.0,208.0,208.0,36.0,0.59,266.0,0.0,0
OK,1331590L,Complete Strut,FCS,,100.0,4.0,4.0,96.0,90.0,90.0,22.0,0.361,266.2,16.6,0
OK,1336324,Complete Strut,FCS,,922.0,3.0,27.0,895.0,1064.0,1064.0,205.0,3.361,266.3,0.0,166
OK,346328,Shock,BARE,,233.0,116.0,6.0,227.0,367.0,367.0,52.0,0.852,266.3,0.0,24
OK,1333443R,Complete Strut,FCS,,1157.0,83.0,122.0,1035.0,1507.0,1507.0,237.0,3.885,266.4,0.0,389
OK,333719L,Strut,BARE,,91.0,0.0,8.0,83.0,113.0,113.0,19.0,0.311,266.5,0.0,30
OK,342915,Shock,BARE,,124.0,0.0,6.0,118.0,247.0,247.0,27.0,0.443,266.6,0.0,129
OK,1333355R,Complete Strut,FCS,,231.0,52.0,8.0,223.0,245.0,245.0,51.0,0.836,266.7,0.0,0
OK,1333426L,Complete Strut,FCS,,322.0,1.0,16.0,306.0,522.0,522.0,70.0,1.148,266.7,0.0,215
OK,1333725R,Complete Strut,FCS,,299.0,7.0,6.0,293.0,411.0,411.0,67.0,1.098,266.8,0.0,111
OK,1331747L,Complete Strut,FCS,,35.0,16.0,0.0,35.0,42.0,42.0,8.0,0.131,266.9,0.0,0
OK,84930,Lift Support,CLIFT SUPPORT,,36.0,0.0,1.0,35.0,20.0,20.0,8.0,0.131,266.9,114.4,0
OK,1332328L,Complete Strut,FCS,,70.0,25.0,0.0,70.0,94.0,94.0,16.0,0.262,266.9,0.0,0
OK,1333531L,Complete Strut,FCS,,36.0,0.0,1.0,35.0,63.0,63.0,8.0,0.131,266.9,0.0,28
OK,86023,LIFT SUPPORT,CLIFT SUPPORT,,35.0,0.0,0.0,35.0,31.0,31.0,8.0,0.131,266.9,30.5,0
OK,341602,Shock,BARE,,116.0,0.0,11.0,105.0,109.0,109.0,24.0,0.393,266.9,0.0,4
OK,1334112L,Complete Strut,FCS,,113.0,0.0,8.0,105.0,116.0,116.0,24.0,0.393,266.9,0.0,11
OK,1336340R,Complete Strut,FCS,,377.0,20.0,9.0,368.0,378.0,378.0,84.0,1.377,267.2,0.0,0
OK,1345793R,Complete Strut,FCS,,95.0,0.0,3.0,92.0,128.0,128.0,21.0,0.344,267.2,0.0,36
OK,1333710R,Complete Strut,FCS,,194.0,0.0,10.0,184.0,230.0,230.0,42.0,0.689,267.2,0.0,46
OK,1333944L,Complete Strut,FCS,,636.0,166.0,27.0,609.0,883.0,883.0,139.0,2.279,267.3,0.0,108
OK,331632R,Strut,BARE,,115.0,0.0,1.0,114.0,115.0,115.0,26.0,0.426,267.5,0.0,1
OK,346440,Shock,BARE,,59.0,0.0,2.0,57.0,72.0,72.0,13.0,0.213,267.5,0.0,15
OK,84346,Lift Support,CLIFT SUPPORT,,185.0,0.0,5.0,180.0,235.0,235.0,41.0,0.672,267.8,0.0,55
OK,346250,Shock,BARE,,326.0,20.0,45.0,281.0,546.0,546.0,64.0,1.049,267.8,0.0,245
OK,337077L,Strut,BARE,,276.0,0.0,17.0,259.0,349.0,349.0,59.0,0.967,267.8,0.0,90
OK,1333841R,Complete Strut,FCS,,340.0,32.0,15.0,325.0,494.0,494.0,74.0,1.213,267.9,0.0,137
OK,1333820R,Complete Strut,FCS,,129.0,0.0,6.0,123.0,117.0,117.0,28.0,0.459,268.0,13.1,0
OK,1331900L,Complete Strut,FCS,,202.0,2.0,4.0,198.0,258.0,258.0,45.0,0.738,268.4,0.0,58
OK,1345816L,Complete Strut,FCS,,444.0,108.0,26.0,418.0,647.0,647.0,95.0,1.557,268.4,0.0,121
OK,331659L,Strut,BARE,,22.0,0.0,0.0,22.0,15.0,15.0,5.0,0.082,268.4,85.4,0
OK,331847R,Strut,BARE,,22.0,0.0,0.0,22.0,28.0,28.0,5.0,0.082,268.4,0.0,6
OK,84462,Lift Support,CLIFT SUPPORT,,68.0,0.0,2.0,66.0,42.0,42.0,15.0,0.246,268.4,97.6,0
OK,1345957L,Complete Strut,FCS,,66.0,0.0,0.0,66.0,65.0,65.0,15.0,0.246,268.4,4.1,0
OK,F347270,Heavy Duty Shock Absorber,HBare,,44.0,0.0,0.0,44.0,25.0,25.0,10.0,0.164,268.4,115.9,0
OK,333957R,Strut,BARE,,91.0,0.0,3.0,88.0,111.0,111.0,20.0,0.328,268.4,0.0,23
OK,3333524L,Complete Strut,FCS,,22.0,0.0,0.0,22.0,26.0,26.0,5.0,0.082,268.4,0.0,4
OK,99015,Electronic Air Strut,Air Suspension,,22.0,0.0,0.0,22.0,14.0,14.0,5.0,0.082,268.4,97.6,0
OK,1332306L,Complete Strut,FCS,,536.0,25.0,42.0,494.0,692.0,692.0,112.0,1.836,269.1,0.0,173
OK,1331604L,Complete Strut,FCS,,145.0,0.0,17.0,128.0,194.0,194.0,29.0,0.475,269.2,0.0,66
OK,84221R,Lift Support,CLIFT SUPPORT,,57.0,0.0,4.0,53.0,56.0,56.0,12.0,0.197,269.4,0.0,3
OK,86468,Lift Support,CLIFT SUPPORT,,352.0,0.0,16.0,336.0,542.0,542.0,76.0,1.246,269.7,0.0,206
OK,86877,LIFT SUPPORT,CLIFT SUPPORT,,445.0,0.0,25.0,420.0,546.0,546.0,95.0,1.557,269.7,0.0,126
OK,1345695,Complete Strut,FCS,,537.0,59.0,15.0,522.0,532.0,532.0,118.0,1.934,269.8,0.0,0
OK,1333404,Complete Strut,FCS,,1875.0,335.0,73.0,1802.0,7712.0,7712.0,407.0,6.672,270.1,0.0,5575
OK,331081R,Strut,BARE,,31.0,0.0,0.0,31.0,14.0,14.0,7.0,0.115,270.1,148.1,0
OK,341534,Shock,BARE,,621.0,330.0,10.0,611.0,898.0,898.0,138.0,2.262,270.1,0.0,0
OK,333509R,Strut,BARE,,32.0,0.0,1.0,31.0,31.0,31.0,7.0,0.115,270.1,0.0,0
OK,334435R,Strut,BARE,,38.0,0.0,7.0,31.0,43.0,43.0,7.0,0.115,270.1,0.0,12
OK,1333961L,Complete Strut,FCS,,594.0,0.0,22.0,572.0,598.0,598.0,129.0,2.115,270.5,0.0,26
OK,1332304L,Complete Strut,FCS,,177.0,70.0,4.0,173.0,226.0,226.0,39.0,0.639,270.6,0.0,0
OK,1333542L,Complete Strut,FCS,,174.0,0.0,1.0,173.0,180.0,180.0,39.0,0.639,270.6,0.0,7
OK,80044,Lift Support,CLIFT SUPPORT,,42.0,0.0,2.0,40.0,26.0,26.0,9.0,0.148,271.1,94.9,0
OK,345555,Strut,BARE,,174.0,0.0,5.0,169.0,244.0,244.0,38.0,0.623,271.3,0.0,75
OK,346054,Shock,BARE,,533.0,440.0,17.0,516.0,974.0,974.0,116.0,1.902,271.3,0.0,18
OK,342950,Shock,BARE,,146.0,0.0,8.0,138.0,172.0,172.0,31.0,0.508,271.5,0.0,34
OK,1333475L,Complete Strut,FCS,,154.0,0.0,7.0,147.0,231.0,231.0,33.0,0.541,271.7,0.0,84
OK,345940,Strut,BARE,,49.0,0.0,0.0,49.0,59.0,59.0,11.0,0.18,271.7,0.0,10
OK,341513,Shock,BARE,,1085.0,640.0,24.0,1061.0,1420.0,1420.0,238.0,3.902,271.9,0.0,0
OK,1333823L,Complete Strut,FCS,,411.0,78.0,14.0,397.0,578.0,578.0,89.0,1.459,272.1,0.0,103
OK,1332303,Complete Strut,FCS,,990.0,97.0,75.0,915.0,1115.0,1115.0,205.0,3.361,272.3,0.0,103
OK,2355160R,Complete Strut,FCS,,67.0,0.0,0.0,67.0,42.0,42.0,15.0,0.246,272.5,101.7,0
OK,1345955R,Complete Strut,FCS,,81.0,0.0,5.0,76.0,104.0,104.0,17.0,0.279,272.7,0.0,28
OK,342873,Shock,BARE,,2075.0,576.0,107.0,1968.0,2720.0,2720.0,440.0,7.213,272.8,0.0,176
OK,2345558L,Complete Strut,FCS,,334.0,0.0,12.0,322.0,508.0,508.0,72.0,1.18,272.8,0.0,186
OK,333844R,Strut,BARE,,97.0,48.0,3.0,94.0,117.0,117.0,21.0,0.344,273.0,0.0,0
OK,1334144R,Complete Strut,FCS,,414.0,0.0,24.0,390.0,588.0,588.0,87.0,1.426,273.4,0.0,198
OK,1331632R,Complete Strut,FCS,,169.0,28.0,12.0,157.0,215.0,215.0,35.0,0.574,273.6,0.0,30
OK,1333524R,Complete Strut,FCS,,926.0,215.0,42.0,884.0,1278.0,1278.0,197.0,3.23,273.7,0.0,179
OK,334433R,Strut,BARE,,167.0,0.0,1.0,166.0,137.0,137.0,37.0,0.607,273.7,47.8,0
OK,DT342888,Shock,BARE,,909.0,0.0,46.0,863.0,1404.0,1404.0,192.0,3.148,274.2,0.0,541
OK,331621L,Strut,BARE,,9.0,48.0,0.0,9.0,22.0,22.0,2.0,0.033,274.5,0.0,0
OK,333438R,Strut,BARE,,9.0,0.0,0.0,9.0,7.0,7.0,2.0,0.033,274.5,61.0,0
OK,84122,Lift Support,CLIFT SUPPORT,,93.0,0.0,3.0,90.0,51.0,51.0,20.0,0.328,274.5,119.0,0
OK,84812,Lift Support,CLIFT SUPPORT,,27.0,0.0,0.0,27.0,24.0,24.0,6.0,0.098,274.5,30.5,0
OK,84857,Lift Support,CLIFT SUPPORT,,99.0,0.0,0.0,99.0,76.0,76.0,22.0,0.361,274.5,63.8,0
OK,333390L,Strut,BARE,,37.0,0.0,1.0,36.0,22.0,22.0,8.0,0.131,274.5,106.8,0
OK,1333585R,Complete Strut,FCS,,128.0,10.0,11.0,117.0,204.0,204.0,26.0,0.426,274.5,0.0,77
OK,87066,Lift Support,CLIFT SUPPORT,,36.0,0.0,0.0,36.0,20.0,20.0,8.0,0.131,274.5,122.0,0
OK,333814L,Strut,BARE,,68.0,0.0,5.0,63.0,56.0,56.0,14.0,0.23,274.5,30.5,0
OK,86761,LIFT SUPPORT,CLIFT SUPPORT,,92.0,0.0,2.0,90.0,70.0,70.0,20.0,0.328,274.5,61.0,0
OK,333812L,Strut,BARE,,65.0,40.0,2.0,63.0,81.0,81.0,14.0,0.23,274.5,0.0,0
OK,333845L,Strut,BARE,,74.0,0.0,2.0,72.0,72.0,72.0,16.0,0.262,274.5,0.0,0
OK,F347227,Heavy Duty Shock Absorber,HBare,,55.0,54.0,10.0,45.0,62.0,62.0,10.0,0.164,274.5,0.0,0
OK,F346601,Heavy Duty Shock Absorber,HBare,,27.0,0.0,0.0,27.0,22.0,22.0,6.0,0.098,274.5,50.8,0
OK,334090L,Strut,BARE,,57.0,0.0,3.0,54.0,63.0,63.0,12.0,0.197,274.5,0.0,9
OK,MV002,Solenoid Valve,Air Suspension,,9.0,0.0,0.0,9.0,3.0,3.0,2.0,0.033,274.5,183.0,0
OK,8341586,Complete Strut,FCS,,89.0,0.0,17.0,72.0,139.0,139.0,16.0,0.262,274.5,0.0,67
OK,KY037,Air Compressor,Air Suspension,,9.0,0.0,0.0,9.0,3.0,3.0,2.0,0.033,274.5,183.0,0
OK,8346744,Complete Strut,FCS,,30.0,0.0,3.0,27.0,33.0,33.0,6.0,0.098,274.5,0.0,6
OK,348091,Shock,BARE,,36.0,0.0,0.0,36.0,0.0,0.0,8.0,0.131,274.5,230.5,0
OK,1333961R,Complete Strut,FCS,,553.0,80.0,30.0,523.0,619.0,619.0,116.0,1.902,275.0,0.0,16
OK,1333270R,Complete Strut,FCS,,1125.0,7.0,65.0,1060.0,2631.0,2631.0,235.0,3.852,275.1,0.0,1564
OK,2333392L,Complete Strut,FCS,,952.0,189.0,54.0,898.0,1288.0,1288.0,199.0,3.262,275.3,0.0,201
OK,1333816R,Complete Strut,FCS,,173.0,43.0,6.0,167.0,209.0,209.0,37.0,0.607,275.3,0.0,0
OK,HS008,Susp. Ride Sensor,Air Suspension,,181.0,0.0,5.0,176.0,176.0,176.0,39.0,0.639,275.3,0.0,0
OK,335832,Strut,BARE,,119.0,46.0,6.0,113.0,181.0,181.0,25.0,0.41,275.7,0.0,22
OK,80052,Lift Support,CLIFT SUPPORT,,182.0,0.0,10.0,172.0,127.0,127.0,38.0,0.623,276.1,72.2,0
OK,86607,Lift Support,CLIFT SUPPORT,,77.0,0.0,0.0,77.0,78.0,78.0,17.0,0.279,276.3,0.0,1
OK,335825L,Strut,BARE,,70.0,0.0,2.0,68.0,117.0,117.0,15.0,0.246,276.5,0.0,49
OK,1355179R,Complete Strut,FCS,,87.0,0.0,19.0,68.0,137.0,137.0,15.0,0.246,276.5,0.0,69
OK,1333470R,Complete Strut,FCS,,64.0,0.0,5.0,59.0,81.0,81.0,13.0,0.213,276.8,0.0,22
OK,1335555L,Complete Strut,FCS,,166.0,0.0,7.0,159.0,172.0,172.0,35.0,0.574,277.1,0.0,13
OK,1333443L,Complete Strut,FCS,,1189.0,1.0,71.0,1118.0,1368.0,1368.0,246.0,4.033,277.2,0.0,249
OK,1336301R,Complete Strut,FCS,,226.0,54.0,17.0,209.0,177.0,177.0,46.0,0.754,277.2,42.4,0
OK,335547,Strut,BARE,,52.0,0.0,2.0,50.0,68.0,68.0,11.0,0.18,277.3,0.0,18
OK,335970,Strut,BARE,,370.0,0.0,47.0,323.0,336.0,336.0,71.0,1.164,277.5,0.0,13
OK,333825R,Strut,BARE,,94.0,0.0,3.0,91.0,113.0,113.0,20.0,0.328,277.6,0.0,22
OK,331782L,Strut,BARE,,42.0,0.0,1.0,41.0,34.0,34.0,9.0,0.148,277.9,47.4,0
OK,341578,Shock,BARE,,842.0,160.0,13.0,829.0,1137.0,1137.0,182.0,2.984,277.9,0.0,148
OK,345448,Strut,BARE,,126.0,0.0,3.0,123.0,143.0,143.0,27.0,0.443,277.9,0.0,20
OK,84827,Lift Support,CLIFT SUPPORT,,41.0,0.0,0.0,41.0,22.0,22.0,9.0,0.148,277.9,128.8,0
OK,333584L,Strut,BARE,,83.0,0.0,1.0,82.0,224.0,224.0,18.0,0.295,277.9,0.0,142
OK,DT346366,Shock,BARE,,41.0,0.0,0.0,41.0,50.0,50.0,9.0,0.148,277.9,0.0,9
OK,1345955L,Complete Strut,FCS,,85.0,0.0,3.0,82.0,113.0,113.0,18.0,0.295,277.9,0.0,31
OK,3345793R,Complete Strut,FCS,,84.0,0.0,2.0,82.0,119.0,119.0,18.0,0.295,277.9,0.0,37
OK,333461R,Strut,BARE,,41.0,0.0,0.0,41.0,34.0,34.0,9.0,0.148,277.9,47.4,0
OK,334449R,Strut,BARE,,42.0,0.0,1.0,41.0,27.0,27.0,9.0,0.148,277.9,94.9,0
OK,342519,Shock,BARE,,1814.0,288.0,22.0,1792.0,2525.0,2525.0,393.0,6.443,278.1,0.0,445
OK,1345428,Complete Strut,FCS,,73.0,2.0,0.0,73.0,63.0,63.0,16.0,0.262,278.3,38.1,0
OK,1331749L,Complete Strut,FCS,,65.0,0.0,1.0,64.0,67.0,67.0,14.0,0.23,278.9,0.0,3
OK,342554,Shock,BARE,,336.0,0.0,16.0,320.0,499.0,499.0,70.0,1.148,278.9,0.0,179
OK,86157,Lift Support,CLIFT SUPPORT,,353.0,0.0,33.0,320.0,327.0,327.0,70.0,1.148,278.9,0.0,7
OK,345842,Strut,BARE,,32.0,0.0,0.0,32.0,27.0,27.0,7.0,0.115,278.9,43.6,0
OK,1345957R,Complete Strut,FCS,,64.0,15.0,0.0,64.0,65.0,65.0,14.0,0.23,278.9,0.0,0
OK,1345407R,Complete Strut,FCS,,35.0,12.0,3.0,32.0,33.0,33.0,7.0,0.115,278.9,0.0,0
OK,8346944,Complete Strut,FCS,,34.0,0.0,2.0,32.0,34.0,34.0,7.0,0.115,278.9,0.0,2
OK,1331785R,Complete Strut,FCS,,122.0,0.0,3.0,119.0,136.0,136.0,26.0,0.426,279.2,0.0,17
OK,1335877R,Complete Strut,FCS,,271.0,1.0,33.0,238.0,327.0,327.0,52.0,0.852,279.2,0.0,88
OK,346249,Shock,BARE,,341.0,0.0,16.0,325.0,300.0,300.0,71.0,1.164,279.2,21.5,0
OK,345472,Strut,BARE,,89.0,52.0,2.0,87.0,125.0,125.0,19.0,0.311,279.3,0.0,0
OK,2334112L,Complete Strut,FCS,,440.0,0.0,14.0,426.0,496.0,496.0,93.0,1.525,279.4,0.0,70
OK,345721,Strut,BARE,,116.0,0.0,6.0,110.0,195.0,195.0,24.0,0.393,279.6,0.0,85
OK,1355004,Complete Strut,FCS,,174.0,0.0,9.0,165.0,214.0,214.0,36.0,0.59,279.6,0.0,49
OK,1333857L,Complete Strut,FCS,,235.0,159.0,24.0,211.0,378.0,378.0,46.0,0.754,279.8,0.0,8
OK,1333452R,Complete Strut,FCS,,530.0,160.0,25.0,505.0,666.0,666.0,110.0,1.803,280.0,0.0,1
OK,2333453L,Complete Strut,FCS,,53.0,8.0,7.0,46.0,53.0,53.0,10.0,0.164,280.6,0.0,0
OK,331758R,Strut,BARE,,24.0,0.0,1.0,23.0,13.0,13.0,5.0,0.082,280.6,122.0,0
OK,1345792R,Complete Strut,FCS,,23.0,0.0,0.0,23.0,14.0,14.0,5.0,0.082,280.6,109.8,0
OK,92037,Electronic Air Strut,Air Suspension,,36.0,20.0,13.0,23.0,29.0,29.0,5.0,0.082,280.6,0.0,0
OK,341715,Shock,BARE,,528.0,196.0,12.0,516.0,699.0,699.0,112.0,1.836,281.0,0.0,0
OK,1333291L,Complete Strut,FCS,,291.0,20.0,19.0,272.0,346.0,346.0,59.0,0.967,281.2,0.0,54
OK,341424,Shock,BARE,,1026.0,562.0,42.0,984.0,1404.0,1404.0,213.0,3.492,281.8,0.0,0
OK,1331648R,Complete Strut,FCS,,618.0,48.0,54.0,564.0,579.0,579.0,122.0,2.0,282.0,0.0,0
OK,3335876R,Complete Strut,FCS,,39.0,1.0,2.0,37.0,49.0,49.0,8.0,0.131,282.1,0.0,11
OK,86786,LIFT SUPPORT,CLIFT SUPPORT,,38.0,0.0,1.0,37.0,47.0,47.0,8.0,0.131,282.1,0.0,10
OK,333867R,Strut,BARE,,37.0,0.0,0.0,37.0,35.0,35.0,8.0,0.131,282.1,15.2,0
OK,2355072L,Complete Strut,FCS,,37.0,0.0,0.0,37.0,24.0,24.0,8.0,0.131,282.1,99.1,0
OK,346219,Shock,BARE,,137.0,20.0,12.0,125.0,168.0,168.0,27.0,0.443,282.4,0.0,23
OK,2333817L,Complete Strut,FCS,,91.0,0.0,3.0,88.0,100.0,100.0,19.0,0.311,282.5,0.0,12
OK,3333467L,Complete Strut,FCS,,154.0,0.0,15.0,139.0,152.0,152.0,30.0,0.492,282.6,0.0,13
OK,1331845R,Complete Strut,FCS,,103.0,0.0,1.0,102.0,127.0,127.0,22.0,0.361,282.8,0.0,25
OK,1345449L,Complete Strut,FCS,,54.0,0.0,3.0,51.0,73.0,73.0,11.0,0.18,282.8,0.0,22
OK,4335909R,Complete Strut,FCS,,104.0,0.0,2.0,102.0,135.0,135.0,22.0,0.361,282.8,0.0,33
OK,5335790,Complete Strut,FCS,,94.0,0.0,1.0,93.0,152.0,152.0,20.0,0.328,283.7,0.0,59
OK,345454,Shock,BARE,,96.0,0.0,3.0,93.0,96.0,96.0,20.0,0.328,283.7,0.0,3
OK,333825L,Strut,BARE,,95.0,0.0,2.0,93.0,106.0,106.0,20.0,0.328,283.7,0.0,13
OK,SC00024,Complete Strut,FCS,,99.0,0.0,6.0,93.0,139.0,139.0,20.0,0.328,283.7,0.0,46
OK,1333415R,Complete Strut,FCS,,112.0,26.0,5.0,107.0,171.0,171.0,23.0,0.377,283.8,0.0,38
OK,2331908L,Complete Strut,FCS,,202.0,1.0,11.0,191.0,187.0,187.0,41.0,0.672,284.2,6.0,0
OK,1337006L,Complete Strut,FCS,,779.0,479.0,43.0,736.0,1131.0,1131.0,158.0,2.59,284.2,0.0,0
OK,1337079R,Complete Strut,FCS,,297.0,0.0,22.0,275.0,457.0,457.0,59.0,0.967,284.3,0.0,182
OK,1331785L,Complete Strut,FCS,,116.0,36.0,4.0,112.0,141.0,141.0,24.0,0.393,284.7,0.0,0
OK,1333412R,Complete Strut,FCS,,72.0,0.0,2.0,70.0,56.0,56.0,15.0,0.246,284.7,56.9,0
OK,331721R,Strut,BARE,,29.0,0.0,1.0,28.0,32.0,32.0,6.0,0.098,284.7,0.0,4
OK,333472,Strut,BARE,,28.0,4.0,0.0,28.0,37.0,37.0,6.0,0.098,284.7,0.0,5
OK,1331596R,Complete Strut,FCS,,32.0,10.0,4.0,28.0,46.0,46.0,6.0,0.098,284.7,0.0,8
OK,1332325R,Complete Strut,FCS,,28.0,0.0,0.0,28.0,22.0,22.0,6.0,0.098,284.7,61.0,0
OK,2333742L,Complete Strut,FCS,,28.0,0.0,0.0,28.0,17.0,17.0,6.0,0.098,284.7,111.8,0
OK,346374,Shock,BARE,,288.0,80.0,8.0,280.0,365.0,365.0,60.0,0.984,284.7,0.0,5
OK,87028,LIFT SUPPORT,CLIFT SUPPORT,,70.0,0.0,0.0,70.0,60.0,60.0,15.0,0.246,284.7,40.7,0
OK,334056L,Strut,BARE,,29.0,0.0,1.0,28.0,13.0,13.0,6.0,0.098,284.7,152.5,0
OK,SC00043,Complete Strut,FCS,,16.0,0.0,2.0,14.0,16.0,16.0,3.0,0.049,284.7,0.0,2
OK,226339,Shock,BARE,,44.0,46.0,2.0,42.0,73.0,73.0,9.0,0.148,284.7,0.0,0
OK,1331727,Complete Strut,FCS,,1097.0,160.0,46.0,1051.0,1276.0,1276.0,225.0,3.689,284.9,0.0,65
OK,1333825L,Complete Strut,FCS,,543.0,0.0,34.0,509.0,701.0,701.0,109.0,1.787,284.9,0.0,192
OK,2335883R,Complete Strut,FCS,,664.0,0.0,24.0,640.0,886.0,886.0,137.0,2.246,285.0,0.0,246
OK,341576,Shock,BARE,,223.0,0.0,8.0,215.0,244.0,244.0,46.0,0.754,285.1,0.0,29
OK,84782,Lift Support,CLIFT SUPPORT,,173.0,0.0,0.0,173.0,137.0,137.0,37.0,0.607,285.2,59.4,0
OK,3333415L,Complete Strut,FCS,,95.0,32.0,6.0,89.0,144.0,144.0,19.0,0.311,285.7,0.0,23
OK,346218,Shock,BARE,,1306.0,29.0,79.0,1227.0,1959.0,1959.0,262.0,4.295,285.7,0.0,703
OK,1345879L,Complete Strut,FCS,,91.0,0.0,2.0,89.0,94.0,94.0,19.0,0.311,285.7,0.0,5
OK,1333840R,Complete Strut,FCS,,203.0,0.0,11.0,192.0,271.0,271.0,41.0,0.672,285.7,0.0,79
OK,334283R,Strut,BARE,,93.0,0.0,4.0,89.0,89.0,89.0,19.0,0.311,285.7,0.0,0
OK,346332,Shock,BARE,,1027.0,80.0,60.0,967.0,1769.0,1769.0,206.0,3.377,286.3,0.0,722
OK,1334079R,Complete Strut,FCS,,232.0,0.0,16.0,216.0,246.0,246.0,46.0,0.754,286.4,0.0,30
OK,1333447R,Complete Strut,FCS,,653.0,211.0,19.0,634.0,760.0,760.0,135.0,2.213,286.5,0.0,0
OK,333365R,Strut,BARE,,240.0,0.0,5.0,235.0,284.0,284.0,50.0,0.82,286.7,0.0,49
OK,2331774L,Complete Strut,FCS,,48.0,0.0,1.0,47.0,51.0,51.0,10.0,0.164,286.7,0.0,4
OK,347366,Shock,BARE,,47.0,0.0,0.0,47.0,80.0,80.0,10.0,0.164,286.7,0.0,33
OK,1333402L,Complete Strut,FCS,,753.0,226.0,28.0,725.0,782.0,782.0,154.0,2.525,287.2,0.0,0
OK,86144,Lift Support,CLIFT SUPPORT,,103.0,0.0,4.0,99.0,108.0,108.0,21.0,0.344,287.6,0.0,9
OK,1345557,Complete Strut,FCS,,573.0,72.0,35.0,538.0,760.0,760.0,114.0,1.869,287.9,0.0,150
OK,1333354L,Complete Strut,FCS,,592.0,86.0,11.0,581.0,862.0,862.0,123.0,2.016,288.1,0.0,195
OK,1334144L,Complete Strut,FCS,,450.0,0.0,25.0,425.0,579.0,579.0,90.0,1.475,288.1,0.0,154
OK,1333866R,Complete Strut,FCS,,94.0,13.0,9.0,85.0,126.0,126.0,18.0,0.295,288.1,0.0,28
OK,1333514L,Complete Strut,FCS,,284.0,0.0,10.0,274.0,378.0,378.0,58.0,0.951,288.2,0.0,104
OK,1331766R,Complete Strut,FCS,,54.0,32.0,2.0,52.0,64.0,64.0,11.0,0.18,288.4,0.0,0
OK,1333453R,Complete Strut,FCS,,56.0,0.0,4.0,52.0,48.0,48.0,11.0,0.18,288.4,22.2,0
OK,342875,Shock,BARE,,1274.0,160.0,40.0,1234.0,1250.0,1250.0,261.0,4.279,288.4,0.0,0
OK,86155,Lift Support,CLIFT SUPPORT,,396.0,0.0,8.0,388.0,465.0,465.0,82.0,1.344,288.6,0.0,77
OK,335981R,Strut,BARE,,168.0,0.0,7.0,161.0,153.0,153.0,34.0,0.557,288.9,14.4,0
OK,1337097,Complete Strut,FCS,,92.0,0.0,2.0,90.0,107.0,107.0,19.0,0.311,288.9,0.0,17
OK,1333319R,Complete Strut,FCS,,520.0,84.0,27.0,493.0,573.0,573.0,104.0,1.705,289.2,0.0,0
OK,331765L,Strut,BARE,,19.0,0.0,0.0,19.0,13.0,13.0,4.0,0.066,289.8,91.5,0
OK,345418L,Strut,BARE,,19.0,0.0,0.0,19.0,8.0,8.0,4.0,0.066,289.8,167.8,0
OK,84178,Lift Support,CLIFT SUPPORT,,57.0,0.0,0.0,57.0,17.0,17.0,12.0,0.197,289.8,203.3,0
OK,346180R,Shock,BARE,,41.0,0.0,3.0,38.0,63.0,63.0,8.0,0.131,289.8,0.0,25
OK,345677R,Strut,BARE,,19.0,0.0,0.0,19.0,7.0,7.0,4.0,0.066,289.8,183.0,0
OK,345935,Strut,BARE,,19.0,42.0,0.0,19.0,31.0,31.0,4.0,0.066,289.8,0.0,0
OK,347086,Shock,BARE,,219.0,0.0,10.0,209.0,320.0,320.0,44.0,0.721,289.8,0.0,111
OK,2331909R,Complete Strut,FCS,,39.0,0.0,1.0,38.0,19.0,19.0,8.0,0.131,289.8,144.9,0
OK,1335684R,Complete Strut,FCS,,19.0,0.0,0.0,19.0,21.0,21.0,4.0,0.066,289.8,0.0,2
OK,1333831R,Complete Strut,FCS,,43.0,0.0,5.0,38.0,71.0,71.0,8.0,0.131,289.8,0.0,33
OK,1333987L,Complete Strut,FCS,,382.0,83.0,21.0,361.0,445.0,445.0,76.0,1.246,289.8,0.0,1
OK,355077,Strut,BARE,,38.0,0.0,0.0,38.0,11.0,11.0,8.0,0.131,289.8,205.9,0
OK,333332R,Strut,BARE,,82.0,22.0,1.0,81.0,112.0,112.0,17.0,0.279,290.6,0.0,9
OK,86020,LIFT SUPPORT,CLIFT SUPPORT,,730.0,0.0,6.0,724.0,898.0,898.0,152.0,2.492,290.6,0.0,174
OK,84441,Lift Support,CLIFT SUPPORT,,64.0,0.0,2.0,62.0,40.0,40.0,13.0,0.213,290.9,103.2,0
OK,1334028R,Complete Strut,FCS,,87.0,15.0,1.0,86.0,130.0,130.0,18.0,0.295,291.4,0.0,29
OK,MV001,Solenoid Valve,Air Suspension,,86.0,0.0,0.0,86.0,131.0,131.0,18.0,0.295,291.4,0.0,45
OK,345394,Strut,BARE,,114.0,0.0,4.0,110.0,144.0,144.0,23.0,0.377,291.7,0.0,34
OK,84523L,Lift Support,CLIFT SUPPORT,,73.0,0.0,6.0,67.0,84.0,84.0,14.0,0.23,291.9,0.0,17
OK,2333415L,Complete Strut,FCS,,380.0,0.0,11.0,369.0,470.0,470.0,77.0,1.262,292.3,0.0,101
OK,342539,Shock,BARE,,875.0,0.0,17.0,858.0,745.0,745.0,179.0,2.934,292.4,38.5,0
OK,1333944R,Complete Strut,FCS,,653.0,166.0,20.0,633.0,888.0,888.0,132.0,2.164,292.5,0.0,89
OK,1333380L,Complete Strut,FCS,,55.0,0.0,7.0,48.0,98.0,98.0,10.0,0.164,292.8,0.0,50
OK,331659R,Strut,BARE,,24.0,0.0,0.0,24.0,16.0,16.0,5.0,0.082,292.8,97.6,0
OK,331699,Strut,BARE,,26.0,0.0,2.0,24.0,37.0,37.0,5.0,0.082,292.8,0.0,13
OK,331778L,Strut,BARE,,96.0,0.0,0.0,96.0,85.0,85.0,20.0,0.328,292.8,33.6,0
OK,345906R,Strut,BARE,,104.0,0.0,8.0,96.0,102.0,102.0,20.0,0.328,292.8,0.0,6
OK,8346703,Complete Strut,FCS,,26.0,0.0,2.0,24.0,52.0,52.0,5.0,0.082,292.8,0.0,28
OK,226320,Shock,BARE,,24.0,8.0,0.0,24.0,102.0,102.0,5.0,0.082,292.8,0.0,70
OK,80025,Lift Support,CLIFT SUPPORT,,24.0,0.0,0.0,24.0,34.0,34.0,5.0,0.082,292.8,0.0,10
OK,346324,Shock,BARE,,489.0,127.0,4.0,485.0,673.0,673.0,101.0,1.656,292.9,0.0,61
OK,99039,Air Strut,Air Suspension,,103.0,0.0,2.0,101.0,82.0,82.0,21.0,0.344,293.4,55.2,0
OK,86000,LIFT SUPPORT,CLIFT SUPPORT,,77.0,0.0,0.0,77.0,56.0,56.0,16.0,0.262,293.6,80.1,0
OK,3333489R,Complete Strut,FCS,,79.0,0.0,2.0,77.0,104.0,104.0,16.0,0.262,293.6,0.0,27
OK,333964L,Strut,BARE,,78.0,0.0,1.0,77.0,91.0,91.0,16.0,0.262,293.6,0.0,14
OK,DT346852,Shock,BARE,,80.0,0.0,3.0,77.0,65.0,65.0,16.0,0.262,293.6,45.8,0
OK,2335883L,Complete Strut,FCS,,628.0,36.0,21.0,607.0,930.0,930.0,126.0,2.066,293.9,0.0,287
OK,KY007,Air Compressor,Air Suspension,,53.0,0.0,0.0,53.0,47.0,47.0,11.0,0.18,293.9,33.3,0
OK,345405,Strut,BARE,,256.0,0.0,15.0,241.0,244.0,244.0,50.0,0.82,294.0,0.0,3
OK,341584,Shock,BARE,,470.0,61.0,12.0,458.0,654.0,654.0,95.0,1.557,294.1,0.0,135
OK,342445,Shock,BARE,,689.0,190.0,96.0,593.0,1004.0,1004.0,123.0,2.016,294.1,0.0,221
OK,1336317R,Complete Strut,FCS,,84.0,0.0,2.0,82.0,94.0,94.0,17.0,0.279,294.2,0.0,12
OK,8346107,Complete Strut,FCS,,83.0,0.0,1.0,82.0,0.0,0.0,17.0,0.279,294.2,250.2,0
OK,1337124L,Complete Strut,FCS,,116.0,0.0,5.0,111.0,118.0,118.0,23.0,0.377,294.4,0.0,7
OK,1333355L,Complete Strut,FCS,,265.0,1.0,9.0,256.0,250.0,250.0,53.0,0.869,294.6,6.9,0
OK,2333560R,Complete Strut,FCS,,482.0,90.0,23.0,459.0,643.0,643.0,95.0,1.557,294.7,0.0,94
OK,5335543L,Complete Strut,FCS,,30.0,0.0,1.0,29.0,16.0,16.0,6.0,0.098,294.8,132.2,0
OK,331583R,Strut,BARE,,30.0,0.0,1.0,29.0,18.0,18.0,6.0,0.098,294.8,111.8,0
OK,332315,Strut,BARE,,29.0,58.0,0.0,29.0,58.0,58.0,6.0,0.098,294.8,0.0,0
OK,346436,Shock,BARE,,186.0,0.0,7.0,179.0,180.0,180.0,37.0,0.607,295.1,0.0,1
OK,333508R,Strut,BARE,,141.0,0.0,20.0,121.0,200.0,200.0,25.0,0.41,295.2,0.0,79
OK,1345561,Complete Strut,FCS,,744.0,243.0,42.0,702.0,1016.0,1016.0,145.0,2.377,295.3,0.0,71
OK,1333447L,Complete Strut,FCS,,754.0,4.0,13.0,741.0,731.0,731.0,153.0,2.508,295.4,4.0,0
OK,345906L,Strut,BARE,,98.0,0.0,6.0,92.0,108.0,108.0,19.0,0.311,295.4,0.0,16
OK,1333467R,Complete Strut,FCS,,69.0,0.0,6.0,63.0,96.0,96.0,13.0,0.213,295.6,0.0,33
OK,2333355R,Complete Strut,FCS,,64.0,24.0,1.0,63.0,50.0,50.0,13.0,0.213,295.6,61.0,0
OK,84687,Lift Support,CLIFT SUPPORT,,63.0,0.0,0.0,63.0,83.0,83.0,13.0,0.213,295.6,0.0,20
OK,334079R,Strut,BARE,,63.0,0.0,0.0,63.0,41.0,41.0,13.0,0.213,295.6,103.2,0
OK,99059,Electronic Shock Assy,Air Suspension,,99.0,0.0,2.0,97.0,115.0,115.0,20.0,0.328,295.9,0.0,18
OK,335664,Strut,BARE,,106.0,0.0,4.0,102.0,100.0,100.0,21.0,0.344,296.3,5.8,0
OK,84217L,Lift Support,CLIFT SUPPORT,,71.0,0.0,3.0,68.0,54.0,54.0,14.0,0.23,296.3,61.0,0
OK,346416,Shock,BARE,,106.0,0.0,4.0,102.0,131.0,131.0,21.0,0.344,296.3,0.0,29
OK,334054L,Strut,BARE,,35.0,0.0,1.0,34.0,29.0,29.0,7.0,0.115,296.3,43.6,0
OK,SC00020,Complete Strut,FCS,,35.0,0.0,1.0,34.0,35.0,35.0,7.0,0.115,296.3,0.0,1
OK,331821,Strut,BARE,,517.0,0.0,26.0,491.0,500.0,500.0,101.0,1.656,296.5,0.0,9
OK,DT346344,Shock,BARE,,145.0,40.0,4.0,141.0,206.0,206.0,29.0,0.475,296.6,0.0,25
OK,2345484,Complete Strut,FCS,,113.0,53.0,6.0,107.0,126.0,126.0,22.0,0.361,296.7,0.0,0
OK,331773,Strut,BARE,,73.0,0.0,0.0,73.0,57.0,57.0,15.0,0.246,296.9,65.1,0
OK,2334303L,Complete Strut,FCS,,240.0,0.0,21.0,219.0,160.0,160.0,45.0,0.738,296.9,80.0,0
OK,1333557R,Complete Strut,FCS,,161.0,12.0,10.0,151.0,210.0,210.0,31.0,0.508,297.1,0.0,47
OK,1345842R,Complete Strut,FCS,,41.0,0.0,2.0,39.0,41.0,41.0,8.0,0.131,297.4,0.0,2
OK,346439,Shock,BARE,,39.0,0.0,0.0,39.0,9.0,9.0,8.0,0.131,297.4,228.8,0
OK,1345685L,Complete Strut,FCS,,556.0,159.0,29.0,527.0,658.0,658.0,108.0,1.77,297.7,0.0,0
OK,84066,Lift Support,CLIFT SUPPORT,,92.0,0.0,9.0,83.0,71.0,71.0,17.0,0.279,297.8,43.1,0
OK,1345565R,Complete Strut,FCS,,225.0,1.0,15.0,210.0,370.0,370.0,43.0,0.705,297.9,0.0,159
OK,86186,Lift Support,CLIFT SUPPORT,,44.0,0.0,0.0,44.0,50.0,50.0,9.0,0.148,298.2,0.0,6
OK,1345483L,Complete Strut,FCS,,136.0,0.0,4.0,132.0,168.0,168.0,27.0,0.443,298.2,0.0,36
OK,1333439R,Complete Strut,FCS,,249.0,0.0,14.0,235.0,350.0,350.0,48.0,0.787,298.6,0.0,115
OK,86483,Lift Support,CLIFT SUPPORT,,94.0,0.0,1.0,93.0,88.0,88.0,19.0,0.311,298.6,16.1,0
OK,346554,Shock,BARE,,154.0,30.0,12.0,142.0,260.0,260.0,29.0,0.475,298.7,0.0,88
OK,342778,Shock,BARE,,1299.0,120.0,55.0,1244.0,1535.0,1535.0,254.0,4.164,298.8,0.0,171
OK,333477R,Strut,BARE,,52.0,0.0,3.0,49.0,47.0,47.0,10.0,0.164,298.9,12.2,0
OK,1333531R,Complete Strut,FCS,,49.0,0.0,0.0,49.0,56.0,56.0,10.0,0.164,298.9,0.0,7
OK,8346455RL,Complete Strut,FCS,,51.0,0.0,2.0,49.0,77.0,77.0,10.0,0.164,298.9,0.0,28
OK,1345816R,Complete Strut,FCS,,486.0,108.0,30.0,456.0,655.0,655.0,93.0,1.525,299.1,0.0,91
OK,1345685R,Complete Strut,FCS,,538.0,216.0,32.0,506.0,721.0,721.0,103.0,1.689,299.7,0.0,0
OK,342390,Shock,BARE,,67.0,0.0,3.0,64.0,72.0,72.0,13.0,0.213,300.3,0.0,8
OK,1333529L,Complete Strut,FCS,,1269.0,242.0,53.0,1216.0,1684.0,1684.0,247.0,4.049,300.3,0.0,226
OK,334308R,Strut,BARE,,65.0,0.0,1.0,64.0,83.0,83.0,13.0,0.213,300.3,0.0,19
OK,86100,Lift Support,CLIFT SUPPORT,,71.0,0.0,2.0,69.0,138.0,138.0,14.0,0.23,300.6,0.0,69
OK,1332352R,Complete Strut,FCS,,430.0,204.0,16.0,414.0,509.0,509.0,84.0,1.377,300.6,0.0,0
OK,1345849L,Complete Strut,FCS,,70.0,0.0,1.0,69.0,77.0,77.0,14.0,0.23,300.6,0.0,8
OK,99085,Coil-Over Strut,Air Suspension,,779.0,99.0,35.0,744.0,975.0,975.0,151.0,2.475,300.6,0.0,132
OK,2334097L,Complete Strut,FCS,,149.0,0.0,11.0,138.0,151.0,151.0,28.0,0.459,300.6,0.0,13
OK,1355123L,Complete Strut,FCS,,71.0,0.0,2.0,69.0,82.0,82.0,14.0,0.23,300.6,0.0,13
OK,1331612R,Complete Strut,FCS,,276.0,1.0,24.0,252.0,379.0,379.0,51.0,0.836,301.4,0.0,126
OK,1333438L,Complete Strut,FCS,,94.0,27.0,10.0,84.0,120.0,120.0,17.0,0.279,301.4,0.0,9
OK,84444,Lift Support,CLIFT SUPPORT,,89.0,0.0,0.0,89.0,92.0,92.0,18.0,0.295,301.6,0.0,3
OK,346114,Shock,BARE,,762.0,300.0,15.0,747.0,1045.0,1045.0,151.0,2.475,301.8,0.0,0
OK,1333572R,Complete Strut,FCS,,202.0,0.0,9.0,193.0,228.0,228.0,39.0,0.639,301.9,0.0,35
OK,1337006R,Complete Strut,FCS,,1032.0,249.0,42.0,990.0,1158.0,1158.0,200.0,3.279,301.9,0.0,0
OK,333365L,Strut,BARE,,213.0,48.0,5.0,208.0,263.0,263.0,42.0,0.689,302.1,0.0,7
OK,1333742L,Complete Strut,FCS,,357.0,108.0,10.0,347.0,385.0,385.0,70.0,1.148,302.4,0.0,0
OK,1335896L,Complete Strut,FCS,,387.0,0.0,20.0,367.0,429.0,429.0,74.0,1.213,302.5,0.0,62
OK,342517,Shock,BARE,,507.0,68.0,16.0,491.0,610.0,610.0,99.0,1.623,302.5,0.0,51
OK,341577,Shock,BARE,,417.0,160.0,20.0,397.0,649.0,649.0,80.0,1.311,302.7,0.0,92
OK,2333332L,Complete Strut,FCS,,173.0,9.0,9.0,164.0,243.0,243.0,33.0,0.541,303.2,0.0,70
OK,2337006R,Complete Strut,FCS,,467.0,330.0,23.0,444.0,788.0,788.0,89.0,1.459,304.3,0.0,14
OK,1331775L,Complete Strut,FCS,,197.0,0.0,7.0,190.0,204.0,204.0,38.0,0.623,305.0,0.0,14
OK,2332367R,Complete Strut,FCS,,259.0,0.0,14.0,245.0,392.0,392.0,49.0,0.803,305.0,0.0,147
OK,331610L,Strut,BARE,,41.0,46.0,1.0,40.0,54.0,54.0,8.0,0.131,305.0,0.0,0
OK,331778R,Strut,BARE,,100.0,0.0,0.0,100.0,95.0,95.0,20.0,0.328,305.0,15.3,0
OK,332313,Strut,BARE,,32.0,24.0,2.0,30.0,30.0,30.0,6.0,0.098,305.0,0.0,0
OK,333283R,Strut,BARE,,50.0,14.0,0.0,50.0,70.0,70.0,10.0,0.164,305.0,0.0,6
OK,333493L,Strut,BARE,,74.0,6.0,4.0,70.0,59.0,59.0,14.0,0.23,305.0,47.9,0
OK,341559,Shock,BARE,,155.0,0.0,5.0,150.0,180.0,180.0,30.0,0.492,305.0,0.0,30
OK,345030,Strut,BARE,,87.0,104.0,2.0,85.0,143.0,143.0,17.0,0.279,305.0,0.0,0
OK,86178,Lift Support,CLIFT SUPPORT,,40.0,0.0,0.0,40.0,29.0,29.0,8.0,0.131,305.0,83.9,0
OK,86239,Lift Support,CLIFT SUPPORT,,70.0,0.0,0.0,70.0,30.0,30.0,14.0,0.23,305.0,174.3,0
OK,1331652R,Complete Strut,FCS,,41.0,0.0,1.0,40.0,39.0,39.0,8.0,0.131,305.0,7.6,0
OK,1332352L,Complete Strut,FCS,,381.0,518.0,16.0,365.0,460.0,460.0,73.0,1.197,305.0,0.0,0
OK,333531R,Strut,BARE,,20.0,0.0,0.0,20.0,32.0,32.0,4.0,0.066,305.0,0.0,12
OK,333532L,Strut,BARE,,68.0,46.0,3.0,65.0,100.0,100.0,13.0,0.213,305.0,0.0,0
OK,1331675L,Complete Strut,FCS,,40.0,0.0,0.0,40.0,38.0,38.0,8.0,0.131,305.0,15.2,0
OK,331741R,Strut,BARE,,5.0,0.0,0.0,5.0,29.0,29.0,1.0,0.016,305.0,0.0,24
OK,333380R,Strut,BARE,,5.0,0.0,0.0,5.0,4.0,4.0,1.0,0.016,305.0,61.0,0
OK,1345433,Complete Strut,FCS,,108.0,24.0,8.0,100.0,109.0,109.0,20.0,0.328,305.0,0.0,0
OK,333790L,Strut,BARE,,15.0,0.0,0.0,15.0,40.0,40.0,3.0,0.049,305.0,0.0,25
OK,345449,Strut,BARE,,137.0,0.0,2.0,135.0,124.0,124.0,27.0,0.443,305.0,24.9,0
OK,346449,Shock,BARE,,616.0,0.0,41.0,575.0,868.0,868.0,115.0,1.885,305.0,0.0,293
OK,1333458R,Complete Strut,FCS,,15.0,0.0,0.0,15.0,16.0,16.0,3.0,0.049,305.0,0.0,1
OK,333833R,Strut,BARE,,30.0,0.0,0.0,30.0,22.0,22.0,6.0,0.098,305.0,81.3,0
OK,333827R,Strut,BARE,,72.0,0.0,7.0,65.0,78.0,78.0,13.0,0.213,305.0,0.0,13
OK,333969L,Strut,BARE,,65.0,0.0,0.0,65.0,81.0,81.0,13.0,0.213,305.0,0.0,16
OK,334106R,Strut,BARE,,15.0,0.0,0.0,15.0,20.0,20.0,3.0,0.049,305.0,0.0,5
OK,Q4003,Air Spring,Air Suspension,,209.0,0.0,4.0,205.0,195.0,195.0,41.0,0.672,305.0,14.9,0
OK,HS010,Susp. Ride Sensor,Air Suspension,,25.0,0.0,0.0,25.0,30.0,30.0,5.0,0.082,305.0,0.0,5
OK,8946340,Complete Strut,FCS,,126.0,0.0,21.0,105.0,192.0,192.0,21.0,0.344,305.0,0.0,87
OK,F442823,HD Shock Absorber,HBare,,52.0,30.0,2.0,50.0,81.0,81.0,10.0,0.164,305.0,0.0,1
OK,337178L,Strut,BARE,,33.0,0.0,3.0,30.0,15.0,15.0,6.0,0.098,305.0,152.5,0
OK,342572,Shock,BARE,,1412.0,0.0,26.0,1386.0,1574.0,1574.0,277.0,4.541,305.2,0.0,188
OK,336347,Strut,BARE,,443.0,192.0,2.0,441.0,477.0,477.0,88.0,1.443,305.7,0.0,0
OK,1337111R,Complete Strut,FCS,,614.0,0.0,32.0,582.0,685.0,685.0,116.0,1.902,306.1,0.0,103
OK,1333271L,Complete Strut,FCS,,217.0,0.0,6.0,211.0,221.0,221.0,42.0,0.689,306.5,0.0,10
OK,1333332R,Complete Strut,FCS,,332.0,48.0,5.0,327.0,379.0,379.0,65.0,1.066,306.9,0.0,4
OK,84535,Lift Support,CLIFT SUPPORT,,614.0,0.0,10.0,604.0,582.0,582.0,120.0,1.967,307.0,11.2,0
OK,2335790,Complete Strut,FCS,,803.0,73.0,58.0,745.0,891.0,891.0,148.0,2.426,307.1,0.0,73
OK,1333857R,Complete Strut,FCS,,303.0,0.0,31.0,272.0,435.0,435.0,54.0,0.885,307.3,0.0,163
OK,1331685R,Complete Strut,FCS,,105.0,20.0,4.0,101.0,101.0,101.0,20.0,0.328,308.1,0.0,0
OK,1334097L,Complete Strut,FCS,,423.0,0.0,24.0,399.0,559.0,559.0,79.0,1.295,308.1,0.0,160
OK,1333471R,Complete Strut,FCS,,96.0,0.0,5.0,91.0,78.0,78.0,18.0,0.295,308.4,44.1,0
OK,2335556,Complete Strut,FCS,,76.0,0.0,0.0,76.0,74.0,74.0,15.0,0.246,309.1,8.1,0
OK,333964R,Strut,BARE,,78.0,0.0,2.0,76.0,89.0,89.0,15.0,0.246,309.1,0.0,13
OK,333393L,Strut,BARE,,74.0,0.0,3.0,71.0,70.0,70.0,14.0,0.23,309.4,4.4,0
OK,341604,Shock,BARE,,71.0,0.0,0.0,71.0,57.0,57.0,14.0,0.23,309.4,61.0,0
OK,86880,LIFT SUPPORT,CLIFT SUPPORT,,72.0,0.0,1.0,71.0,78.0,78.0,14.0,0.23,309.4,0.0,7
OK,333872L,Strut,BARE,,75.0,48.0,4.0,71.0,100.0,100.0,14.0,0.23,309.4,0.0,0
OK,92023,Electronic Air Strut,Air Suspension,,68.0,0.0,2.0,66.0,43.0,43.0,13.0,0.213,309.7,107.9,0
OK,1331581,Complete Strut,FCS,,198.0,52.0,5.0,193.0,170.0,170.0,38.0,0.623,309.8,36.9,0
OK,2345793R,Complete Strut,FCS,,269.0,0.0,10.0,259.0,318.0,318.0,51.0,0.836,309.8,0.0,59
OK,342475,Shock,BARE,,700.0,50.0,9.0,691.0,857.0,857.0,136.0,2.23,309.9,0.0,116
OK,346173,Shock,BARE,,64.0,0.0,3.0,61.0,57.0,57.0,12.0,0.197,310.1,20.3,0
OK,8346332,Complete Strut,FCS,,1284.0,0.0,79.0,1205.0,1818.0,1818.0,237.0,3.885,310.1,0.0,613
OK,2333444R,Complete Strut,FCS,,55.0,0.0,4.0,51.0,45.0,45.0,10.0,0.164,311.1,36.6,0
OK,84537,Lift Support,CLIFT SUPPORT,,51.0,0.0,0.0,51.0,14.0,14.0,10.0,0.164,311.1,225.7,0
OK,84619,Lift Support,CLIFT SUPPORT,,51.0,0.0,0.0,51.0,28.0,28.0,10.0,0.164,311.1,140.3,0
OK,333941R,Strut,BARE,,51.0,0.0,0.0,51.0,71.0,71.0,10.0,0.164,311.1,0.0,20
OK,SC00008,Complete Strut,FCS,,54.0,0.0,3.0,51.0,87.0,87.0,10.0,0.164,311.1,0.0,36
OK,1331911R,Complete Strut,FCS,,147.0,8.0,4.0,143.0,191.0,191.0,28.0,0.459,311.5,0.0,40
OK,333569L,Strut,BARE,,48.0,45.0,2.0,46.0,62.0,62.0,9.0,0.148,311.8,0.0,0
OK,80022L,lift support,CLIFT SUPPORT,,48.0,0.0,2.0,46.0,0.0,0.0,9.0,0.148,311.8,267.8,0
OK,336334,Strut,BARE,,134.0,0.0,1.0,133.0,38.0,38.0,26.0,0.426,312.0,222.9,0
OK,1335878R,Complete Strut,FCS,,193.0,1.0,19.0,174.0,203.0,203.0,34.0,0.557,312.2,0.0,28
OK,86463,Lift Support,CLIFT SUPPORT,,130.0,0.0,2.0,128.0,130.0,130.0,25.0,0.41,312.3,0.0,2
OK,342500,Shock,BARE,,471.0,50.0,10.0,461.0,576.0,576.0,90.0,1.475,312.5,0.0,65
OK,86153,Lift Support,CLIFT SUPPORT,,427.0,0.0,12.0,415.0,579.0,579.0,81.0,1.328,312.5,0.0,164
OK,DT341979,Shock,BARE,,533.0,0.0,31.0,502.0,610.0,610.0,98.0,1.607,312.5,0.0,108
OK,1332323R,Complete Strut,FCS,,501.0,0.0,14.0,487.0,537.0,537.0,95.0,1.557,312.7,0.0,50
OK,DT346413,Shock,BARE,,160.0,70.0,1.0,159.0,222.0,222.0,31.0,0.508,312.9,0.0,0
OK,331632L,Strut,BARE,,119.0,0.0,1.0,118.0,109.0,109.0,23.0,0.377,313.0,23.9,0
OK,1336311R,Complete Strut,FCS,,1063.0,52.0,47.0,1016.0,1029.0,1029.0,198.0,3.246,313.0,0.0,0
OK,DT342892,Shock,BARE,,305.0,60.0,2.0,303.0,429.0,429.0,59.0,0.967,313.3,0.0,66
OK,1333438R,Complete Strut,FCS,,79.0,49.0,7.0,72.0,127.0,127.0,14.0,0.23,313.7,0.0,6
OK,1335599R,Complete Strut,FCS,,42.0,0.0,6.0,36.0,49.0,49.0,7.0,0.115,313.7,0.0,13
OK,1345415,Complete Strut,FCS,,310.0,30.0,22.0,288.0,379.0,379.0,56.0,0.918,313.7,0.0,61
OK,1355075L,Complete Strut,FCS,,124.0,0.0,16.0,108.0,112.0,112.0,21.0,0.344,313.7,0.0,4
OK,341603,Shock,BARE,,193.0,0.0,18.0,175.0,248.0,248.0,34.0,0.557,314.0,0.0,73
OK,DT346418,Shock,BARE,,139.0,0.0,0.0,139.0,140.0,140.0,27.0,0.443,314.0,0.0,1
OK,1333270L,Complete Strut,FCS,,1091.0,6.0,32.0,1059.0,957.0,957.0,205.0,3.361,315.1,30.4,0
OK,335836R,Strut,BARE,,31.0,0.0,0.0,31.0,36.0,36.0,6.0,0.098,315.2,0.0,5
OK,346101,Shock,BARE,,35.0,0.0,4.0,31.0,74.0,74.0,6.0,0.098,315.2,0.0,43
OK,99064,Shock Assy,Air Suspension,,31.0,0.0,0.0,31.0,17.0,17.0,6.0,0.098,315.2,142.3,0
OK,333745R,Strut,BARE,,32.0,0.0,1.0,31.0,6.0,6.0,6.0,0.098,315.2,254.2,0
OK,337061,Strut,BARE,,66.0,0.0,4.0,62.0,64.0,64.0,12.0,0.197,315.2,0.0,2
OK,DT342918,Shock,BARE,,1001.0,310.0,18.0,983.0,1145.0,1145.0,190.0,3.115,315.6,0.0,0
OK,2331613L,Complete Strut,FCS,,221.0,0.0,14.0,207.0,245.0,245.0,40.0,0.656,315.7,0.0,38
OK,1333800R,Complete Strut,FCS,,451.0,82.0,11.0,440.0,612.0,612.0,85.0,1.393,315.8,0.0,90
OK,1335779L,Complete Strut,FCS,,116.0,2521.0,2.0,114.0,79.0,79.0,22.0,0.361,316.1,97.0,0
OK,333283L,Strut,BARE,,57.0,0.0,0.0,57.0,68.0,68.0,11.0,0.18,316.1,0.0,11
OK,84065,Lift Support,CLIFT SUPPORT,,62.0,0.0,5.0,57.0,44.0,44.0,11.0,0.18,316.1,72.1,0
OK,86289,Lift Support,CLIFT SUPPORT,,59.0,0.0,2.0,57.0,36.0,36.0,11.0,0.18,316.1,116.5,0
OK,333827L,Strut,BARE,,62.0,36.0,5.0,57.0,80.0,80.0,11.0,0.18,316.1,0.0,0
OK,1335664,Complete Strut,FCS,,418.0,118.0,29.0,389.0,455.0,455.0,75.0,1.23,316.4,0.0,0
OK,2332352L,Complete Strut,FCS,,545.0,0.0,21.0,524.0,552.0,552.0,101.0,1.656,316.5,0.0,28
OK,1333511R,Complete Strut,FCS,,172.0,0.0,11.0,161.0,192.0,192.0,31.0,0.508,316.8,0.0,31
OK,1331685L,Complete Strut,FCS,,109.0,33.0,5.0,104.0,91.0,91.0,20.0,0.328,317.2,39.7,0
OK,345690,Strut,BARE,,26.0,0.0,0.0,26.0,34.0,34.0,5.0,0.082,317.2,0.0,8
OK,84032,Lift Support,CLIFT SUPPORT,,52.0,0.0,0.0,52.0,46.0,46.0,10.0,0.164,317.2,36.6,0
OK,1335585L,Complete Strut,FCS,,54.0,0.0,2.0,52.0,91.0,91.0,10.0,0.164,317.2,0.0,39
OK,1345938,Complete Strut,FCS,,52.0,0.0,0.0,52.0,48.0,48.0,10.0,0.164,317.2,24.4,0
OK,333961R,Strut,BARE,,56.0,0.0,4.0,52.0,47.0,47.0,10.0,0.164,317.2,30.5,0
OK,80057,Lift Support,CLIFT SUPPORT,,26.0,0.0,0.0,26.0,10.0,10.0,5.0,0.082,317.2,195.2,0
OK,1331628R,Complete Strut,FCS,,404.0,31.0,19.0,385.0,432.0,432.0,74.0,1.213,317.4,0.0,16
OK,1333987R,Complete Strut,FCS,,415.0,0.0,14.0,401.0,440.0,440.0,77.0,1.262,317.7,0.0,39
OK,1335876L,Complete Strut,FCS,,76.0,0.0,3.0,73.0,109.0,109.0,14.0,0.23,318.1,0.0,36
OK,1332341L,Complete Strut,FCS,,73.0,30.0,0.0,73.0,75.0,75.0,14.0,0.23,318.1,0.0,0
OK,335825R,Strut,BARE,,74.0,0.0,1.0,73.0,117.0,117.0,14.0,0.23,318.1,0.0,44
OK,1335555R,Complete Strut,FCS,,168.0,0.0,1.0,167.0,163.0,163.0,32.0,0.525,318.3,7.6,0
OK,1337111L,Complete Strut,FCS,,563.0,0.0,41.0,522.0,585.0,585.0,100.0,1.639,318.4,0.0,63
OK,345920,Strut,BARE,,47.0,0.0,0.0,47.0,32.0,32.0,9.0,0.148,318.6,101.7,0
OK,5333406R,Complete Strut,FCS,,511.0,111.0,14.0,497.0,572.0,572.0,95.0,1.557,319.1,0.0,0
OK,84584,Lift Support,CLIFT SUPPORT,,68.0,0.0,0.0,68.0,70.0,70.0,13.0,0.213,319.1,0.0,2
OK,334075R,Strut,BARE,,138.0,0.0,2.0,136.0,140.0,140.0,26.0,0.426,319.1,0.0,4
OK,86769,Lift Support,CLIFT SUPPORT,,170.0,0.0,13.0,157.0,198.0,198.0,30.0,0.492,319.2,0.0,41
OK,86477,Lift Support,CLIFT SUPPORT,,251.0,0.0,5.0,246.0,249.0,249.0,47.0,0.77,319.3,0.0,3
OK,341639,Shock,BARE,,439.0,156.0,25.0,414.0,584.0,584.0,79.0,1.295,319.7,0.0,14
OK,1331060R,Complete Strut,FCS,,71.0,8.0,8.0,63.0,84.0,84.0,12.0,0.197,320.2,0.0,13
OK,84135,Lift Support,CLIFT SUPPORT,,42.0,0.0,0.0,42.0,22.0,22.0,8.0,0.131,320.2,152.5,0
OK,F347213,Heavy Duty Shock Absorber,HBare,,28.0,0.0,7.0,21.0,25.0,25.0,4.0,0.066,320.2,0.0,4
OK,99060,Air Strut,Air Suspension,,42.0,29.0,0.0,42.0,43.0,43.0,8.0,0.131,320.2,0.0,0
OK,Q9013,Air Spring,Air Suspension,,21.0,0.0,0.0,21.0,10.0,10.0,4.0,0.066,320.2,167.8,0
OK,337124R,Strut,BARE,,21.0,0.0,0.0,21.0,21.0,21.0,4.0,0.066,320.2,0.0,0
OK,333303L,Strut,BARE,,22.0,0.0,1.0,21.0,14.0,14.0,4.0,0.066,320.2,106.8,0
OK,342564,Shock,BARE,,479.0,139.0,27.0,452.0,578.0,578.0,86.0,1.41,320.6,0.0,0
OK,2333415R,Complete Strut,FCS,,358.0,0.0,11.0,347.0,508.0,508.0,66.0,1.082,320.7,0.0,161
OK,1345565L,Complete Strut,FCS,,252.0,23.0,10.0,242.0,350.0,350.0,46.0,0.754,320.9,0.0,85
OK,86222L,Lift Support,CLIFT SUPPORT,,80.0,0.0,1.0,79.0,93.0,93.0,15.0,0.246,321.3,0.0,14
OK,333294L,Strut,BARE,,60.0,0.0,2.0,58.0,74.0,74.0,11.0,0.18,321.6,0.0,16
OK,95037,Air Conv. Kit,Air Suspension,,61.0,0.0,3.0,58.0,46.0,46.0,11.0,0.18,321.6,66.5,0
OK,86871,LIFT SUPPORT,CLIFT SUPPORT,,99.0,0.0,4.0,95.0,69.0,69.0,18.0,0.295,321.9,88.1,0
OK,1345564R,Complete Strut,FCS,,514.0,120.0,23.0,491.0,727.0,727.0,93.0,1.525,322.1,0.0,116
OK,1345483R,Complete Strut,FCS,,136.0,29.0,4.0,132.0,195.0,195.0,25.0,0.41,322.1,0.0,34
OK,1331660L,Complete Strut,FCS,,115.0,0.0,4.0,111.0,100.0,200.0,21.0,0.344,322.4,32.0,89
OK,333435R,Strut,BARE,,74.0,0.0,0.0,74.0,65.0,65.0,14.0,0.23,322.4,39.2,0
OK,84420,Lift Support,CLIFT SUPPORT,,37.0,0.0,0.0,37.0,22.0,22.0,7.0,0.115,322.4,130.7,0
OK,1332346L,Complete Strut,FCS,,38.0,0.0,1.0,37.0,33.0,33.0,7.0,0.115,322.4,34.9,0
OK,333742R,Strut,BARE,,37.0,10.0,0.0,37.0,64.0,64.0,7.0,0.115,322.4,0.0,17
OK,347007,Shock,BARE,,301.0,0.0,5.0,296.0,323.0,323.0,56.0,0.918,322.4,0.0,27
OK,334048L,Strut,BARE,,44.0,0.0,7.0,37.0,30.0,30.0,7.0,0.115,322.4,61.0,0
OK,93018,Air Strut,Air Suspension,,42.0,0.0,5.0,37.0,28.0,28.0,7.0,0.115,322.4,78.4,0
OK,E89009L,Powered lift support,Power Lift,,39.0,0.0,2.0,37.0,6.0,6.0,7.0,0.115,322.4,270.1,0
OK,1333402R,Complete Strut,FCS,,826.0,116.0,33.0,793.0,858.0,858.0,150.0,2.459,322.5,0.0,0
OK,342471,Shock,BARE,,260.0,70.0,27.0,233.0,318.0,318.0,44.0,0.721,323.0,0.0,15
OK,342540,Shock,BARE,,143.0,38.0,0.0,143.0,190.0,190.0,27.0,0.443,323.1,0.0,9
OK,333451R,Strut,BARE,,163.0,40.0,4.0,159.0,230.0,230.0,30.0,0.492,323.3,0.0,31
OK,345434,Strut,BARE,,55.0,0.0,2.0,53.0,48.0,48.0,10.0,0.164,323.3,30.5,0
OK,345556,Strut,BARE,,106.0,44.0,0.0,106.0,127.0,127.0,20.0,0.328,323.3,0.0,0
OK,84986,Lift Support,CLIFT SUPPORT,,55.0,0.0,2.0,53.0,32.0,32.0,10.0,0.164,323.3,128.1,0
OK,346718,Shock,BARE,,55.0,0.0,2.0,53.0,88.0,88.0,10.0,0.164,323.3,0.0,35
OK,87075,Lift Support,CLIFT SUPPORT,,71.0,0.0,2.0,69.0,33.0,33.0,13.0,0.213,323.8,168.9,0
OK,36C361,Cartridge,BARE,,106.0,0.0,5.0,101.0,120.0,120.0,19.0,0.311,324.3,0.0,19
OK,1345562,Complete Strut,FCS,,743.0,1079.0,25.0,718.0,1095.0,1095.0,135.0,2.213,324.4,0.0,0
OK,1336337L,Complete Strut,FCS,,126.0,47.0,9.0,117.0,110.0,110.0,22.0,0.361,324.4,19.4,0
OK,331607L,Strut,BARE,,168.0,0.0,3.0,165.0,176.0,176.0,31.0,0.508,324.7,0.0,11
OK,1331623L,Complete Strut,FCS,,17.0,0.0,1.0,16.0,14.0,14.0,3.0,0.049,325.3,40.7,0
OK,1333283L,Complete Strut,FCS,,358.0,1.0,22.0,336.0,359.0,359.0,63.0,1.033,325.3,0.0,22
OK,1345458L,Complete Strut,FCS,,17.0,0.0,1.0,16.0,18.0,18.0,3.0,0.049,325.3,0.0,2
OK,2335564R,Complete Strut,FCS,,115.0,0.0,3.0,112.0,121.0,121.0,21.0,0.344,325.3,0.0,9
OK,331787L,Strut,BARE,,16.0,0.0,0.0,16.0,12.0,12.0,3.0,0.049,325.3,81.3,0
OK,84929,Lift Support,CLIFT SUPPORT,,32.0,0.0,0.0,32.0,17.0,17.0,6.0,0.098,325.3,152.5,0
OK,86281,Lift Support,CLIFT SUPPORT,,100.0,0.0,4.0,96.0,68.0,68.0,18.0,0.295,325.3,94.9,0
OK,86362,Lift Support,CLIFT SUPPORT,,32.0,0.0,0.0,32.0,15.0,15.0,6.0,0.098,325.3,172.8,0
OK,86411,Lift Support,CLIFT SUPPORT,,32.0,0.0,0.0,32.0,13.0,13.0,6.0,0.098,325.3,193.2,0
OK,2331664R,Complete Strut,FCS,,38.0,0.0,6.0,32.0,19.0,19.0,6.0,0.098,325.3,132.2,0
OK,86798,LIFT SUPPORT,CLIFT SUPPORT,,64.0,0.0,0.0,64.0,40.0,40.0,12.0,0.197,325.3,122.0,0
OK,1333840L,Complete Strut,FCS,,190.0,0.0,14.0,176.0,265.0,265.0,33.0,0.541,325.3,0.0,89
OK,F347348,Heavy Duty Shock Absorber,HBare,,20.0,0.0,4.0,16.0,68.0,68.0,3.0,0.049,325.3,0.0,52
OK,SC00034,Complete Strut,FCS,,35.0,0.0,3.0,32.0,21.0,21.0,6.0,0.098,325.3,111.8,0
OK,80045,Lift Support,CLIFT SUPPORT,,48.0,0.0,0.0,48.0,23.0,23.0,9.0,0.148,325.3,169.4,0
OK,334435L,Strut,BARE,,49.0,0.0,1.0,48.0,37.0,37.0,9.0,0.148,325.3,74.6,0
OK,1331634L,Complete Strut,FCS,,296.0,0.0,18.0,278.0,308.0,308.0,52.0,0.852,326.1,0.0,30
OK,1334053L,Complete Strut,FCS,,131.0,0.0,8.0,123.0,111.0,111.0,23.0,0.377,326.2,31.8,0
OK,2333445L,Complete Strut,FCS,,112.0,0.0,5.0,107.0,85.0,85.0,20.0,0.328,326.4,67.1,0
OK,1331766L,Complete Strut,FCS,,78.0,32.0,3.0,75.0,75.0,75.0,14.0,0.23,326.8,0.0,0
OK,333435L,Strut,BARE,,75.0,0.0,0.0,75.0,70.0,70.0,14.0,0.23,326.8,21.8,0
OK,86204,Lift Support,CLIFT SUPPORT,,145.0,0.0,11.0,134.0,113.0,113.0,25.0,0.41,327.0,51.2,0
OK,1333826L,Complete Strut,FCS,,201.0,1.0,8.0,193.0,173.0,173.0,36.0,0.59,327.0,33.9,0
OK,1333283R,Complete Strut,FCS,,336.0,58.0,25.0,311.0,431.0,431.0,58.0,0.951,327.1,0.0,62
OK,348005,Shock,BARE,,264.0,0.0,12.0,252.0,97.0,97.0,47.0,0.77,327.1,201.2,0
OK,84826,Lift Support,CLIFT SUPPORT,,59.0,0.0,0.0,59.0,22.0,22.0,11.0,0.18,327.2,205.2,0
OK,333845R,Strut,BARE,,61.0,0.0,2.0,59.0,74.0,74.0,11.0,0.18,327.2,0.0,15
OK,1331911L,Complete Strut,FCS,,163.0,0.0,2.0,161.0,188.0,188.0,30.0,0.492,327.4,0.0,27
OK,84870L,Lift Support,CLIFT SUPPORT,,207.0,0.0,3.0,204.0,216.0,216.0,38.0,0.623,327.5,0.0,12
OK,36C370,Cartridge,BARE,,231.0,0.0,0.0,231.0,234.0,234.0,43.0,0.705,327.7,0.0,3
OK,2345849L,Complete Strut,FCS,,44.0,0.0,1.0,43.0,47.0,47.0,8.0,0.131,327.9,0.0,4
OK,1355062,Complete Strut,FCS,,357.0,0.0,13.0,344.0,425.0,425.0,64.0,1.049,327.9,0.0,81
OK,3333354R,Complete Strut,FCS,,160.0,0.0,4.0,156.0,113.0,113.0,29.0,0.475,328.1,90.4,0
OK,80060,lift support,CLIFT SUPPORT,,156.0,0.0,0.0,156.0,91.0,91.0,29.0,0.475,328.1,136.7,0
OK,1333823R,Complete Strut,FCS,,448.0,0.0,23.0,425.0,576.0,576.0,79.0,1.295,328.2,0.0,151
OK,1333524L,Complete Strut,FCS,,1087.0,166.0,43.0,1044.0,1218.0,1218.0,194.0,3.18,328.3,0.0,8
OK,84217R,Lift Support,CLIFT SUPPORT,,72.0,0.0,2.0,70.0,60.0,60.0,13.0,0.213,328.5,46.9,0
OK,333532R,Strut,BARE,,73.0,44.0,3.0,70.0,102.0,102.0,13.0,0.213,328.5,0.0,0
OK,1331632L,Complete Strut,FCS,,181.0,1.0,14.0,167.0,207.0,207.0,31.0,0.508,328.6,0.0,39
OK,1345555,Complete Strut,FCS,,2858.0,378.0,169.0,2689.0,3106.0,3106.0,499.0,8.18,328.7,0.0,39
OK,1333985L,Complete Strut,FCS,,212.0,0.0,7.0,205.0,209.0,209.0,38.0,0.623,329.1,0.0,4
OK,331674L,Strut,BARE,,27.0,16.0,0.0,27.0,48.0,48.0,5.0,0.082,329.4,0.0,5
OK,86382,Lift Support,CLIFT SUPPORT,,27.0,0.0,0.0,27.0,15.0,15.0,5.0,0.082,329.4,146.4,0
OK,1334308R,Complete Strut,FCS,,394.0,52.0,21.0,373.0,577.0,577.0,69.0,1.131,329.8,0.0,152
OK,3333467R,Complete Strut,FCS,,162.0,0.0,16.0,146.0,156.0,156.0,27.0,0.443,329.9,0.0,10
OK,SC00015,Complete Strut,FCS,,367.0,108.0,10.0,357.0,484.0,484.0,66.0,1.082,330.0,0.0,19
OK,2334097R,Complete Strut,FCS,,166.0,0.0,9.0,157.0,151.0,151.0,29.0,0.475,330.2,12.6,0
OK,341598,Shock,BARE,,1703.0,220.0,56.0,1647.0,2160.0,2160.0,304.0,4.984,330.5,0.0,293
OK,1331744L,Complete Strut,FCS,,123.0,0.0,9.0,114.0,160.0,160.0,21.0,0.344,331.1,0.0,46
OK,8341537,Complete Strut,FCS,,40.0,0.0,2.0,38.0,47.0,47.0,7.0,0.115,331.1,0.0,9
OK,1333514R,Complete Strut,FCS,,299.0,0.0,11.0,288.0,383.0,383.0,53.0,0.869,331.5,0.0,95
OK,1333271R,Complete Strut,FCS,,201.0,2.0,5.0,196.0,259.0,259.0,36.0,0.59,332.1,0.0,61
OK,86406,Lift Support,CLIFT SUPPORT,,49.0,0.0,0.0,49.0,25.0,25.0,9.0,0.148,332.1,162.7,0
OK,DG342476,Shock,BARE,,327.0,0.0,11.0,316.0,413.0,413.0,58.0,0.951,332.3,0.0,97
OK,94007,Electronic Shock Assy,Air Suspension,,315.0,0.0,26.0,289.0,293.0,293.0,53.0,0.869,332.6,0.0,4
OK,86508,Lift Support,CLIFT SUPPORT,,67.0,0.0,7.0,60.0,37.0,37.0,11.0,0.18,332.7,127.5,0
OK,346243,Shock,BARE,,310.0,42.0,10.0,300.0,510.0,510.0,55.0,0.902,332.7,0.0,168
OK,3331595L,Complete Strut,FCS,,268.0,0.0,17.0,251.0,281.0,281.0,46.0,0.754,332.8,0.0,30
OK,84762,Lift Support,CLIFT SUPPORT,,95.0,0.0,13.0,82.0,102.0,102.0,15.0,0.246,333.5,0.0,20
OK,342528,Shock,BARE,,4946.0,0.0,188.0,4758.0,6035.0,6035.0,870.0,14.262,333.6,0.0,1277
OK,1333586R,Complete Strut,FCS,,95.0,0.0,2.0,93.0,83.0,83.0,17.0,0.279,333.7,35.9,0
OK,1345474R,Complete Strut,FCS,,105.0,38.0,1.0,104.0,120.0,120.0,19.0,0.311,333.9,0.0,0
OK,1333488,Complete Strut,FCS,,566.0,0.0,13.0,553.0,631.0,631.0,101.0,1.656,334.0,0.0,78
OK,346329,Shock,BARE,,121.0,0.0,6.0,115.0,191.0,191.0,21.0,0.344,334.0,0.0,76
OK,1332302,Complete Strut,FCS,,236.0,115.0,22.0,214.0,405.0,405.0,39.0,0.639,334.7,0.0,76
OK,341516,Shock,BARE,,491.0,70.0,30.0,461.0,573.0,573.0,84.0,1.377,334.8,0.0,42
OK,1333462R,Complete Strut,FCS,,200.0,0.0,13.0,187.0,311.0,311.0,34.0,0.557,335.5,0.0,124
OK,1336335,Complete Strut,FCS,,55.0,23.0,0.0,55.0,26.0,26.0,10.0,0.164,335.5,176.9,0
OK,331825L,Strut,BARE,,45.0,36.0,1.0,44.0,84.0,84.0,8.0,0.131,335.5,0.0,4
OK,341535,Shock,BARE,,33.0,0.0,0.0,33.0,35.0,35.0,6.0,0.098,335.5,0.0,2
OK,341964,Shock,BARE,,103.0,46.0,4.0,99.0,130.0,130.0,18.0,0.295,335.5,0.0,0
OK,F347275,Heavy Duty Shock Absorber,HBare,,44.0,0.0,0.0,44.0,37.0,37.0,8.0,0.131,335.5,53.4,0
OK,334488R,Strut,BARE,,33.0,0.0,0.0,33.0,24.0,24.0,6.0,0.098,335.5,91.5,0
OK,1333505R,Complete Strut,FCS,,529.0,86.0,16.0,513.0,542.0,542.0,93.0,1.525,336.5,0.0,0
OK,331827,Strut,BARE,,140.0,104.0,2.0,138.0,165.0,165.0,25.0,0.41,336.7,0.0,0
OK,341967,Shock,BARE,,485.0,180.0,26.0,459.0,653.0,653.0,83.0,1.361,337.3,0.0,14
OK,84130,Lift Support,CLIFT SUPPORT,,94.0,0.0,0.0,94.0,93.0,93.0,17.0,0.279,337.3,3.6,0
OK,DT342887,Shock,BARE,,1856.0,0.0,68.0,1788.0,1621.0,1621.0,323.0,5.295,337.7,31.5,0
OK,1331617L,Complete Strut,FCS,,307.0,84.0,8.0,299.0,332.0,332.0,54.0,0.885,337.8,0.0,0
OK,1332355R,Complete Strut,FCS,,226.0,0.0,10.0,216.0,147.0,147.0,39.0,0.639,337.8,107.9,0
OK,333508L,Strut,BARE,,135.0,36.0,13.0,122.0,217.0,217.0,22.0,0.361,338.3,0.0,59
OK,342787,Shock,BARE,,503.0,96.0,26.0,477.0,763.0,763.0,86.0,1.41,338.3,0.0,190
OK,5331821R,Complete Strut,FCS,,2947.0,855.0,90.0,2857.0,2892.0,2892.0,515.0,8.443,338.4,0.0,0
OK,84954,Lift Support,CLIFT SUPPORT,,232.0,0.0,10.0,222.0,112.0,112.0,40.0,0.656,338.6,167.8,0
OK,342550,Shock,BARE,,177.0,70.0,16.0,161.0,192.0,192.0,29.0,0.475,338.7,0.0,0
OK,341608,Shock,BARE,,50.0,46.0,0.0,50.0,52.0,52.0,9.0,0.148,338.9,0.0,0
OK,8341984,Complete Strut,FCS,,56.0,0.0,6.0,50.0,75.0,75.0,9.0,0.148,338.9,0.0,25
OK,84325,Lift Support,CLIFT SUPPORT,,93.0,0.0,4.0,89.0,62.0,62.0,16.0,0.262,339.3,102.9,0
OK,86133,Lift Support,CLIFT SUPPORT,,94.0,0.0,5.0,89.0,87.0,87.0,16.0,0.262,339.3,7.6,0
OK,333386L,Strut,BARE,,130.0,0.0,2.0,128.0,0.0,0.0,23.0,0.377,339.5,295.5,0
OK,1333439L,Complete Strut,FCS,,272.0,0.0,16.0,256.0,367.0,367.0,46.0,0.754,339.5,0.0,111
OK,333488,Strut,BARE,,290.0,0.0,6.0,284.0,206.0,206.0,51.0,0.836,339.7,93.3,0
OK,335682R,Strut,BARE,,42.0,0.0,3.0,39.0,37.0,37.0,7.0,0.115,339.9,17.4,0
OK,342516,Shock,BARE,,634.0,170.0,10.0,624.0,777.0,777.0,112.0,1.836,339.9,0.0,0
OK,1337065,Complete Strut,FCS,,43.0,28.0,4.0,39.0,34.0,34.0,7.0,0.115,339.9,43.6,0
OK,334596R,Strut,BARE,,39.0,0.0,0.0,39.0,0.0,0.0,7.0,0.115,339.9,295.9,0
OK,DT348072,Shock,BARE,,80.0,0.0,2.0,78.0,0.0,0.0,14.0,0.23,339.9,295.9,0
OK,345419,Strut,BARE,,213.0,42.0,1.0,212.0,251.0,251.0,38.0,0.623,340.3,0.0,0
OK,1332349,Complete Strut,FCS,,761.0,264.0,13.0,748.0,841.0,841.0,134.0,2.197,340.5,0.0,0
OK,1331645L,Complete Strut,FCS,,72.0,2.0,5.0,67.0,40.0,40.0,12.0,0.197,340.6,137.2,0
OK,332302,Strut,BARE,,269.0,0.0,1.0,268.0,262.0,262.0,48.0,0.787,340.6,7.6,0
OK,332344,Strut,BARE,,67.0,0.0,0.0,67.0,75.0,75.0,12.0,0.197,340.6,0.0,8
OK,84316,Lift Support,CLIFT SUPPORT,,72.0,0.0,5.0,67.0,103.0,103.0,12.0,0.197,340.6,0.0,36
OK,355059,Strut,BARE,,67.0,0.0,0.0,67.0,49.0,49.0,12.0,0.197,340.6,91.5,0
OK,341531,Shock,BARE,,2469.0,1960.0,59.0,2410.0,2862.0,2862.0,431.0,7.066,341.1,0.0,0
OK,342524,Shock,BARE,,155.0,0.0,4.0,151.0,157.0,157.0,27.0,0.443,341.1,0.0,6
OK,341595,Shock,BARE,,1132.0,270.0,29.0,1103.0,1412.0,1412.0,197.0,3.23,341.5,0.0,39
OK,1333452L,Complete Strut,FCS,,775.0,0.0,19.0,756.0,707.0,707.0,135.0,2.213,341.6,22.1,0
OK,1345409L,Complete Strut,FCS,,30.0,0.0,2.0,28.0,17.0,17.0,5.0,0.082,341.6,134.2,0
OK,3333363R,Complete Strut,FCS,,145.0,5.0,5.0,140.0,137.0,137.0,25.0,0.41,341.6,7.3,0
OK,86479,Lift Support,CLIFT SUPPORT,,56.0,0.0,0.0,56.0,46.0,46.0,10.0,0.164,341.6,61.0,0
OK,86776,LIFT SUPPORT,CLIFT SUPPORT,,56.0,0.0,0.0,56.0,40.0,40.0,10.0,0.164,341.6,97.6,0
OK,DT345596,Strut,BARE,,30.0,52.0,2.0,28.0,18.0,18.0,5.0,0.082,341.6,122.0,0
OK,342543,Shock,BARE,,428.0,0.0,13.0,415.0,535.0,535.0,74.0,1.213,342.1,0.0,120
OK,1331645R,Complete Strut,FCS,,76.0,2.0,3.0,73.0,35.0,35.0,13.0,0.213,342.5,178.3,0
OK,333356R,Strut,BARE,,74.0,206.0,1.0,73.0,132.0,132.0,13.0,0.213,342.5,0.0,0
OK,86361,Lift Support,CLIFT SUPPORT,,193.0,0.0,2.0,191.0,148.0,148.0,34.0,0.557,342.7,77.1,0
OK,2331595L,Complete Strut,FCS,,274.0,21.0,21.0,253.0,250.0,250.0,45.0,0.738,343.0,4.1,0
OK,331772R,Strut,BARE,,45.0,0.0,0.0,45.0,23.0,23.0,8.0,0.131,343.1,167.8,0
OK,333433R,Strut,BARE,,46.0,0.0,1.0,45.0,32.0,32.0,8.0,0.131,343.1,99.1,0
OK,5331821L,Complete Strut,FCS,,2935.0,1174.0,99.0,2836.0,2913.0,2913.0,504.0,8.262,343.2,0.0,0
OK,341528,Shock,BARE,,156.0,0.0,4.0,152.0,201.0,201.0,27.0,0.443,343.4,0.0,49
OK,1331789R,Complete Strut,FCS,,401.0,3.0,18.0,383.0,447.0,447.0,68.0,1.115,343.6,0.0,61
OK,1333800L,Complete Strut,FCS,,501.0,0.0,10.0,491.0,555.0,555.0,87.0,1.426,344.3,0.0,64
OK,341640,Shock,BARE,,443.0,30.0,8.0,435.0,474.0,474.0,77.0,1.262,344.6,0.0,9
OK,333828L,Strut,BARE,,115.0,0.0,2.0,113.0,97.0,97.0,20.0,0.328,344.7,48.8,0
OK,1331628L,Complete Strut,FCS,,397.0,1.0,18.0,379.0,428.0,428.0,67.0,1.098,345.1,0.0,48
OK,2345558R,Complete Strut,FCS,,423.0,0.0,10.0,413.0,495.0,495.0,73.0,1.197,345.1,0.0,82
OK,1331592R,Complete Strut,FCS,,17.0,0.0,0.0,17.0,28.0,28.0,3.0,0.049,345.7,0.0,11
OK,332322R,Strut,BARE,,18.0,0.0,1.0,17.0,17.0,17.0,3.0,0.049,345.7,0.0,0
OK,335567R,Strut,BARE,,18.0,0.0,1.0,17.0,16.0,16.0,3.0,0.049,345.7,20.3,0
OK,342889,Shock,BARE,,34.0,0.0,0.0,34.0,33.0,33.0,6.0,0.098,345.7,10.2,0
OK,84466,Lift Support,CLIFT SUPPORT,,51.0,0.0,0.0,51.0,24.0,24.0,9.0,0.148,345.7,183.0,0
OK,84626,Lift Support,CLIFT SUPPORT,,34.0,0.0,0.0,34.0,12.0,12.0,6.0,0.098,345.7,223.7,0
OK,86229,Lift Support,CLIFT SUPPORT,,85.0,0.0,0.0,85.0,55.0,55.0,15.0,0.246,345.7,122.0,0
OK,86237,Lift Support,CLIFT SUPPORT,,36.0,0.0,2.0,34.0,9.0,9.0,6.0,0.098,345.7,254.2,0
OK,1333533L,Complete Strut,FCS,,74.0,16.0,6.0,68.0,79.0,79.0,12.0,0.197,345.7,0.0,0
OK,345876L,Strut,BARE,,34.0,0.0,0.0,34.0,21.0,21.0,6.0,0.098,345.7,132.2,0
OK,335958L,Strut,BARE,,214.0,0.0,10.0,204.0,178.0,178.0,36.0,0.59,345.7,44.1,0
OK,333749R,Strut,BARE,,34.0,0.0,0.0,34.0,31.0,31.0,6.0,0.098,345.7,30.5,0
OK,F344350,Heavy Duty Shock Absorber,HBare,,17.0,30.0,0.0,17.0,56.0,56.0,3.0,0.049,345.7,0.0,9
OK,346657,Shock,BARE,,68.0,0.0,0.0,68.0,90.0,90.0,12.0,0.197,345.7,0.0,22
OK,346750,Shock,BARE,,72.0,42.0,4.0,68.0,75.0,75.0,12.0,0.197,345.7,0.0,0
OK,80116,lift support,CLIFT SUPPORT,,34.0,0.0,0.0,34.0,0.0,0.0,6.0,0.098,345.7,301.7,0
OK,1332312,Complete Strut,FCS,,334.0,40.0,5.0,329.0,325.0,325.0,58.0,0.951,346.0,4.2,0
OK,342556,Shock,BARE,,813.0,0.0,41.0,772.0,854.0,854.0,136.0,2.23,346.3,0.0,82
OK,86304,Lift Support,CLIFT SUPPORT,,346.0,0.0,11.0,335.0,322.0,322.0,59.0,0.967,346.4,13.4,0
OK,345491,Strut,BARE,,97.0,0.0,6.0,91.0,66.0,66.0,16.0,0.262,346.9,95.3,0
OK,333941L,Strut,BARE,,57.0,0.0,0.0,57.0,73.0,73.0,10.0,0.164,347.7,0.0,16
OK,1333477R,Complete Strut,FCS,,226.0,0.0,15.0,211.0,206.0,206.0,37.0,0.607,347.9,8.2,0
OK,331060R,Strut,BARE,,82.0,30.0,2.0,80.0,81.0,81.0,14.0,0.23,348.6,0.0,0
OK,333444L,Strut,BARE,,40.0,0.0,0.0,40.0,35.0,35.0,7.0,0.115,348.6,43.6,0
OK,1335774R,Complete Strut,FCS,,41.0,24.0,1.0,40.0,57.0,57.0,7.0,0.115,348.6,0.0,0
OK,333787R,Strut,BARE,,41.0,0.0,1.0,40.0,78.0,78.0,7.0,0.115,348.6,0.0,38
OK,1333475R,Complete Strut,FCS,,189.0,0.0,6.0,183.0,231.0,231.0,32.0,0.525,348.8,0.0,48
OK,1331664L,Complete Strut,FCS,,438.0,80.0,26.0,412.0,445.0,445.0,72.0,1.18,349.1,0.0,0
OK,2335877L,Complete Strut,FCS,,24.0,0.0,1.0,23.0,19.0,19.0,4.0,0.066,350.8,61.0,0
OK,333447L,Strut,BARE,,95.0,0.0,3.0,92.0,98.0,98.0,16.0,0.262,350.8,0.0,6
OK,336313,Strut,BARE,,48.0,0.0,2.0,46.0,14.0,14.0,8.0,0.131,350.8,244.0,0
OK,84703,Lift Support,CLIFT SUPPORT,,69.0,0.0,0.0,69.0,51.0,51.0,12.0,0.197,350.8,91.5,0
OK,1335899L,Complete Strut,FCS,,23.0,0.0,0.0,23.0,33.0,33.0,4.0,0.066,350.8,0.0,10
OK,2333923L,Complete Strut,FCS,,25.0,0.0,2.0,23.0,32.0,32.0,4.0,0.066,350.8,0.0,9
OK,SC00013,Complete Strut,FCS,,23.0,12.0,0.0,23.0,33.0,33.0,4.0,0.066,350.8,0.0,0
OK,333303R,Strut,BARE,,23.0,0.0,0.0,23.0,15.0,15.0,4.0,0.066,350.8,122.0,0
OK,348092,Shock,BARE,,46.0,0.0,0.0,46.0,0.0,0.0,8.0,0.131,350.8,306.8,0
OK,341600,Shock,BARE,,434.0,0.0,31.0,403.0,519.0,519.0,70.0,1.148,351.2,0.0,116
OK,341617,Shock,BARE,,667.0,160.0,4.0,663.0,791.0,791.0,115.0,1.885,351.7,0.0,0
OK,86136,Lift Support,CLIFT SUPPORT,,54.0,0.0,2.0,52.0,35.0,35.0,9.0,0.148,352.4,115.2,0
OK,84551L,Lift Support,CLIFT SUPPORT,,52.0,0.0,0.0,52.0,60.0,60.0,9.0,0.148,352.4,0.0,8
OK,1332321R,Complete Strut,FCS,,56.0,1.0,4.0,52.0,45.0,45.0,9.0,0.148,352.4,47.4,0
OK,333828R,Strut,BARE,,106.0,0.0,2.0,104.0,97.0,97.0,18.0,0.295,352.4,23.7,0
OK,94079,Magnetic Shock,Air Suspension,,356.0,0.0,9.0,347.0,272.0,272.0,60.0,0.984,352.8,76.2,0
OK,2335531R,Complete Strut,FCS,,84.0,0.0,3.0,81.0,75.0,75.0,14.0,0.23,352.9,26.1,0
OK,334145R,Strut,BARE,,84.0,0.0,3.0,81.0,53.0,53.0,14.0,0.23,352.9,122.0,0
OK,86600,Lift Support,CLIFT SUPPORT,,110.0,0.0,0.0,110.0,71.0,71.0,19.0,0.311,353.2,125.2,0
OK,347395,Shock,BARE,,222.0,0.0,2.0,220.0,206.0,206.0,38.0,0.623,353.2,22.5,0
OK,342501,Shock,BARE,,1286.0,20.0,45.0,1241.0,1424.0,1424.0,214.0,3.508,353.7,0.0,163
OK,333454R,Strut,BARE,,147.0,36.0,2.0,145.0,180.0,180.0,25.0,0.41,353.8,0.0,0
OK,342493,Shock,BARE,,87.0,40.0,0.0,87.0,158.0,158.0,15.0,0.246,353.8,0.0,31
OK,84159,Lift Support,CLIFT SUPPORT,,93.0,0.0,6.0,87.0,58.0,58.0,15.0,0.246,353.8,117.9,0
OK,KY020,Air Compressor,Air Suspension,,32.0,0.0,3.0,29.0,20.0,20.0,5.0,0.082,353.8,109.8,0
OK,341570,Shock,BARE,,350.0,40.0,19.0,331.0,393.0,393.0,57.0,0.934,354.2,0.0,22
OK,341979,Shock,BARE,,153.0,0.0,2.0,151.0,159.0,159.0,26.0,0.426,354.3,0.0,8
OK,1345459L,Complete Strut,FCS,,96.0,0.0,3.0,93.0,127.0,127.0,16.0,0.262,354.6,0.0,34
OK,94016,Shock Assy,Air Suspension,,92.0,0.0,28.0,64.0,111.0,111.0,11.0,0.18,354.9,0.0,47
OK,1336305R,Complete Strut,FCS,,238.0,10.0,5.0,233.0,250.0,250.0,40.0,0.656,355.3,0.0,7
OK,86110,Lift Support,CLIFT SUPPORT,,134.0,0.0,0.0,134.0,122.0,122.0,23.0,0.377,355.4,31.8,0
OK,331609L,Strut,BARE,,35.0,0.0,0.0,35.0,24.0,24.0,6.0,0.098,355.8,111.8,0
OK,1333816L,Complete Strut,FCS,,179.0,5.0,4.0,175.0,199.0,199.0,30.0,0.492,355.8,0.0,19
OK,F347303,Heavy Duty Shock Absorber,HBare,,35.0,0.0,0.0,35.0,41.0,41.0,6.0,0.098,355.8,0.0,6
OK,KY004,Air Compressor,Air Suspension,,140.0,0.0,0.0,140.0,173.0,173.0,24.0,0.393,355.8,0.0,33
OK,341688,Shock,BARE,,3082.0,958.0,87.0,2995.0,3832.0,3832.0,513.0,8.41,356.1,0.0,0
OK,342566,Shock,BARE,,78.0,0.0,2.0,76.0,104.0,104.0,13.0,0.213,356.6,0.0,28
OK,2335531L,Complete Strut,FCS,,80.0,0.0,4.0,76.0,75.0,75.0,13.0,0.213,356.6,4.7,0
OK,333714R,Strut,BARE,,77.0,0.0,1.0,76.0,75.0,75.0,13.0,0.213,356.6,4.7,0
OK,80003,Lift Support,CLIFT SUPPORT,,117.0,0.0,0.0,117.0,70.0,70.0,20.0,0.328,356.9,143.4,0
OK,1337020L,Complete Strut,FCS,,165.0,0.0,7.0,158.0,159.0,159.0,27.0,0.443,357.0,0.0,1
OK,1345880,Complete Strut,FCS,,909.0,0.0,13.0,896.0,858.0,858.0,153.0,2.508,357.2,15.2,0
OK,DT341951,Shock,BARE,,88.0,0.0,6.0,82.0,85.0,85.0,14.0,0.23,357.3,0.0,3
OK,84870R,Lift Support,CLIFT SUPPORT,,209.0,0.0,4.0,205.0,220.0,220.0,35.0,0.574,357.3,0.0,15
OK,1331713R,Complete Strut,FCS,,41.0,0.0,0.0,41.0,39.0,39.0,7.0,0.115,357.3,17.4,0
OK,341638,Shock,BARE,,821.0,200.0,30.0,791.0,1090.0,1090.0,135.0,2.213,357.4,0.0,99
OK,342473,Shock,BARE,,1011.0,0.0,13.0,998.0,1159.0,1159.0,170.0,2.787,358.1,0.0,161
OK,99069,Electronic Air Strut,Air Suspension,,47.0,0.0,0.0,47.0,39.0,39.0,8.0,0.131,358.4,61.0,0
OK,KY022,Air Compressor,Air Suspension,,53.0,0.0,6.0,47.0,51.0,51.0,8.0,0.131,358.4,0.0,4
OK,1331590R,Complete Strut,FCS,,106.0,2.0,6.0,100.0,87.0,87.0,17.0,0.279,358.8,46.6,0
OK,342491,Shock,BARE,,218.0,0.0,12.0,206.0,208.0,208.0,35.0,0.574,359.0,0.0,2
OK,1335878L,Complete Strut,FCS,,171.0,0.0,12.0,159.0,195.0,195.0,27.0,0.443,359.2,0.0,36
OK,345949,Strut,BARE,,106.0,0.0,0.0,106.0,116.0,116.0,18.0,0.295,359.2,0.0,10
OK,86151,Lift Support,CLIFT SUPPORT,,119.0,0.0,7.0,112.0,94.0,94.0,19.0,0.311,359.6,57.8,0
OK,346569,Shock,BARE,,913.0,20.0,16.0,897.0,1177.0,1177.0,152.0,2.492,360.0,0.0,260
OK,2332304R,Complete Strut,FCS,,381.0,1.0,3.0,378.0,259.0,259.0,64.0,1.049,360.3,113.4,0
OK,331900L,Strut,BARE,,67.0,0.0,2.0,65.0,80.0,80.0,11.0,0.18,360.5,0.0,15
OK,84561,Lift Support,CLIFT SUPPORT,,65.0,0.0,0.0,65.0,65.0,65.0,11.0,0.18,360.5,0.0,0
OK,333926L,Strut,BARE,,70.0,0.0,5.0,65.0,37.0,37.0,11.0,0.18,360.5,155.3,0
OK,1333412L,Complete Strut,FCS,,73.0,16.0,2.0,71.0,54.0,54.0,12.0,0.197,360.9,86.4,0
OK,87061,LIFT SUPPORT,CLIFT SUPPORT,,91.0,0.0,2.0,89.0,109.0,109.0,15.0,0.246,361.9,0.0,20
OK,1333584L,Complete Strut,FCS,,548.0,0.0,42.0,506.0,583.0,583.0,85.0,1.393,363.1,0.0,77
OK,1332348,Complete Strut,FCS,,132.0,19.0,1.0,131.0,108.0,108.0,22.0,0.361,363.2,63.8,0
OK,2333714R,Complete Strut,FCS,,677.0,160.0,34.0,643.0,624.0,624.0,108.0,1.77,363.2,10.7,0
OK,86196,Lift Support,CLIFT SUPPORT,,200.0,0.0,3.0,197.0,175.0,175.0,33.0,0.541,364.2,40.7,0
OK,345688,Strut,BARE,,247.0,66.0,8.0,239.0,359.0,359.0,40.0,0.656,364.5,0.0,54
OK,1333748R,Complete Strut,FCS,,274.0,0.0,5.0,269.0,281.0,281.0,45.0,0.738,364.6,0.0,12
OK,86827,Lift Support,CLIFT SUPPORT,,286.0,0.0,5.0,281.0,228.0,228.0,47.0,0.77,364.7,68.8,0
OK,1333476R,Complete Strut,FCS,,313.0,0.0,8.0,305.0,360.0,360.0,51.0,0.836,364.8,0.0,55
OK,341512,Shock,BARE,,1266.0,0.0,27.0,1239.0,1309.0,1309.0,207.0,3.393,365.1,0.0,70
OK,1345567,Complete Strut,FCS,,3054.0,273.0,56.0,2998.0,2803.0,2803.0,500.0,8.197,365.8,23.8,0
OK,1331751R,Complete Strut,FCS,,52.0,0.0,4.0,48.0,45.0,45.0,8.0,0.131,366.0,22.9,0
OK,1345409R,Complete Strut,FCS,,26.0,0.0,2.0,24.0,17.0,17.0,4.0,0.066,366.0,106.8,0
OK,1345798L,Complete Strut,FCS,,30.0,0.0,0.0,30.0,16.0,16.0,5.0,0.082,366.0,170.8,0
OK,331672R,Strut,BARE,,31.0,0.0,1.0,30.0,25.0,25.0,5.0,0.082,366.0,61.0,0
OK,333294R,Strut,BARE,,56.0,47.0,2.0,54.0,79.0,79.0,9.0,0.148,366.0,0.0,0
OK,333438L,Strut,BARE,,6.0,0.0,0.0,6.0,4.0,4.0,1.0,0.016,366.0,122.0,0
OK,335555R,Strut,BARE,,19.0,0.0,1.0,18.0,19.0,19.0,3.0,0.049,366.0,0.0,1
OK,335567L,Strut,BARE,,13.0,0.0,1.0,12.0,13.0,13.0,2.0,0.033,366.0,0.0,1
OK,341521,Shock,BARE,,256.0,80.0,10.0,246.0,352.0,352.0,41.0,0.672,366.0,0.0,26
OK,84982,Lift Support,CLIFT SUPPORT,,42.0,0.0,0.0,42.0,22.0,22.0,7.0,0.115,366.0,174.3,0
OK,86183,Lift Support,CLIFT SUPPORT,,36.0,0.0,0.0,36.0,39.0,39.0,6.0,0.098,366.0,0.0,3
OK,86586,Lift Support,CLIFT SUPPORT,,31.0,0.0,1.0,30.0,15.0,15.0,5.0,0.082,366.0,183.0,0
OK,1331675R,Complete Strut,FCS,,36.0,0.0,0.0,36.0,42.0,42.0,6.0,0.098,366.0,0.0,6
OK,2333562R,Complete Strut,FCS,,19.0,0.0,1.0,18.0,57.0,57.0,3.0,0.049,366.0,0.0,39
OK,333390R,Strut,BARE,,43.0,0.0,1.0,42.0,24.0,24.0,7.0,0.115,366.0,156.9,0
OK,333718L,Strut,BARE,,6.0,0.0,0.0,6.0,7.0,7.0,1.0,0.016,366.0,0.0,1
OK,345879L,Strut,BARE,,38.0,0.0,2.0,36.0,20.0,20.0,6.0,0.098,366.0,162.7,0
OK,333714L,Strut,BARE,,72.0,0.0,0.0,72.0,74.0,74.0,12.0,0.197,366.0,0.0,2
OK,345903,Strut,BARE,,30.0,0.0,0.0,30.0,20.0,20.0,5.0,0.082,366.0,122.0,0
OK,2345434,Complete Strut,FCS,,18.0,0.0,0.0,18.0,13.0,13.0,3.0,0.049,366.0,101.7,0
OK,86021,LIFT SUPPORT,CLIFT SUPPORT,,60.0,0.0,0.0,60.0,30.0,30.0,10.0,0.164,366.0,183.0,0
OK,86800,LIFT SUPPORT,CLIFT SUPPORT,,54.0,0.0,0.0,54.0,23.0,23.0,9.0,0.148,366.0,210.1,0
OK,335585L,Strut,BARE,,12.0,0.0,0.0,12.0,8.0,8.0,2.0,0.033,366.0,122.0,0
OK,333944L,Strut,BARE,,54.0,43.0,0.0,54.0,38.0,38.0,9.0,0.148,366.0,108.4,0
OK,1345030L,Complete Strut,FCS,,25.0,0.0,1.0,24.0,26.0,26.0,4.0,0.066,366.0,0.0,2
OK,346676,Shock,BARE,,350.0,0.0,20.0,330.0,354.0,354.0,55.0,0.902,366.0,0.0,24
OK,8341546,Complete Strut,FCS,,8.0,0.0,2.0,6.0,19.0,19.0,1.0,0.016,366.0,0.0,13
OK,KY009,Air Compressor,Air Suspension,,24.0,0.0,0.0,24.0,15.0,15.0,4.0,0.066,366.0,137.2,0
OK,80022R,Lift Support,CLIFT SUPPORT,,24.0,0.0,0.0,24.0,11.0,11.0,4.0,0.066,366.0,198.2,0
OK,334438L,Strut,BARE,,32.0,0.0,2.0,30.0,36.0,36.0,5.0,0.082,366.0,0.0,6
OK,89046L,Non-power side lift support,Power Lift,,42.0,0.0,0.0,42.0,0.0,0.0,7.0,0.115,366.0,322.0,0
OK,341620,Shock,BARE,,1508.0,424.0,49.0,1459.0,1717.0,1717.0,243.0,3.984,366.3,0.0,0
OK,84179,Lift Support,CLIFT SUPPORT,,640.0,0.0,9.0,631.0,705.0,705.0,105.0,1.721,366.6,0.0,74
OK,331607R,Strut,BARE,,170.0,0.0,1.0,169.0,179.0,179.0,28.0,0.459,368.2,0.0,10
OK,5333406L,Complete Strut,FCS,,600.0,34.0,14.0,586.0,556.0,556.0,97.0,1.59,368.5,18.9,0
OK,8346328RL,Complete Strut,FCS,,131.0,0.0,4.0,127.0,121.0,121.0,21.0,0.344,368.9,17.4,0
OK,335883,Strut,BARE,,468.0,0.0,8.0,460.0,479.0,479.0,76.0,1.246,369.2,0.0,19
OK,346561,Shock,BARE,,1097.0,34.0,25.0,1072.0,1187.0,1187.0,177.0,2.902,369.4,0.0,81
OK,336329,Strut,BARE,,317.0,36.0,14.0,303.0,440.0,440.0,50.0,0.82,369.7,0.0,101
OK,346106,Shock,BARE,,93.0,0.0,2.0,91.0,120.0,120.0,15.0,0.246,370.1,0.0,29
OK,1335883L,Complete Strut,FCS,,180.0,0.0,10.0,170.0,146.0,146.0,28.0,0.459,370.4,52.3,0
OK,331660L,Strut,BARE,,169.0,0.0,5.0,164.0,155.0,155.0,27.0,0.443,370.5,20.3,0
OK,86489,Lift Support,CLIFT SUPPORT,,974.0,0.0,20.0,954.0,899.0,899.0,157.0,2.574,370.7,21.4,0
OK,86630,Lift Support,CLIFT SUPPORT,,81.0,0.0,2.0,79.0,48.0,48.0,13.0,0.213,370.7,145.5,0
OK,335908L,Strut,BARE,,79.0,0.0,0.0,79.0,67.0,67.0,13.0,0.213,370.7,56.3,0
OK,1345791,Complete Strut,FCS,,73.0,0.0,0.0,73.0,70.0,70.0,12.0,0.197,371.1,15.2,0
OK,2345969L,Complete Strut,FCS,,76.0,0.0,3.0,73.0,65.0,65.0,12.0,0.197,371.1,40.7,0
OK,1331746R,Complete Strut,FCS,,69.0,0.0,2.0,67.0,72.0,72.0,11.0,0.18,371.5,0.0,5
OK,84102,Lift Support,CLIFT SUPPORT,,68.0,0.0,1.0,67.0,35.0,35.0,11.0,0.18,371.5,177.5,0
OK,334097R,Strut,BARE,,70.0,0.0,3.0,67.0,61.0,61.0,11.0,0.18,371.5,33.3,0
OK,1355135R,Complete Strut,FCS,,69.0,0.0,2.0,67.0,55.0,55.0,11.0,0.18,371.5,66.5,0
OK,331640R,Strut,BARE,,65.0,30.0,4.0,61.0,79.0,79.0,10.0,0.164,372.1,0.0,0
OK,84057,Lift Support,CLIFT SUPPORT,,61.0,0.0,0.0,61.0,19.0,19.0,10.0,0.164,372.1,256.2,0
OK,84327,Lift Support,CLIFT SUPPORT,,61.0,0.0,0.0,61.0,46.0,46.0,10.0,0.164,372.1,91.5,0
OK,84385,Lift Support,CLIFT SUPPORT,,61.0,0.0,0.0,61.0,17.0,17.0,10.0,0.164,372.1,268.4,0
OK,84362R,Lift Support,CLIFT SUPPORT,,120.0,0.0,4.0,116.0,74.0,74.0,19.0,0.311,372.4,134.8,0
OK,1331782R,Complete Strut,FCS,,57.0,0.0,2.0,55.0,75.0,75.0,9.0,0.148,372.8,0.0,20
OK,335531R,Strut,BARE,,166.0,0.0,1.0,165.0,82.0,82.0,27.0,0.443,372.8,187.5,0
OK,1331634R,Complete Strut,FCS,,344.0,0.0,20.0,324.0,335.0,335.0,53.0,0.869,372.9,0.0,11
OK,1332335,Complete Strut,FCS,,394.0,50.0,21.0,373.0,390.0,390.0,61.0,1.0,373.0,0.0,0
OK,1345830,Complete Strut,FCS,,1035.0,156.0,26.0,1009.0,1087.0,1087.0,165.0,2.705,373.0,0.0,0
OK,342522,Shock,BARE,,345.0,0.0,33.0,312.0,385.0,385.0,51.0,0.836,373.2,0.0,73
OK,1333386R,Complete Strut,FCS,,832.0,81.0,30.0,802.0,1028.0,1028.0,131.0,2.148,373.5,0.0,145
OK,1333491R,Complete Strut,FCS,,50.0,0.0,1.0,49.0,27.0,27.0,8.0,0.131,373.6,167.8,0
OK,84995,Lift Support,CLIFT SUPPORT,,100.0,0.0,2.0,98.0,87.0,87.0,16.0,0.262,373.6,41.9,0
OK,86868,LIFT SUPPORT,CLIFT SUPPORT,,100.0,0.0,2.0,98.0,67.0,67.0,16.0,0.262,373.6,118.2,0
OK,1345689L,Complete Strut,FCS,,383.0,0.0,9.0,374.0,390.0,390.0,61.0,1.0,374.0,0.0,16
OK,342496,Shock,BARE,,2654.0,0.0,30.0,2624.0,4491.0,4491.0,428.0,7.016,374.0,0.0,1867
OK,84142,Lift Support,CLIFT SUPPORT,,734.0,0.0,34.0,700.0,556.0,556.0,114.0,1.869,374.6,77.1,0
OK,DT346216,Shock,BARE,,45.0,0.0,2.0,43.0,29.0,29.0,7.0,0.115,374.7,122.0,0
OK,1336306,Complete Strut,FCS,,914.0,120.0,17.0,897.0,658.0,658.0,146.0,2.393,374.8,99.9,0
OK,2337006L,Complete Strut,FCS,,657.0,165.0,24.0,633.0,848.0,848.0,103.0,1.689,374.9,0.0,50
OK,1345831,Complete Strut,FCS,,883.0,0.0,53.0,830.0,847.0,847.0,135.0,2.213,375.0,0.0,17
OK,2331931,Complete Strut,FCS,,770.0,305.0,31.0,739.0,769.0,769.0,120.0,1.967,375.7,0.0,0
OK,345798,Strut,BARE,,37.0,0.0,0.0,37.0,31.0,31.0,6.0,0.098,376.2,61.0,0
OK,86862,LIFT SUPPORT,CLIFT SUPPORT,,39.0,0.0,2.0,37.0,47.0,47.0,6.0,0.098,376.2,0.0,10
OK,1332319R,Complete Strut,FCS,,959.0,168.0,27.0,932.0,913.0,913.0,151.0,2.475,376.5,7.7,0
OK,84491,Lift Support,CLIFT SUPPORT,,68.0,0.0,0.0,68.0,41.0,41.0,11.0,0.18,377.1,149.7,0
OK,86175,Lift Support,CLIFT SUPPORT,,73.0,0.0,5.0,68.0,77.0,77.0,11.0,0.18,377.1,0.0,9
OK,86299,Lift Support,CLIFT SUPPORT,,69.0,0.0,1.0,68.0,67.0,67.0,11.0,0.18,377.1,5.5,0
OK,99055,Air Strut,Air Suspension,,68.0,0.0,0.0,68.0,43.0,43.0,11.0,0.18,377.1,138.6,0
OK,341530,Shock,BARE,,798.0,800.0,11.0,787.0,978.0,978.0,127.0,2.082,378.0,0.0,0
OK,1331803R,Complete Strut,FCS,,66.0,0.0,4.0,62.0,73.0,73.0,10.0,0.164,378.2,0.0,11
OK,331672L,Strut,BARE,,32.0,0.0,1.0,31.0,20.0,20.0,5.0,0.082,378.2,134.2,0
OK,86165,Lift Support,CLIFT SUPPORT,,217.0,0.0,0.0,217.0,175.0,175.0,35.0,0.574,378.2,73.2,0
OK,333725L,Strut,BARE,,32.0,0.0,1.0,31.0,26.0,26.0,5.0,0.082,378.2,61.0,0
OK,342548,Shock,BARE,,95.0,0.0,2.0,93.0,127.0,127.0,15.0,0.246,378.2,0.0,34
OK,HS005,Susp. Ride Sensor,Air Suspension,,31.0,0.0,0.0,31.0,15.0,15.0,5.0,0.082,378.2,195.2,0
OK,1333711R,Complete Strut,FCS,,189.0,56.0,3.0,186.0,227.0,227.0,30.0,0.492,378.2,0.0,0
OK,1333476L,Complete Strut,FCS,,314.0,0.0,10.0,304.0,359.0,359.0,49.0,0.803,378.4,0.0,55
OK,84074,Lift Support,CLIFT SUPPORT,,87.0,0.0,0.0,87.0,86.0,86.0,14.0,0.23,379.1,4.4,0
OK,345831,Strut,BARE,,173.0,0.0,5.0,168.0,98.0,98.0,27.0,0.443,379.6,158.1,0
OK,1337020R,Complete Strut,FCS,,171.0,0.0,3.0,168.0,161.0,161.0,27.0,0.443,379.6,15.8,0
OK,1334597L,Complete Strut,FCS,,58.0,0.0,2.0,56.0,0.0,0.0,9.0,0.148,379.6,335.6,0
OK,1345935,Complete Strut,FCS,,197.0,0.0,4.0,193.0,175.0,175.0,31.0,0.508,379.8,35.4,0
OK,3333447R,Complete Strut,FCS,,706.0,168.0,21.0,685.0,601.0,601.0,110.0,1.803,379.9,46.6,0
OK,1332320,Complete Strut,FCS,,339.0,9.0,15.0,324.0,337.0,337.0,52.0,0.852,380.1,0.0,4
OK,1332301,Complete Strut,FCS,,374.0,80.0,12.0,362.0,309.0,309.0,58.0,0.951,380.7,55.7,0
OK,2332304L,Complete Strut,FCS,,309.0,0.0,3.0,306.0,293.0,293.0,49.0,0.803,380.9,16.2,0
OK,1331745R,Complete Strut,FCS,,50.0,0.0,0.0,50.0,46.0,46.0,8.0,0.131,381.2,30.5,0
OK,1333414L,Complete Strut,FCS,,31.0,0.0,6.0,25.0,35.0,35.0,4.0,0.066,381.2,0.0,10
OK,335850,Strut,BARE,,27.0,0.0,2.0,25.0,23.0,23.0,4.0,0.066,381.2,30.5,0
OK,86614,Lift Support,CLIFT SUPPORT,,27.0,0.0,2.0,25.0,24.0,24.0,4.0,0.066,381.2,15.2,0
OK,3333514L,Complete Strut,FCS,,80.0,24.0,5.0,75.0,86.0,86.0,12.0,0.197,381.2,0.0,0
OK,345905L,Strut,BARE,,25.0,42.0,0.0,25.0,26.0,26.0,4.0,0.066,381.2,0.0,0
OK,346370,Shock,BARE,,407.0,0.0,7.0,400.0,560.0,560.0,64.0,1.049,381.2,0.0,160
OK,87026,LIFT SUPPORT,CLIFT SUPPORT,,32.0,0.0,7.0,25.0,77.0,77.0,4.0,0.066,381.2,0.0,52
OK,SC00016,Complete Strut,FCS,,124.0,0.0,5.0,119.0,188.0,188.0,19.0,0.311,382.1,0.0,69
OK,1335883R,Complete Strut,FCS,,191.0,0.0,9.0,182.0,187.0,187.0,29.0,0.475,382.8,0.0,5
OK,333823R,Strut,BARE,,119.0,0.0,6.0,113.0,141.0,141.0,18.0,0.295,382.9,0.0,28
OK,345429,Strut,BARE,,46.0,0.0,2.0,44.0,22.0,22.0,7.0,0.115,383.4,191.7,0
OK,84756,Lift Support,CLIFT SUPPORT,,46.0,0.0,2.0,44.0,34.0,34.0,7.0,0.115,383.4,87.1,0
OK,84856,Lift Support,CLIFT SUPPORT,,93.0,0.0,5.0,88.0,76.0,76.0,14.0,0.23,383.4,52.3,0
OK,1331671L,Complete Strut,FCS,,88.0,0.0,0.0,88.0,52.0,52.0,14.0,0.23,383.4,156.9,0
OK,346716,Shock,BARE,,92.0,48.0,4.0,88.0,99.0,99.0,14.0,0.23,383.4,0.0,0
OK,341583,Shock,BARE,,623.0,0.0,13.0,610.0,747.0,747.0,97.0,1.59,383.6,0.0,137
OK,1333296L,Complete Strut,FCS,,264.0,157.0,12.0,252.0,290.0,290.0,40.0,0.656,384.3,0.0,0
OK,345709,Strut,BARE,,63.0,0.0,0.0,63.0,24.0,24.0,10.0,0.164,384.3,237.9,0
OK,1333560R,Complete Strut,FCS,,69.0,0.0,6.0,63.0,104.0,104.0,10.0,0.164,384.3,0.0,41
OK,1333866L,Complete Strut,FCS,,110.0,0.0,9.0,101.0,129.0,129.0,16.0,0.262,385.1,0.0,28
OK,341511,Shock,BARE,,2941.0,1320.0,69.0,2872.0,3093.0,3093.0,454.0,7.443,385.9,0.0,0
OK,2333505L,Complete Strut,FCS,,383.0,104.0,16.0,367.0,424.0,424.0,58.0,0.951,386.0,0.0,0
OK,5335543R,Complete Strut,FCS,,40.0,0.0,2.0,38.0,15.0,15.0,6.0,0.098,386.3,233.8,0
OK,331698,Strut,BARE,,87.0,11.0,11.0,76.0,135.0,135.0,12.0,0.197,386.3,0.0,48
OK,331830R,Strut,BARE,,19.0,0.0,0.0,19.0,15.0,15.0,3.0,0.049,386.3,81.3,0
OK,341562,Shock,BARE,,40.0,50.0,2.0,38.0,49.0,49.0,6.0,0.098,386.3,0.0,0
OK,346087,Shock,BARE,,82.0,0.0,6.0,76.0,108.0,108.0,12.0,0.197,386.3,0.0,32
OK,84859,Lift Support,CLIFT SUPPORT,,19.0,0.0,0.0,19.0,7.0,7.0,3.0,0.049,386.3,244.0,0
OK,86421,Lift Support,CLIFT SUPPORT,,38.0,0.0,0.0,38.0,18.0,18.0,6.0,0.098,386.3,203.3,0
OK,335946,Strut,BARE,,40.0,0.0,2.0,38.0,34.0,34.0,6.0,0.098,386.3,40.7,0
OK,345421,Strut,BARE,,19.0,0.0,0.0,19.0,29.0,29.0,3.0,0.049,386.3,0.0,10
OK,F344353,Heavy Duty Shock Absorber,HBare,,76.0,0.0,0.0,76.0,59.0,59.0,12.0,0.197,386.3,86.4,0
OK,93004,Air Strut,Air Suspension,,19.0,0.0,0.0,19.0,9.0,9.0,3.0,0.049,386.3,203.3,0
OK,HS013,Susp. Ride Sensor,Air Suspension,,19.0,0.0,0.0,19.0,8.0,8.0,3.0,0.049,386.3,223.7,0
OK,348071,Shock,BARE,,38.0,0.0,0.0,38.0,0.0,0.0,6.0,0.098,386.3,342.3,0
OK,DT348081,Shock,BARE,,38.0,0.0,0.0,38.0,0.0,0.0,6.0,0.098,386.3,342.3,0
OK,1333714L,Complete Strut,FCS,,217.0,47.0,20.0,197.0,212.0,212.0,31.0,0.508,387.6,0.0,0
OK,86258,Lift Support,CLIFT SUPPORT,,91.0,0.0,2.0,89.0,106.0,106.0,14.0,0.23,387.8,0.0,17
OK,86692,LIFT SUPPORT,CLIFT SUPPORT,,89.0,0.0,0.0,89.0,68.0,68.0,14.0,0.23,387.8,91.5,0
OK,333476L,Strut,BARE,,230.0,0.0,1.0,229.0,285.0,285.0,36.0,0.59,388.0,0.0,56
OK,345774R,Strut,BARE,,72.0,0.0,2.0,70.0,83.0,83.0,11.0,0.18,388.2,0.0,13
OK,84294,Lift Support,CLIFT SUPPORT,,140.0,0.0,0.0,140.0,128.0,128.0,22.0,0.361,388.2,33.3,0
OK,86598,Lift Support,CLIFT SUPPORT,,141.0,0.0,1.0,140.0,100.0,100.0,22.0,0.361,388.2,110.9,0
OK,333454L,Strut,BARE,,153.0,42.0,0.0,153.0,167.0,167.0,24.0,0.393,388.9,0.0,0
OK,331664L,Strut,BARE,,56.0,0.0,5.0,51.0,59.0,59.0,8.0,0.131,388.9,0.0,8
OK,341984,Shock,BARE,,51.0,0.0,0.0,51.0,30.0,30.0,8.0,0.131,388.9,160.1,0
OK,346214,Shock,BARE,,689.0,0.0,32.0,657.0,501.0,501.0,103.0,1.689,389.1,92.4,0
OK,99040,Air Strut,Air Suspension,,69.0,0.0,5.0,64.0,45.0,45.0,10.0,0.164,390.4,115.9,0
OK,333748L,Strut,BARE,,33.0,0.0,1.0,32.0,26.0,26.0,5.0,0.082,390.4,73.2,0
OK,86634,Lift Support,CLIFT SUPPORT,,104.0,0.0,8.0,96.0,65.0,65.0,15.0,0.246,390.4,126.1,0
OK,355078R,Strut,BARE,,33.0,0.0,1.0,32.0,29.0,29.0,5.0,0.082,390.4,36.6,0
OK,334016R,Strut,BARE,,67.0,0.0,3.0,64.0,60.0,60.0,10.0,0.164,390.4,24.4,0
OK,334225R,Strut,BARE,,33.0,48.0,1.0,32.0,27.0,27.0,5.0,0.082,390.4,61.0,0
OK,334138L,Strut,BARE,,80.0,0.0,3.0,77.0,58.0,58.0,12.0,0.197,391.4,96.6,0
OK,1346752,Complete Strut,FCS,,83.0,0.0,6.0,77.0,45.0,45.0,12.0,0.197,391.4,162.7,0
OK,1333817L,Complete Strut,FCS,,47.0,0.0,2.0,45.0,17.0,17.0,7.0,0.115,392.1,244.0,0
OK,1336303,Complete Strut,FCS,,786.0,361.0,14.0,772.0,664.0,664.0,120.0,1.967,392.4,54.9,0
OK,1331803L,Complete Strut,FCS,,62.0,1.0,4.0,58.0,63.0,63.0,9.0,0.148,393.1,0.0,4
OK,1332311R,Complete Strut,FCS,,58.0,0.0,0.0,58.0,72.0,72.0,9.0,0.148,393.1,0.0,14
OK,355046,Strut,BARE,,60.0,0.0,2.0,58.0,34.0,34.0,9.0,0.148,393.1,162.7,0
OK,332311,Strut,BARE,,160.0,0.0,18.0,142.0,178.0,178.0,22.0,0.361,393.7,0.0,36
OK,333832L,Strut,BARE,,72.0,0.0,1.0,71.0,49.0,49.0,11.0,0.18,393.7,122.0,0
OK,334069R,Strut,BARE,,75.0,0.0,4.0,71.0,77.0,77.0,11.0,0.18,393.7,0.0,6
OK,347486,Shock,BARE,,291.0,0.0,7.0,284.0,96.0,96.0,44.0,0.721,393.7,260.6,0
OK,1333505L,Complete Strut,FCS,,598.0,0.0,17.0,581.0,531.0,531.0,90.0,1.475,393.8,33.9,0
OK,86222R,Lift Support,CLIFT SUPPORT,,85.0,0.0,1.0,84.0,82.0,82.0,13.0,0.213,394.2,9.4,0
OK,333844L,Strut,BARE,,123.0,0.0,0.0,123.0,121.0,121.0,19.0,0.311,394.9,6.4,0
OK,84576,Lift Support,CLIFT SUPPORT,,315.0,0.0,4.0,311.0,379.0,379.0,48.0,0.787,395.2,0.0,68
OK,1331755R,Complete Strut,FCS,,53.0,0.0,1.0,52.0,33.0,33.0,8.0,0.131,396.5,144.9,0
OK,333494L,Strut,BARE,,54.0,0.0,2.0,52.0,62.0,62.0,8.0,0.131,396.5,0.0,10
OK,335564R,Strut,BARE,,26.0,16.0,0.0,26.0,16.0,16.0,4.0,0.066,396.5,152.5,0
OK,341520,Shock,BARE,,739.0,100.0,37.0,702.0,890.0,890.0,108.0,1.77,396.5,0.0,88
OK,84034,Lift Support,CLIFT SUPPORT,,40.0,0.0,1.0,39.0,32.0,32.0,6.0,0.098,396.5,71.2,0
OK,84359,Lift Support,CLIFT SUPPORT,,41.0,0.0,2.0,39.0,28.0,28.0,6.0,0.098,396.5,111.8,0
OK,86377,Lift Support,CLIFT SUPPORT,,85.0,0.0,7.0,78.0,48.0,48.0,12.0,0.197,396.5,152.5,0
OK,86562,Lift Support,CLIFT SUPPORT,,27.0,0.0,1.0,26.0,17.0,17.0,4.0,0.066,396.5,137.2,0
OK,86606,Lift Support,CLIFT SUPPORT,,26.0,0.0,0.0,26.0,16.0,16.0,4.0,0.066,396.5,152.5,0
OK,86632,Lift Support,CLIFT SUPPORT,,13.0,0.0,0.0,13.0,9.0,9.0,2.0,0.033,396.5,122.0,0
OK,1332325L,Complete Strut,FCS,,26.0,0.0,0.0,26.0,25.0,25.0,4.0,0.066,396.5,15.2,0
OK,1345436,Complete Strut,FCS,,39.0,0.0,0.0,39.0,18.0,18.0,6.0,0.098,396.5,213.5,0
OK,346326,Strut,BARE,,13.0,0.0,0.0,13.0,3.0,3.0,2.0,0.033,396.5,305.0,0
OK,99046,Electronic Air Strut,Air Suspension,,15.0,0.0,2.0,13.0,14.0,14.0,2.0,0.033,396.5,0.0,1
OK,345905R,Strut,BARE,,26.0,42.0,0.0,26.0,28.0,28.0,4.0,0.066,396.5,0.0,0
OK,86008,LIFT SUPPORT,CLIFT SUPPORT,,26.0,0.0,0.0,26.0,24.0,24.0,4.0,0.066,396.5,30.5,0
OK,344314,Shock,BARE,,26.0,0.0,0.0,26.0,8.0,8.0,4.0,0.066,396.5,274.5,0
OK,1355057,Complete Strut,FCS,,199.0,0.0,4.0,195.0,225.0,225.0,30.0,0.492,396.5,0.0,30
OK,SC00032,Complete Strut,FCS,,88.0,0.0,10.0,78.0,83.0,83.0,12.0,0.197,396.5,0.0,5
OK,F347505,Heavy Duty Shock Absorber,HBare,,26.0,0.0,0.0,26.0,27.0,27.0,4.0,0.066,396.5,0.0,1
OK,345447,Strut,BARE,,282.0,0.0,2.0,280.0,302.0,302.0,43.0,0.705,397.2,0.0,22
OK,1337128L,Complete Strut,FCS,,445.0,0.0,15.0,430.0,426.0,426.0,66.0,1.082,397.4,3.7,0
OK,1335519L,Complete Strut,FCS,,209.0,0.0,7.0,202.0,186.0,186.0,31.0,0.508,397.5,31.5,0
OK,342561,Shock,BARE,,276.0,50.0,41.0,235.0,352.0,352.0,36.0,0.59,398.2,0.0,67
OK,333713L,Strut,BARE,,112.0,0.0,1.0,111.0,102.0,102.0,17.0,0.279,398.3,32.3,0
OK,84754,Lift Support,CLIFT SUPPORT,,98.0,0.0,0.0,98.0,77.0,77.0,15.0,0.246,398.5,85.4,0
OK,346532,Shock,BARE,,108.0,0.0,10.0,98.0,108.0,108.0,15.0,0.246,398.5,0.0,10
OK,84816,Lift Support,CLIFT SUPPORT,,88.0,0.0,3.0,85.0,63.0,63.0,13.0,0.213,398.8,103.2,0
OK,3333514R,Complete Strut,FCS,,79.0,0.0,7.0,72.0,81.0,81.0,11.0,0.18,399.3,0.0,9
OK,4345793R,Complete Strut,FCS,,76.0,0.0,4.0,72.0,109.0,109.0,11.0,0.18,399.3,0.0,37
OK,334309L,Strut,BARE,,72.0,0.0,0.0,72.0,43.0,43.0,11.0,0.18,399.3,160.8,0
OK,86376,Lift Support,CLIFT SUPPORT,,59.0,0.0,0.0,59.0,52.0,52.0,9.0,0.148,399.9,47.4,0
OK,86445,Lift Support,CLIFT SUPPORT,,59.0,0.0,0.0,59.0,43.0,43.0,9.0,0.148,399.9,108.4,0
OK,1333392L,Complete Strut,FCS,,113.0,0.0,8.0,105.0,89.0,89.0,16.0,0.262,400.3,61.0,0
OK,333443L,Strut,BARE,,110.0,0.0,5.0,105.0,95.0,95.0,16.0,0.262,400.3,38.1,0
OK,Q4019,Air Spring,Air Suspension,,155.0,0.0,4.0,151.0,124.0,124.0,23.0,0.377,400.5,71.6,0
OK,1333572L,Complete Strut,FCS,,250.0,0.0,7.0,243.0,224.0,224.0,37.0,0.607,400.6,31.3,0
OK,84365,Lift Support,CLIFT SUPPORT,,341.0,0.0,6.0,335.0,366.0,366.0,51.0,0.836,400.7,0.0,31
OK,2331659L,Complete Strut,FCS,,47.0,0.0,1.0,46.0,21.0,21.0,7.0,0.115,400.9,217.9,0
OK,1332330R,Complete Strut,FCS,,48.0,28.0,2.0,46.0,41.0,41.0,7.0,0.115,400.9,43.6,0
OK,1333459R,Complete Strut,FCS,,51.0,0.0,5.0,46.0,55.0,55.0,7.0,0.115,400.9,0.0,9
OK,HS011,Susp. Ride Sensor,Air Suspension,,50.0,0.0,4.0,46.0,53.0,53.0,7.0,0.115,400.9,0.0,7
OK,2333332R,Complete Strut,FCS,,224.0,0.0,7.0,217.0,240.0,240.0,33.0,0.541,401.1,0.0,23
OK,86797,Lift Support,CLIFT SUPPORT,,305.0,0.0,9.0,296.0,293.0,293.0,45.0,0.738,401.2,4.1,0
OK,2335582R,Complete Strut,FCS,,80.0,0.0,1.0,79.0,82.0,82.0,12.0,0.197,401.6,0.0,3
OK,1345689R,Complete Strut,FCS,,392.0,0.0,10.0,382.0,397.0,397.0,58.0,0.951,401.8,0.0,15
OK,1333713L,Complete Strut,FCS,,900.0,0.0,17.0,883.0,741.0,741.0,134.0,2.197,402.0,64.6,0
OK,342529,Shock,BARE,,806.0,130.0,34.0,772.0,922.0,922.0,117.0,1.918,402.5,0.0,20
OK,1336314,Complete Strut,FCS,,68.0,2.0,2.0,66.0,41.0,41.0,10.0,0.164,402.6,152.5,0
OK,2333412L,Complete Strut,FCS,,68.0,0.0,2.0,66.0,75.0,75.0,10.0,0.164,402.6,0.0,9
OK,1335542R,Complete Strut,FCS,,34.0,0.0,1.0,33.0,20.0,20.0,5.0,0.082,402.6,158.6,0
OK,345837,Strut,BARE,,135.0,0.0,3.0,132.0,147.0,147.0,20.0,0.328,402.6,0.0,15
OK,2331762L,Complete Strut,FCS,,33.0,0.0,0.0,33.0,18.0,18.0,5.0,0.082,402.6,183.0,0
OK,1333833L,Complete Strut,FCS,,165.0,0.0,13.0,152.0,204.0,204.0,23.0,0.377,403.1,0.0,52
OK,86213,Lift Support,CLIFT SUPPORT,,211.0,0.0,6.0,205.0,180.0,180.0,31.0,0.508,403.4,49.2,0
OK,347577,Shock,BARE,,143.0,0.0,4.0,139.0,109.0,109.0,21.0,0.344,403.8,87.1,0
OK,94008,Electronic Shock Assy,Air Suspension,,462.0,0.0,25.0,437.0,288.0,288.0,66.0,1.082,403.9,137.7,0
OK,1332321L,Complete Strut,FCS,,55.0,0.0,2.0,53.0,52.0,52.0,8.0,0.131,404.1,7.6,0
OK,84990,Lift Support,CLIFT SUPPORT,,53.0,0.0,0.0,53.0,16.0,16.0,8.0,0.131,404.1,282.1,0
OK,1345449R,Complete Strut,FCS,,55.0,0.0,2.0,53.0,69.0,69.0,8.0,0.131,404.1,0.0,16
OK,346017,Shock,BARE,,2198.0,1390.0,176.0,2022.0,2622.0,2622.0,305.0,5.0,404.4,0.0,0
OK,1333307R,Complete Strut,FCS,,135.0,32.0,9.0,126.0,152.0,152.0,19.0,0.311,404.5,0.0,0
OK,1345919,Complete Strut,FCS,,605.0,156.0,14.0,591.0,622.0,622.0,89.0,1.459,405.1,0.0,0
OK,1332329,Complete Strut,FCS,,113.0,25.0,0.0,113.0,96.0,96.0,17.0,0.279,405.5,61.0,0
OK,86308,Lift Support,CLIFT SUPPORT,,113.0,0.0,0.0,113.0,114.0,114.0,17.0,0.279,405.5,0.0,1
OK,333319R,Strut,BARE,,60.0,0.0,0.0,60.0,62.0,62.0,9.0,0.148,406.7,0.0,2
OK,84609,Lift Support,CLIFT SUPPORT,,20.0,0.0,0.0,20.0,18.0,18.0,3.0,0.049,406.7,40.7,0
OK,84965,Lift Support,CLIFT SUPPORT,,62.0,0.0,2.0,60.0,45.0,45.0,9.0,0.148,406.7,101.7,0
OK,86190,Lift Support,CLIFT SUPPORT,,80.0,0.0,0.0,80.0,44.0,44.0,12.0,0.197,406.7,183.0,0
OK,1333547R,Complete Strut,FCS,,25.0,0.0,5.0,20.0,28.0,28.0,3.0,0.049,406.7,0.0,8
OK,1333459L,Complete Strut,FCS,,65.0,0.0,5.0,60.0,54.0,54.0,9.0,0.148,406.7,40.7,0
OK,1355075R,Complete Strut,FCS,,138.0,0.0,18.0,120.0,111.0,111.0,18.0,0.295,406.7,30.5,0
OK,94088,Electronic Strut,Air Suspension,,20.0,6.0,0.0,20.0,10.0,10.0,3.0,0.049,406.7,203.3,0
OK,DT348088,Shock,BARE,,40.0,0.0,0.0,40.0,0.0,0.0,6.0,0.098,406.7,362.7,0
OK,342549,Shock,BARE,,768.0,420.0,32.0,736.0,949.0,949.0,110.0,1.803,408.1,0.0,0
OK,333821L,Strut,BARE,,87.0,0.0,0.0,87.0,64.0,64.0,13.0,0.213,408.2,107.9,0
OK,335831,Strut,BARE,,67.0,0.0,0.0,67.0,30.0,30.0,10.0,0.164,408.7,225.7,0
OK,347288,Shock,BARE,,69.0,0.0,2.0,67.0,51.0,51.0,10.0,0.164,408.7,97.6,0
OK,DT345939,Strut,BARE,,116.0,0.0,2.0,114.0,78.0,78.0,17.0,0.279,409.1,129.2,0
OK,346559,Shock,BARE,,1386.0,0.0,50.0,1336.0,1119.0,1119.0,199.0,3.262,409.5,66.5,0
OK,86295,Lift Support,CLIFT SUPPORT,,49.0,0.0,2.0,47.0,37.0,37.0,7.0,0.115,409.6,87.1,0
OK,1333582L,Complete Strut,FCS,,50.0,0.0,3.0,47.0,56.0,56.0,7.0,0.115,409.6,0.0,9
OK,86746,LIFT SUPPORT,CLIFT SUPPORT,,49.0,0.0,2.0,47.0,24.0,24.0,7.0,0.115,409.6,200.4,0
OK,86655,LIFT SUPPORT,CLIFT SUPPORT,,367.0,0.0,4.0,363.0,265.0,265.0,54.0,0.885,410.1,110.7,0
OK,86657,LIFT SUPPORT,CLIFT SUPPORT,,252.0,0.0,10.0,242.0,319.0,319.0,36.0,0.59,410.1,0.0,77
OK,341952,Shock,BARE,,1091.0,70.0,55.0,1036.0,1324.0,1324.0,154.0,2.525,410.4,0.0,218
OK,1345825L,Complete Strut,FCS,,78.0,0.0,4.0,74.0,94.0,94.0,11.0,0.18,410.4,0.0,20
OK,1333582R,Complete Strut,FCS,,81.0,0.0,7.0,74.0,56.0,56.0,11.0,0.18,410.4,99.8,0
OK,1333496L,Complete Strut,FCS,,255.0,2.0,6.0,249.0,205.0,205.0,37.0,0.607,410.5,72.5,0
OK,331595R,Strut,BARE,,224.0,0.0,15.0,209.0,216.0,216.0,31.0,0.508,411.3,0.0,7
OK,86242,Lift Support,CLIFT SUPPORT,,373.0,0.0,2.0,371.0,305.0,305.0,55.0,0.902,411.5,73.2,0
OK,331764R,Strut,BARE,,27.0,0.0,0.0,27.0,30.0,30.0,4.0,0.066,411.8,0.0,3
OK,342472,Shock,BARE,,1816.0,0.0,54.0,1762.0,1893.0,1893.0,261.0,4.279,411.8,0.0,131
OK,333813R,Strut,BARE,,27.0,0.0,0.0,27.0,14.0,14.0,4.0,0.066,411.8,198.2,0
OK,2333923R,Complete Strut,FCS,,28.0,0.0,1.0,27.0,25.0,25.0,4.0,0.066,411.8,30.5,0
OK,345794,Strut,BARE,,27.0,0.0,0.0,27.0,19.0,19.0,4.0,0.066,411.8,122.0,0
OK,F347295,Heavy Duty Shock Absorber,HBare,,54.0,0.0,0.0,54.0,12.0,12.0,8.0,0.131,411.8,320.2,0
OK,1345030R,Complete Strut,FCS,,28.0,0.0,1.0,27.0,26.0,26.0,4.0,0.066,411.8,15.2,0
OK,KY003,Air Compressor,Air Suspension,,54.0,0.0,0.0,54.0,32.0,32.0,8.0,0.131,411.8,167.8,0
OK,92007,Electronic Air Strut,Air Suspension,,28.0,0.0,1.0,27.0,23.0,23.0,4.0,0.066,411.8,61.0,0
OK,8341634,Complete Strut,FCS,,28.0,0.0,1.0,27.0,41.0,41.0,4.0,0.066,411.8,0.0,14
OK,346104,Shock,BARE,,946.0,0.0,26.0,920.0,1156.0,1156.0,136.0,2.23,412.6,0.0,236
OK,1332341R,Complete Strut,FCS,,90.0,22.0,2.0,88.0,66.0,66.0,13.0,0.213,412.9,103.2,0
OK,1333713R,Complete Strut,FCS,,888.0,80.0,21.0,867.0,756.0,756.0,128.0,2.098,413.2,52.9,0
OK,1331789L,Complete Strut,FCS,,403.0,7.0,10.0,393.0,424.0,424.0,58.0,0.951,413.3,0.0,24
OK,84649,Lift Support,CLIFT SUPPORT,,61.0,0.0,0.0,61.0,22.0,22.0,9.0,0.148,413.4,264.3,0
OK,84582,Lift Support,CLIFT SUPPORT,,461.0,0.0,20.0,441.0,538.0,538.0,65.0,1.066,413.9,0.0,97
OK,86264,Lift Support,CLIFT SUPPORT,,199.0,0.0,2.0,197.0,177.0,177.0,29.0,0.475,414.4,42.1,0
OK,86124,Lift Support,CLIFT SUPPORT,,406.0,0.0,5.0,401.0,425.0,425.0,59.0,0.967,414.6,0.0,24
OK,331770R,Strut,BARE,,34.0,0.0,0.0,34.0,42.0,42.0,5.0,0.082,414.8,0.0,8
OK,333290,Strut,BARE,,136.0,0.0,0.0,136.0,69.0,69.0,20.0,0.328,414.8,204.4,0
OK,84711,Lift Support,CLIFT SUPPORT,,68.0,0.0,0.0,68.0,16.0,16.0,10.0,0.164,414.8,317.2,0
OK,334086R,Strut,BARE,,34.0,0.0,0.0,34.0,29.0,29.0,5.0,0.082,414.8,61.0,0
OK,331911R,Strut,BARE,,41.0,0.0,0.0,41.0,16.0,16.0,6.0,0.098,416.8,254.2,0
OK,333564L,Strut,BARE,,131.0,0.0,1.0,130.0,124.0,124.0,19.0,0.311,417.4,19.3,0
OK,8346457,Complete Strut,FCS,,89.0,0.0,0.0,89.0,28.0,28.0,13.0,0.213,417.6,286.2,0
OK,331669R,Strut,BARE,,49.0,0.0,1.0,48.0,31.0,31.0,7.0,0.115,418.3,148.1,0
OK,335576,Strut,BARE,,344.0,141.0,8.0,336.0,553.0,553.0,49.0,0.803,418.3,0.0,76
OK,333468R,Strut,BARE,,98.0,0.0,2.0,96.0,102.0,102.0,14.0,0.23,418.3,0.0,6
OK,1333831L,Complete Strut,FCS,,53.0,0.0,5.0,48.0,68.0,68.0,7.0,0.115,418.3,0.0,20
OK,8346716,Complete Strut,FCS,,48.0,0.0,0.0,48.0,12.0,12.0,7.0,0.115,418.3,313.7,0
OK,3333447L,Complete Strut,FCS,,749.0,1.0,21.0,728.0,590.0,590.0,106.0,1.738,418.9,79.4,0
OK,331660R,Strut,BARE,,166.0,0.0,8.0,158.0,141.0,141.0,23.0,0.377,419.0,45.1,0
OK,1336305L,Complete Strut,FCS,,270.0,10.0,9.0,261.0,239.0,239.0,38.0,0.623,419.0,35.3,0
OK,86257,Lift Support,CLIFT SUPPORT,,213.0,0.0,0.0,213.0,228.0,228.0,31.0,0.508,419.1,0.0,15
OK,1355172L,Complete Strut,FCS,,90.0,0.0,35.0,55.0,136.0,136.0,8.0,0.131,419.4,0.0,81
OK,341599,Shock,BARE,,298.0,0.0,2.0,296.0,377.0,377.0,43.0,0.705,419.9,0.0,81
OK,345947,Strut,BARE,,75.0,0.0,6.0,69.0,65.0,65.0,10.0,0.164,420.9,24.4,0
OK,84364,Lift Support,CLIFT SUPPORT,,1516.0,0.0,31.0,1485.0,1174.0,1174.0,215.0,3.525,421.3,88.2,0
OK,333320L,Strut,BARE,,79.0,0.0,3.0,76.0,79.0,79.0,11.0,0.18,421.5,0.0,3
OK,2332357R,Complete Strut,FCS,,77.0,0.0,1.0,76.0,34.0,34.0,11.0,0.18,421.5,232.9,0
OK,1333496R,Complete Strut,FCS,,246.0,5.0,4.0,242.0,218.0,218.0,35.0,0.574,421.8,41.8,0
OK,1345766,Complete Strut,FCS,,265.0,0.0,2.0,263.0,330.0,330.0,38.0,0.623,422.2,0.0,67
OK,346855,Shock,BARE,,671.0,0.0,13.0,658.0,579.0,579.0,95.0,1.557,422.5,50.7,0
OK,84547,Lift Support,CLIFT SUPPORT,,390.0,0.0,2.0,388.0,324.0,324.0,56.0,0.918,422.6,69.7,0
OK,1333356L,Complete Strut,FCS,,535.0,140.0,22.0,513.0,656.0,656.0,74.0,1.213,422.9,0.0,3
OK,84699,Lift Support,CLIFT SUPPORT,,354.0,0.0,7.0,347.0,209.0,209.0,50.0,0.82,423.3,168.4,0
OK,1335632L,Complete Strut,FCS,,131.0,0.0,6.0,125.0,94.0,94.0,18.0,0.295,423.6,105.1,0
OK,333402L,Strut,BARE,,152.0,150.0,6.0,146.0,229.0,229.0,21.0,0.344,424.1,0.0,0
OK,1333386L,Complete Strut,FCS,,1053.0,17.0,30.0,1023.0,1024.0,1024.0,147.0,2.41,424.5,0.0,0
OK,1333372L,Complete Strut,FCS,,175.0,0.0,8.0,167.0,190.0,190.0,24.0,0.393,424.5,0.0,23
OK,1331688R,Complete Strut,FCS,,129.0,0.0,3.0,126.0,108.0,108.0,18.0,0.295,427.0,61.0,0
OK,1331909R,Complete Strut,FCS,,142.0,0.0,2.0,140.0,119.0,119.0,20.0,0.328,427.0,64.1,0
OK,1335543L,Complete Strut,FCS,,98.0,889.0,0.0,98.0,78.0,78.0,14.0,0.23,427.0,87.1,0
OK,1345458R,Complete Strut,FCS,,30.0,0.0,2.0,28.0,19.0,19.0,4.0,0.066,427.0,137.2,0
OK,2345764R,Complete Strut,FCS,,28.0,0.0,0.0,28.0,18.0,18.0,4.0,0.066,427.0,152.5,0
OK,331621R,Strut,BARE,,14.0,24.0,0.0,14.0,29.0,29.0,2.0,0.033,427.0,0.0,0
OK,331755L,Strut,BARE,,7.0,0.0,0.0,7.0,6.0,6.0,1.0,0.016,427.0,61.0,0
OK,331803L,Strut,BARE,,7.0,20.0,0.0,7.0,17.0,17.0,1.0,0.016,427.0,0.0,0
OK,331931,Strut,BARE,,74.0,0.0,4.0,70.0,41.0,41.0,10.0,0.164,427.0,176.9,0
OK,332322L,Strut,BARE,,8.0,20.0,1.0,7.0,14.0,14.0,1.0,0.016,427.0,0.0,0
OK,333452R,Strut,BARE,,72.0,0.0,2.0,70.0,89.0,89.0,10.0,0.164,427.0,0.0,19
OK,333470R,Strut,BARE,,64.0,0.0,1.0,63.0,76.0,76.0,9.0,0.148,427.0,0.0,13
OK,335521R,Strut,BARE,,21.0,0.0,0.0,21.0,19.0,19.0,3.0,0.049,427.0,40.7,0
OK,341561,Shock,BARE,,385.0,90.0,7.0,378.0,464.0,464.0,54.0,0.885,427.0,0.0,0
OK,84156R,Lift Support,CLIFT SUPPORT,,35.0,0.0,0.0,35.0,17.0,17.0,5.0,0.082,427.0,219.6,0
OK,86509R,Lift Support,CLIFT SUPPORT,,29.0,0.0,1.0,28.0,12.0,12.0,4.0,0.066,427.0,244.0,0
OK,1335519R,Complete Strut,FCS,,209.0,4.0,6.0,203.0,194.0,194.0,29.0,0.475,427.0,18.9,0
OK,335908R,Strut,BARE,,70.0,0.0,0.0,70.0,64.0,64.0,10.0,0.164,427.0,36.6,0
OK,1333557L,Complete Strut,FCS,,219.0,1.0,9.0,210.0,155.0,155.0,30.0,0.492,427.0,111.8,0
OK,1331651L,Complete Strut,FCS,,28.0,0.0,0.0,28.0,21.0,21.0,4.0,0.066,427.0,106.8,0
OK,345849,Strut,BARE,,14.0,0.0,0.0,14.0,12.0,12.0,2.0,0.033,427.0,61.0,0
OK,345677L,Strut,BARE,,21.0,0.0,0.0,21.0,7.0,7.0,3.0,0.049,427.0,284.7,0
OK,342869,Shock,BARE,,39.0,36.0,4.0,35.0,34.0,34.0,5.0,0.082,427.0,12.2,0
OK,345892,Strut,BARE,,35.0,0.0,0.0,35.0,14.0,14.0,5.0,0.082,427.0,256.2,0
OK,346415,Shock,BARE,,60.0,0.0,4.0,56.0,54.0,54.0,8.0,0.131,427.0,15.2,0
OK,335807R,Strut,BARE,,15.0,0.0,1.0,14.0,22.0,22.0,2.0,0.033,427.0,0.0,8
OK,86026,LIFT SUPPORT,CLIFT SUPPORT,,56.0,0.0,0.0,56.0,27.0,27.0,8.0,0.131,427.0,221.1,0
OK,331657R,Strut,BARE,,7.0,0.0,0.0,7.0,3.0,3.0,1.0,0.016,427.0,244.0,0
OK,333842L,Strut,BARE,,64.0,0.0,1.0,63.0,62.0,62.0,9.0,0.148,427.0,6.8,0
OK,1345971R,Complete Strut,FCS,,14.0,0.0,0.0,14.0,25.0,25.0,2.0,0.033,427.0,0.0,11
OK,1337019R,Complete Strut,FCS,,42.0,0.0,0.0,42.0,30.0,30.0,6.0,0.098,427.0,122.0,0
OK,1345407L,Complete Strut,FCS,,45.0,1.0,3.0,42.0,30.0,30.0,6.0,0.098,427.0,122.0,0
OK,Q4027,Air Spring,Air Suspension,,39.0,0.0,4.0,35.0,43.0,43.0,5.0,0.082,427.0,0.0,8
OK,1334305R,Complete Strut,FCS,,99.0,0.0,1.0,98.0,53.0,53.0,14.0,0.23,427.0,196.1,0
OK,347482,Shock,BARE,,14.0,0.0,0.0,14.0,14.0,14.0,2.0,0.033,427.0,0.0,0
OK,334442L,Strut,BARE,,15.0,138.0,1.0,14.0,63.0,63.0,2.0,0.033,427.0,0.0,0
OK,94087,Electronic Strut,Air Suspension,,21.0,5.0,0.0,21.0,11.0,11.0,3.0,0.049,427.0,203.3,0
OK,DT348089,Shock,BARE,,42.0,0.0,0.0,42.0,0.0,0.0,6.0,0.098,427.0,383.0,0
OK,DT348079,Shock,BARE,,42.0,0.0,0.0,42.0,0.0,0.0,6.0,0.098,427.0,383.0,0
OK,342465,Shock,BARE,,1482.0,0.0,57.0,1425.0,1526.0,1526.0,203.0,3.328,428.2,0.0,101
OK,342509,Shock,BARE,,372.0,70.0,28.0,344.0,438.0,438.0,49.0,0.803,428.2,0.0,24
OK,343309,Shock,BARE,,1120.0,0.0,39.0,1081.0,1116.0,1116.0,154.0,2.525,428.2,0.0,35
OK,1333307L,Complete Strut,FCS,,158.0,16.0,10.0,148.0,154.0,154.0,21.0,0.344,429.9,0.0,0
OK,87017,LIFT SUPPORT,CLIFT SUPPORT,,148.0,0.0,0.0,148.0,93.0,93.0,21.0,0.344,429.9,159.8,0
OK,84557,Lift Support,CLIFT SUPPORT,,580.0,0.0,2.0,578.0,445.0,445.0,82.0,1.344,430.0,98.9,0
OK,1335779R,Complete Strut,FCS,,129.0,10.0,2.0,127.0,81.0,81.0,18.0,0.295,430.4,155.9,0
OK,331622R,Strut,BARE,,128.0,40.0,1.0,127.0,171.0,171.0,18.0,0.295,430.4,0.0,4
OK,2333461L,Complete Strut,FCS,,121.0,0.0,1.0,120.0,92.0,92.0,17.0,0.279,430.6,100.5,0
OK,84329,Lift Support,CLIFT SUPPORT,,117.0,0.0,4.0,113.0,225.0,225.0,16.0,0.262,430.8,0.0,112
OK,342770,Shock,BARE,,6743.0,0.0,174.0,6569.0,5893.0,5893.0,930.0,15.246,430.9,44.3,0
OK,331149L,Strut,BARE,,106.0,0.0,0.0,106.0,84.0,84.0,15.0,0.246,431.1,89.5,0
OK,333292,Strut,BARE,,287.0,0.0,18.0,269.0,293.0,293.0,38.0,0.623,431.8,0.0,24
OK,86861,LIFT SUPPORT,CLIFT SUPPORT,,80.0,0.0,2.0,78.0,54.0,54.0,11.0,0.18,432.5,133.1,0
OK,334090R,Strut,BARE,,82.0,0.0,4.0,78.0,65.0,65.0,11.0,0.18,432.5,72.1,0
OK,2333444L,Complete Strut,FCS,,76.0,0.0,5.0,71.0,45.0,45.0,10.0,0.164,433.1,158.6,0
OK,86134,Lift Support,CLIFT SUPPORT,,71.0,0.0,0.0,71.0,35.0,35.0,10.0,0.164,433.1,219.6,0
OK,1335946R,Complete Strut,FCS,,208.0,0.0,9.0,199.0,179.0,179.0,28.0,0.459,433.5,43.6,0
OK,333823L,Strut,BARE,,122.0,0.0,1.0,121.0,129.0,129.0,17.0,0.279,434.2,0.0,8
OK,341519,Shock,BARE,,3153.0,12.0,46.0,3107.0,3219.0,3219.0,436.0,7.148,434.7,0.0,100
OK,346450,Shock,BARE,,373.0,60.0,9.0,364.0,336.0,336.0,51.0,0.836,435.4,33.5,0
OK,86228,Lift Support,CLIFT SUPPORT,,316.0,0.0,9.0,307.0,382.0,382.0,43.0,0.705,435.5,0.0,75
OK,346099,Shock,BARE,,463.0,0.0,6.0,457.0,367.0,367.0,64.0,1.049,435.6,85.8,0
OK,2345556,Complete Strut,FCS,,102.0,48.0,2.0,100.0,94.0,94.0,14.0,0.23,435.7,26.1,0
OK,331772L,Strut,BARE,,50.0,0.0,0.0,50.0,23.0,23.0,7.0,0.115,435.7,235.3,0
OK,84286,Lift Support,CLIFT SUPPORT,,591.0,0.0,4.0,587.0,376.0,376.0,82.0,1.344,436.7,157.0,0
OK,332328R,Strut,BARE,,44.0,48.0,1.0,43.0,56.0,56.0,6.0,0.098,437.2,0.0,0
OK,86840,LIFT SUPPORT,CLIFT SUPPORT,,45.0,0.0,2.0,43.0,18.0,18.0,6.0,0.098,437.2,254.2,0
OK,1345798R,Complete Strut,FCS,,36.0,0.0,0.0,36.0,16.0,16.0,5.0,0.082,439.2,244.0,0
OK,2345764L,Complete Strut,FCS,,36.0,0.0,0.0,36.0,16.0,16.0,5.0,0.082,439.2,244.0,0
OK,331696R,Strut,BARE,,37.0,0.0,1.0,36.0,15.0,15.0,5.0,0.082,439.2,256.2,0
OK,331766R,Strut,BARE,,36.0,0.0,0.0,36.0,6.0,6.0,5.0,0.082,439.2,366.0,0
OK,345760R,Strut,BARE,,37.0,0.0,1.0,36.0,15.0,15.0,5.0,0.082,439.2,256.2,0
OK,333549L,Strut,BARE,,36.0,0.0,0.0,36.0,13.0,13.0,5.0,0.082,439.2,280.6,0
OK,1331739R,Complete Strut,FCS,,41.0,0.0,5.0,36.0,29.0,29.0,5.0,0.082,439.2,85.4,0
OK,333945L,Strut,BARE,,37.0,0.0,1.0,36.0,8.0,8.0,5.0,0.082,439.2,341.6,0
OK,SC00025,Complete Strut,FCS,,36.0,0.0,0.0,36.0,40.0,40.0,5.0,0.082,439.2,0.0,4
OK,1334432R,Complete Strut,FCS,,39.0,0.0,3.0,36.0,42.0,42.0,5.0,0.082,439.2,0.0,6
OK,80056,Lift Support,CLIFT SUPPORT,,72.0,0.0,0.0,72.0,13.0,13.0,10.0,0.164,439.2,359.9,0
OK,1336342,Complete Strut,FCS,,357.0,50.0,11.0,346.0,128.0,128.0,48.0,0.787,439.7,277.0,0
OK,86767,Lift Support,CLIFT SUPPORT,,169.0,0.0,3.0,166.0,119.0,119.0,23.0,0.377,440.3,124.7,0
OK,345540,Strut,BARE,,130.0,0.0,0.0,130.0,133.0,133.0,18.0,0.295,440.6,0.0,3
OK,334079L,Strut,BARE,,65.0,0.0,0.0,65.0,41.0,41.0,9.0,0.148,440.6,162.7,0
OK,1333296R,Complete Strut,FCS,,328.0,80.0,10.0,318.0,297.0,297.0,44.0,0.721,440.9,29.1,0
OK,1345750,Complete Strut,FCS,,582.0,0.0,18.0,564.0,494.0,494.0,78.0,1.279,441.1,54.7,0
OK,1332353,Complete Strut,FCS,,188.0,32.0,7.0,181.0,117.0,117.0,25.0,0.41,441.6,156.2,0
OK,332340,Strut,BARE,,68.0,0.0,10.0,58.0,49.0,49.0,8.0,0.131,442.2,68.6,0
OK,333376L,Strut,BARE,,118.0,0.0,2.0,116.0,81.0,81.0,16.0,0.262,442.2,133.4,0
OK,335549,Strut,BARE,,29.0,46.0,0.0,29.0,39.0,39.0,4.0,0.066,442.2,0.0,0
OK,335632R,Strut,BARE,,29.0,0.0,0.0,29.0,22.0,22.0,4.0,0.066,442.2,106.8,0
OK,335827L,Strut,BARE,,29.0,0.0,0.0,29.0,21.0,21.0,4.0,0.066,442.2,122.0,0
OK,86609,Lift Support,CLIFT SUPPORT,,29.0,0.0,0.0,29.0,16.0,16.0,4.0,0.066,442.2,198.2,0
OK,86902,Lift Support,CLIFT SUPPORT,,31.0,0.0,2.0,29.0,12.0,12.0,4.0,0.066,442.2,259.2,0
OK,333560L,Strut,BARE,,32.0,0.0,3.0,29.0,35.0,35.0,4.0,0.066,442.2,0.0,6
OK,1335684L,Complete Strut,FCS,,29.0,0.0,0.0,29.0,17.0,17.0,4.0,0.066,442.2,183.0,0
OK,334056R,Strut,BARE,,30.0,0.0,1.0,29.0,10.0,10.0,4.0,0.066,442.2,289.8,0
OK,337234L,Strut,BARE,,59.0,0.0,1.0,58.0,59.0,59.0,8.0,0.131,442.2,0.0,1
OK,341634,Shock,BARE,,149.0,0.0,4.0,145.0,173.0,173.0,20.0,0.328,442.3,0.0,28
OK,1335946L,Complete Strut,FCS,,195.0,44.0,6.0,189.0,172.0,172.0,26.0,0.426,443.4,39.9,0
OK,1335778,Complete Strut,FCS,,363.0,81.0,14.0,349.0,332.0,332.0,48.0,0.787,443.5,21.6,0
OK,1331821,Complete Strut,FCS,,982.0,54.0,22.0,960.0,641.0,641.0,132.0,2.164,443.6,147.4,0
OK,1345397,Complete Strut,FCS,,51.0,0.0,0.0,51.0,39.0,39.0,7.0,0.115,444.4,104.6,0
OK,2331782R,Complete Strut,FCS,,110.0,0.0,8.0,102.0,99.0,99.0,14.0,0.23,444.4,13.1,0
OK,331748R,Strut,BARE,,54.0,0.0,3.0,51.0,43.0,43.0,7.0,0.115,444.4,69.7,0
OK,86337,Lift Support,CLIFT SUPPORT,,51.0,0.0,0.0,51.0,10.0,10.0,7.0,0.115,444.4,357.3,0
OK,333568R,Strut,BARE,,52.0,0.0,1.0,51.0,32.0,32.0,7.0,0.115,444.4,165.6,0
OK,331664R,Strut,BARE,,52.0,0.0,1.0,51.0,56.0,56.0,7.0,0.115,444.4,0.0,5
OK,86675,Lift Support,CLIFT SUPPORT,,51.0,0.0,0.0,51.0,45.0,45.0,7.0,0.115,444.4,52.3,0
OK,346129,Shock,BARE,,128.0,0.0,4.0,124.0,184.0,184.0,17.0,0.279,444.9,0.0,60
OK,84219,Lift Support,CLIFT SUPPORT,,197.0,0.0,0.0,197.0,107.0,107.0,27.0,0.443,445.1,203.3,0
OK,331901L,Strut,BARE,,73.0,0.0,0.0,73.0,63.0,63.0,10.0,0.164,445.3,61.0,0
OK,2331613R,Complete Strut,FCS,,238.0,0.0,11.0,227.0,262.0,262.0,31.0,0.508,446.7,0.0,35
OK,331616L,Strut,BARE,,22.0,0.0,0.0,22.0,13.0,13.0,3.0,0.049,447.3,183.0,0
OK,331746R,Strut,BARE,,22.0,0.0,0.0,22.0,8.0,8.0,3.0,0.049,447.3,284.7,0
OK,332353,Strut,BARE,,44.0,0.0,0.0,44.0,25.0,25.0,6.0,0.098,447.3,193.2,0
OK,84529,Lift Support,CLIFT SUPPORT,,112.0,0.0,2.0,110.0,78.0,78.0,15.0,0.246,447.3,130.1,0
OK,99061,Air Strut,Air Suspension,,47.0,0.0,3.0,44.0,37.0,37.0,6.0,0.098,447.3,71.2,0
OK,333313L,Strut,BARE,,107.0,0.0,4.0,103.0,103.0,103.0,14.0,0.23,448.8,0.0,0
OK,333313R,Strut,BARE,,122.0,0.0,4.0,118.0,105.0,105.0,16.0,0.262,449.9,49.6,0
OK,8348010,Complete Strut,FCS,,60.0,0.0,1.0,59.0,23.0,23.0,8.0,0.131,449.9,274.5,0
OK,336348,Strut,BARE,,349.0,0.0,2.0,347.0,296.0,296.0,47.0,0.77,450.4,66.2,0
OK,84100,Lift Support,CLIFT SUPPORT,,98.0,0.0,2.0,96.0,46.0,46.0,13.0,0.213,450.5,234.6,0
OK,331744L,Strut,BARE,,38.0,0.0,1.0,37.0,17.0,17.0,5.0,0.082,451.4,244.0,0
OK,345689,Strut,BARE,,111.0,0.0,0.0,111.0,101.0,101.0,15.0,0.246,451.4,40.7,0
OK,84781,Lift Support,CLIFT SUPPORT,,74.0,0.0,0.0,74.0,20.0,20.0,10.0,0.164,451.4,329.4,0
OK,84156L,Lift Support,CLIFT SUPPORT,,37.0,0.0,0.0,37.0,17.0,17.0,5.0,0.082,451.4,244.0,0
OK,346122,Shock,BARE,,37.0,0.0,0.0,37.0,29.0,29.0,5.0,0.082,451.4,97.6,0
OK,99068,Electronic Air Strut,Air Suspension,,39.0,0.0,2.0,37.0,25.0,25.0,5.0,0.082,451.4,146.4,0
OK,F344347,Heavy Duty Shock Absorber,HBare,,76.0,30.0,2.0,74.0,74.0,74.0,10.0,0.164,451.4,0.0,0
OK,331582L,Strut,BARE,,166.0,0.0,3.0,163.0,138.0,138.0,22.0,0.361,452.0,69.3,0
OK,335531L,Strut,BARE,,164.0,0.0,1.0,163.0,105.0,105.0,22.0,0.361,452.0,160.8,0
OK,1333332L,Complete Strut,FCS,,441.0,0.0,18.0,423.0,364.0,364.0,57.0,0.934,452.7,63.1,0
OK,86244,Lift Support,CLIFT SUPPORT,,141.0,0.0,0.0,141.0,76.0,76.0,19.0,0.311,452.7,208.7,0
OK,331630R,Strut,BARE,,52.0,0.0,0.0,52.0,60.0,60.0,7.0,0.115,453.1,0.0,8
OK,1333392R,Complete Strut,FCS,,125.0,0.0,6.0,119.0,97.0,97.0,16.0,0.262,453.7,83.9,0
OK,2333714L,Complete Strut,FCS,,747.0,80.0,25.0,722.0,604.0,604.0,97.0,1.59,454.0,74.2,0
OK,342537,Shock,BARE,,77.0,0.0,10.0,67.0,51.0,51.0,9.0,0.148,454.1,108.4,0
OK,86484,Lift Support,CLIFT SUPPORT,,67.0,0.0,0.0,67.0,42.0,42.0,9.0,0.148,454.1,169.4,0
OK,333961L,Strut,BARE,,69.0,0.0,2.0,67.0,43.0,43.0,9.0,0.148,454.1,162.7,0
OK,E89035R,Powered lift support,Power Lift,,67.0,0.0,0.0,67.0,5.0,5.0,9.0,0.148,454.1,420.2,0
OK,1331578R,Complete Strut,FCS,,83.0,0.0,1.0,82.0,34.0,34.0,11.0,0.18,454.7,266.2,0
OK,86137,Lift Support,CLIFT SUPPORT,,103.0,0.0,6.0,97.0,91.0,91.0,13.0,0.213,455.2,28.2,0
OK,1331647L,Complete Strut,FCS,,30.0,0.0,0.0,30.0,41.0,41.0,4.0,0.066,457.5,0.0,11
OK,1331745L,Complete Strut,FCS,,61.0,1.0,1.0,60.0,48.0,48.0,8.0,0.131,457.5,91.5,0
OK,331759L,Strut,BARE,,15.0,0.0,0.0,15.0,2.0,2.0,2.0,0.033,457.5,396.5,0
OK,341533,Shock,BARE,,92.0,0.0,2.0,90.0,69.0,69.0,12.0,0.197,457.5,106.8,0
OK,84515,Lift Support,CLIFT SUPPORT,,30.0,0.0,0.0,30.0,17.0,17.0,4.0,0.066,457.5,198.2,0
OK,84918,Lift Support,CLIFT SUPPORT,,46.0,0.0,1.0,45.0,22.0,22.0,6.0,0.098,457.5,233.8,0
OK,1335899R,Complete Strut,FCS,,30.0,0.0,0.0,30.0,32.0,32.0,4.0,0.066,457.5,0.0,2
OK,2333466L,Complete Strut,FCS,,129.0,0.0,9.0,120.0,100.0,100.0,16.0,0.262,457.5,76.2,0
OK,333749L,Strut,BARE,,45.0,0.0,0.0,45.0,27.0,27.0,6.0,0.098,457.5,183.0,0
OK,345938,Strut,BARE,,15.0,0.0,0.0,15.0,15.0,15.0,2.0,0.033,457.5,0.0,0
OK,333841R,Strut,BARE,,78.0,0.0,3.0,75.0,75.0,75.0,10.0,0.164,457.5,0.0,0
OK,335585R,Strut,BARE,,15.0,0.0,0.0,15.0,7.0,7.0,2.0,0.033,457.5,244.0,0
OK,DT346457,Shock,BARE,,30.0,0.0,0.0,30.0,12.0,12.0,4.0,0.066,457.5,274.5,0
OK,E89075R,Powered lift support,Power Lift,,45.0,0.0,0.0,45.0,3.0,3.0,6.0,0.098,457.5,427.0,0
OK,1334466R,Complete Strut,FCS,,831.0,0.0,42.0,789.0,535.0,535.0,105.0,1.721,458.4,147.6,0
OK,333426L,Strut,BARE,,68.0,20.0,0.0,68.0,53.0,53.0,9.0,0.148,460.9,101.7,0
OK,1345434,Complete Strut,FCS,,68.0,0.0,0.0,68.0,100.0,100.0,9.0,0.148,460.9,0.0,32
OK,346658,Shock,BARE,,112.0,0.0,6.0,106.0,154.0,154.0,14.0,0.23,461.9,0.0,48
OK,334317R,Strut,BARE,,53.0,0.0,0.0,53.0,43.0,43.0,7.0,0.115,461.9,87.1,0
OK,1331664R,Complete Strut,FCS,,597.0,0.0,13.0,584.0,433.0,433.0,77.0,1.262,462.6,119.6,0
OK,1331671R,Complete Strut,FCS,,129.0,0.0,0.0,129.0,46.0,46.0,17.0,0.279,462.9,297.8,0
OK,1333567R,Complete Strut,FCS,,176.0,0.0,9.0,167.0,185.0,185.0,22.0,0.361,463.0,0.0,18
OK,1331048R,Complete Strut,FCS,,40.0,12.0,2.0,38.0,18.0,18.0,5.0,0.082,463.6,244.0,0
OK,341612,Shock,BARE,,114.0,90.0,0.0,114.0,269.0,269.0,15.0,0.246,463.6,0.0,65
OK,84972,Lift Support,CLIFT SUPPORT,,41.0,0.0,3.0,38.0,34.0,34.0,5.0,0.082,463.6,48.8,0
OK,342468,Shock,BARE,,671.0,100.0,9.0,662.0,745.0,745.0,87.0,1.426,464.2,0.0,0
OK,2331821,Complete Strut,FCS,,992.0,38.0,25.0,967.0,653.0,653.0,127.0,2.082,464.5,150.8,0
OK,346213,Shock,BARE,,103.0,0.0,4.0,99.0,114.0,114.0,13.0,0.213,464.5,0.0,15
OK,2336306,Complete Strut,FCS,,61.0,0.0,0.0,61.0,35.0,35.0,8.0,0.131,465.1,198.2,0
OK,86528,Lift Support,CLIFT SUPPORT,,61.0,0.0,0.0,61.0,39.0,39.0,8.0,0.131,465.1,167.8,0
OK,2333466R,Complete Strut,FCS,,130.0,0.0,8.0,122.0,101.0,101.0,16.0,0.262,465.1,80.1,0
OK,334317L,Strut,BARE,,61.0,0.0,0.0,61.0,43.0,43.0,8.0,0.131,465.1,137.2,0
OK,1335556,Complete Strut,FCS,,107.0,20.0,0.0,107.0,88.0,88.0,14.0,0.23,466.2,82.8,0
OK,86649,Lift Support,CLIFT SUPPORT,,109.0,0.0,2.0,107.0,59.0,59.0,14.0,0.23,466.2,209.1,0
OK,1333701L,Complete Strut,FCS,,757.0,0.0,30.0,727.0,706.0,706.0,95.0,1.557,466.8,13.5,0
OK,342506,Shock,BARE,,758.0,200.0,15.0,743.0,980.0,980.0,97.0,1.59,467.2,0.0,37
OK,84366,Lift Support,CLIFT SUPPORT,,608.0,0.0,3.0,605.0,356.0,356.0,79.0,1.295,467.2,192.3,0
OK,1331089,Complete Strut,FCS,,239.0,2.0,9.0,230.0,211.0,211.0,30.0,0.492,467.7,38.6,0
OK,331616R,Strut,BARE,,23.0,0.0,0.0,23.0,14.0,14.0,3.0,0.049,467.7,183.0,0
OK,86681,Lift Support,CLIFT SUPPORT,,95.0,0.0,3.0,92.0,64.0,64.0,12.0,0.197,467.7,142.3,0
OK,337019R,Strut,BARE,,23.0,0.0,0.0,23.0,3.0,3.0,3.0,0.049,467.7,406.7,0
OK,337019L,Strut,BARE,,23.0,0.0,0.0,23.0,3.0,3.0,3.0,0.049,467.7,406.7,0
OK,341965,Shock,BARE,,23.0,0.0,0.0,23.0,52.0,52.0,3.0,0.049,467.7,0.0,29
OK,346654,Shock,BARE,,46.0,0.0,0.0,46.0,27.0,27.0,6.0,0.098,467.7,193.2,0
OK,KY010,Air Compressor,Air Suspension,,24.0,0.0,1.0,23.0,17.0,17.0,3.0,0.049,467.7,122.0,0
OK,346783,Shock,BARE,,25.0,0.0,2.0,23.0,26.0,26.0,3.0,0.049,467.7,0.0,3
OK,1334432L,Complete Strut,FCS,,48.0,0.0,2.0,46.0,36.0,36.0,6.0,0.098,467.7,101.7,0
OK,341606,Shock,BARE,,23.0,0.0,0.0,23.0,0.0,0.0,3.0,0.049,467.7,423.7,0
OK,1333356R,Complete Strut,FCS,,574.0,149.0,36.0,538.0,673.0,673.0,70.0,1.148,468.8,0.0,0
OK,1331608L,Complete Strut,FCS,,104.0,0.0,4.0,100.0,130.0,130.0,13.0,0.213,469.2,0.0,30
OK,8341980,Complete Strut,FCS,,106.0,0.0,6.0,100.0,101.0,101.0,13.0,0.213,469.2,0.0,1
OK,86117,Lift Support,CLIFT SUPPORT,,279.0,0.0,2.0,277.0,259.0,259.0,36.0,0.59,469.4,30.5,0
OK,1345960,Complete Strut,FCS,,732.0,0.0,16.0,716.0,415.0,415.0,93.0,1.525,469.6,197.4,0
OK,F347197,Heavy Duty Shock Absorber,HBare,,108.0,18.0,0.0,108.0,109.0,109.0,14.0,0.23,470.6,0.0,0
OK,DT355183,Strut,BARE,,54.0,0.0,0.0,54.0,25.0,25.0,7.0,0.115,470.6,252.7,0
OK,1335801L,Complete Strut,FCS,,123.0,18.0,7.0,116.0,104.0,104.0,15.0,0.246,471.7,48.8,0
OK,84451,Lift Support,CLIFT SUPPORT,,123.0,0.0,7.0,116.0,106.0,106.0,15.0,0.246,471.7,40.7,0
OK,3333392R,Complete Strut,FCS,,31.0,0.0,0.0,31.0,31.0,31.0,4.0,0.066,472.8,0.0,0
OK,86224,Lift Support,CLIFT SUPPORT,,62.0,0.0,0.0,62.0,30.0,30.0,8.0,0.131,472.8,244.0,0
OK,333560R,Strut,BARE,,33.0,38.0,2.0,31.0,35.0,35.0,4.0,0.066,472.8,0.0,0
OK,1333460R,Complete Strut,FCS,,32.0,0.0,1.0,31.0,17.0,17.0,4.0,0.066,472.8,213.5,0
OK,99041,Air Strut,Air Suspension,,31.0,0.0,0.0,31.0,26.0,26.0,4.0,0.066,472.8,76.2,0
OK,86870,LIFT SUPPORT,CLIFT SUPPORT,,62.0,0.0,0.0,62.0,28.0,28.0,8.0,0.131,472.8,259.2,0
OK,86231,LIFT SUPPORT,CLIFT SUPPORT,,33.0,0.0,2.0,31.0,14.0,14.0,4.0,0.066,472.8,259.2,0
OK,1345427,Complete Strut,FCS,,67.0,0.0,5.0,62.0,59.0,59.0,8.0,0.131,472.8,22.9,0
OK,334057L,Strut,BARE,,38.0,48.0,7.0,31.0,38.0,38.0,4.0,0.066,472.8,0.0,0
OK,341716,Shock,BARE,,138.0,0.0,6.0,132.0,108.0,108.0,17.0,0.279,473.6,86.1,0
OK,1334305L,Complete Strut,FCS,,102.0,0.0,1.0,101.0,47.0,47.0,13.0,0.213,473.9,253.4,0
OK,341568,Shock,BARE,,924.0,892.0,30.0,894.0,1337.0,1337.0,115.0,1.885,474.2,0.0,0
OK,2335543R,Complete Strut,FCS,,113.0,19.0,4.0,109.0,95.0,95.0,14.0,0.23,474.9,61.0,0
OK,86129,Lift Support,CLIFT SUPPORT,,109.0,0.0,0.0,109.0,96.0,96.0,14.0,0.23,474.9,56.6,0
OK,333832R,Strut,BARE,,78.0,0.0,0.0,78.0,47.0,47.0,10.0,0.164,475.8,189.1,0
OK,86267,Lift Support,CLIFT SUPPORT,,168.0,0.0,4.0,164.0,152.0,152.0,21.0,0.344,476.4,34.9,0
OK,1345681,Complete Strut,FCS,,127.0,0.0,2.0,125.0,147.0,147.0,16.0,0.262,476.6,0.0,22
OK,1333472,Complete Strut,FCS,,384.0,0.0,32.0,352.0,419.0,419.0,45.0,0.738,477.2,0.0,67
OK,1335801R,Complete Strut,FCS,,144.0,0.0,3.0,141.0,115.0,115.0,18.0,0.295,477.8,88.1,0
OK,336322L,Strut,BARE,,47.0,16.0,0.0,47.0,40.0,40.0,6.0,0.098,477.8,71.2,0
OK,84249,Lift Support,CLIFT SUPPORT,,329.0,0.0,0.0,329.0,211.0,211.0,42.0,0.689,477.8,171.4,0
OK,84799,Lift Support,CLIFT SUPPORT,,94.0,0.0,0.0,94.0,68.0,68.0,12.0,0.197,477.8,132.2,0
OK,SC00046,Complete Strut,FCS,,52.0,0.0,5.0,47.0,31.0,31.0,6.0,0.098,477.8,162.7,0
OK,86664,LIFT SUPPORT,CLIFT SUPPORT,,112.0,0.0,10.0,102.0,72.0,72.0,13.0,0.213,478.6,140.8,0
OK,1333491L,Complete Strut,FCS,,56.0,0.0,1.0,55.0,28.0,28.0,7.0,0.115,479.3,235.3,0
OK,1335543R,Complete Strut,FCS,,111.0,131.0,1.0,110.0,92.0,92.0,14.0,0.23,479.3,78.4,0
OK,92038,Electronic Air Strut,Air Suspension,,57.0,0.0,2.0,55.0,36.0,36.0,7.0,0.115,479.3,165.6,0
OK,336311L,Strut,BARE,,245.0,52.0,1.0,244.0,243.0,243.0,31.0,0.508,480.1,2.0,0
OK,1331782L,Complete Strut,FCS,,64.0,0.0,1.0,63.0,72.0,72.0,8.0,0.131,480.4,0.0,9
OK,1336323,Complete Strut,FCS,,384.0,94.0,6.0,378.0,207.0,207.0,48.0,0.787,480.4,217.3,0
OK,86199,Lift Support,CLIFT SUPPORT,,65.0,0.0,2.0,63.0,14.0,14.0,8.0,0.131,480.4,373.6,0
OK,346257,Shock,BARE,,138.0,0.0,4.0,134.0,135.0,135.0,17.0,0.279,480.8,0.0,1
OK,84457,Lift Support,CLIFT SUPPORT,,89.0,0.0,2.0,87.0,37.0,37.0,11.0,0.18,482.5,277.3,0
OK,331060L,Strut,BARE,,104.0,0.0,1.0,103.0,70.0,70.0,13.0,0.213,483.3,154.8,0
OK,1333363L,Complete Strut,FCS,,1209.0,104.0,20.0,1189.0,1169.0,1169.0,150.0,2.459,483.5,8.1,0
OK,345882,Strut,BARE,,121.0,0.0,10.0,111.0,89.0,89.0,14.0,0.23,483.6,95.9,0
OK,333524L,Strut,BARE,,148.0,0.0,5.0,143.0,146.0,146.0,18.0,0.295,484.6,0.0,3
OK,1345556,Complete Strut,FCS,,336.0,50.0,2.0,334.0,110.0,110.0,42.0,0.689,485.1,325.3,0
OK,1335908L,Complete Strut,FCS,,245.0,0.0,6.0,239.0,105.0,105.0,30.0,0.492,486.0,272.5,0
OK,1331578L,Complete Strut,FCS,,72.0,0.0,0.0,72.0,34.0,34.0,9.0,0.148,488.0,257.6,0
OK,1332354,Complete Strut,FCS,,152.0,22.0,0.0,152.0,40.0,40.0,19.0,0.311,488.0,359.6,0
OK,2331645R,Complete Strut,FCS,,32.0,0.0,0.0,32.0,24.0,24.0,4.0,0.066,488.0,122.0,0
OK,2331747R,Complete Strut,FCS,,8.0,0.0,0.0,8.0,14.0,14.0,1.0,0.016,488.0,0.0,6
OK,3333412L,Complete Strut,FCS,,50.0,0.0,2.0,48.0,27.0,27.0,6.0,0.098,488.0,213.5,0
OK,4333363L,Complete Strut,FCS,,32.0,0.0,0.0,32.0,26.0,26.0,4.0,0.066,488.0,91.5,0
OK,331149R,Strut,BARE,,89.0,0.0,1.0,88.0,81.0,81.0,11.0,0.18,488.0,38.8,0
OK,331759R,Strut,BARE,,16.0,0.0,0.0,16.0,2.0,2.0,2.0,0.033,488.0,427.0,0
OK,84192,Lift Support,CLIFT SUPPORT,,64.0,0.0,0.0,64.0,26.0,26.0,8.0,0.131,488.0,289.8,0
OK,333572R,Strut,BARE,,48.0,0.0,0.0,48.0,44.0,44.0,6.0,0.098,488.0,40.7,0
OK,333583L,Strut,BARE,,8.0,0.0,0.0,8.0,3.0,3.0,1.0,0.016,488.0,305.0,0
OK,347077,Shock,BARE,,48.0,0.0,0.0,48.0,41.0,41.0,6.0,0.098,488.0,71.2,0
OK,86779,LIFT SUPPORT,CLIFT SUPPORT,,72.0,0.0,0.0,72.0,72.0,72.0,9.0,0.148,488.0,0.0,0
OK,3336338,Complete Strut,FCS,,34.0,0.0,2.0,32.0,17.0,17.0,4.0,0.066,488.0,228.8,0
OK,F347344,Heavy Duty Shock Absorber,HBare,,66.0,0.0,2.0,64.0,137.0,137.0,8.0,0.131,488.0,0.0,73
OK,3333524R,Complete Strut,FCS,,33.0,0.0,1.0,32.0,27.0,27.0,4.0,0.066,488.0,76.2,0
OK,Q4040,Air Spring,Air Suspension,,8.0,0.0,0.0,8.0,6.0,6.0,1.0,0.016,488.0,122.0,0
OK,SC00006,Complete Strut,FCS,,8.0,0.0,0.0,8.0,31.0,31.0,1.0,0.016,488.0,0.0,23
OK,346744,Shock,BARE,,80.0,0.0,0.0,80.0,47.0,47.0,10.0,0.164,488.0,201.3,0
OK,SC00048,Complete Strut,FCS,,16.0,0.0,0.0,16.0,32.0,32.0,2.0,0.033,488.0,0.0,16
OK,1334597R,Complete Strut,FCS,,60.0,0.0,4.0,56.0,0.0,0.0,7.0,0.115,488.0,444.0,0
OK,336325,Strut,BARE,,139.0,48.0,2.0,137.0,150.0,150.0,17.0,0.279,491.6,0.0,0
OK,84578,Lift Support,CLIFT SUPPORT,,268.0,0.0,2.0,266.0,192.0,192.0,33.0,0.541,491.7,136.8,0
OK,84094,Lift Support,CLIFT SUPPORT,,113.0,0.0,0.0,113.0,73.0,73.0,14.0,0.23,492.4,174.3,0
OK,86665,LIFT SUPPORT,CLIFT SUPPORT,,113.0,0.0,0.0,113.0,99.0,99.0,14.0,0.23,492.4,61.0,0
OK,1335578,Complete Strut,FCS,,107.0,48.0,10.0,97.0,193.0,193.0,12.0,0.197,493.1,0.0,48
OK,348017,Shock,BARE,,89.0,0.0,0.0,89.0,48.0,48.0,11.0,0.18,493.5,227.4,0
OK,2333355L,Complete Strut,FCS,,87.0,0.0,6.0,81.0,52.0,52.0,10.0,0.164,494.1,176.9,0
OK,1345825R,Complete Strut,FCS,,76.0,0.0,3.0,73.0,86.0,86.0,9.0,0.148,494.8,0.0,13
OK,331633L,Strut,BARE,,65.0,0.0,0.0,65.0,48.0,48.0,8.0,0.131,495.6,129.6,0
OK,331633R,Strut,BARE,,65.0,0.0,0.0,65.0,37.0,37.0,8.0,0.131,495.6,213.5,0
OK,86648,Lift Support,CLIFT SUPPORT,,57.0,0.0,0.0,57.0,36.0,36.0,7.0,0.115,496.7,183.0,0
OK,86863,LIFT SUPPORT,CLIFT SUPPORT,,114.0,0.0,0.0,114.0,56.0,56.0,14.0,0.23,496.7,252.7,0
OK,346717,Shock,BARE,,174.0,0.0,3.0,171.0,186.0,186.0,21.0,0.344,496.7,0.0,15
OK,1355105,Complete Strut,FCS,,454.0,0.0,6.0,448.0,188.0,188.0,55.0,0.902,496.9,288.4,0
OK,86355,Lift Support,CLIFT SUPPORT,,106.0,0.0,0.0,106.0,110.0,110.0,13.0,0.213,497.4,0.0,4
OK,331584L,Strut,BARE,,98.0,0.0,0.0,98.0,78.0,78.0,12.0,0.197,498.2,101.7,0
OK,333332L,Strut,BARE,,98.0,0.0,0.0,98.0,89.0,89.0,12.0,0.197,498.2,45.8,0
OK,342511,Shock,BARE,,51.0,0.0,2.0,49.0,51.0,51.0,6.0,0.098,498.2,0.0,2
OK,342513,Shock,BARE,,51.0,0.0,2.0,49.0,31.0,31.0,6.0,0.098,498.2,183.0,0
OK,341579,Shock,BARE,,729.0,320.0,18.0,711.0,983.0,983.0,87.0,1.426,498.5,0.0,0
OK,1345709L,Complete Strut,FCS,,90.0,0.0,0.0,90.0,41.0,41.0,11.0,0.18,499.1,271.7,0
OK,346091,Shock,BARE,,227.0,20.0,6.0,221.0,224.0,224.0,27.0,0.443,499.3,0.0,0
OK,341586,Shock,BARE,,1057.0,0.0,17.0,1040.0,814.0,814.0,127.0,2.082,499.5,108.6,0
OK,1332366R,Complete Strut,FCS,,180.0,0.0,8.0,172.0,175.0,175.0,21.0,0.344,499.6,0.0,3
OK,1336332,Complete Strut,FCS,,225.0,2205.0,12.0,213.0,316.0,316.0,26.0,0.426,499.7,0.0,0
OK,1331588L,Complete Strut,FCS,,169.0,40.0,5.0,164.0,167.0,167.0,20.0,0.328,500.2,0.0,0
OK,331782R,Strut,BARE,,42.0,0.0,1.0,41.0,31.0,31.0,5.0,0.082,500.2,122.0,0
OK,84326,Lift Support,CLIFT SUPPORT,,209.0,0.0,4.0,205.0,148.0,148.0,25.0,0.41,500.2,139.1,0
OK,1332346R,Complete Strut,FCS,,42.0,0.0,1.0,41.0,27.0,27.0,5.0,0.082,500.2,170.8,0
OK,DT347610,Shock,BARE,,84.0,0.0,2.0,82.0,0.0,0.0,10.0,0.164,500.2,456.2,0
OK,346562,Shock,BARE,,682.0,0.0,25.0,657.0,726.0,726.0,80.0,1.311,501.0,0.0,69
OK,331520L,Strut,BARE,,116.0,22.0,1.0,115.0,147.0,147.0,14.0,0.23,501.1,0.0,10
OK,331622L,Strut,BARE,,116.0,40.0,1.0,115.0,154.0,154.0,14.0,0.23,501.1,0.0,0
OK,341554,Shock,BARE,,348.0,0.0,3.0,345.0,375.0,375.0,42.0,0.689,501.1,0.0,30
OK,84067,Lift Support,CLIFT SUPPORT,,121.0,0.0,6.0,115.0,106.0,106.0,14.0,0.23,501.1,39.2,0
OK,84874,Lift Support,CLIFT SUPPORT,,33.0,0.0,0.0,33.0,23.0,23.0,4.0,0.066,503.2,152.5,0
OK,86184,Lift Support,CLIFT SUPPORT,,103.0,0.0,4.0,99.0,60.0,60.0,12.0,0.197,503.2,198.2,0
OK,1333742R,Complete Strut,FCS,,559.0,0.0,6.0,553.0,402.0,402.0,67.0,1.098,503.5,137.5,0
OK,1332366L,Complete Strut,FCS,,166.0,1.0,9.0,157.0,165.0,165.0,19.0,0.311,504.1,0.0,7
OK,1355181,Complete Strut,FCS,,93.0,0.0,2.0,91.0,61.0,61.0,11.0,0.18,504.6,166.4,0
OK,1331796L,Complete Strut,FCS,,118.0,0.0,2.0,116.0,66.0,66.0,14.0,0.23,505.4,217.9,0
OK,333969R,Strut,BARE,,116.0,0.0,0.0,116.0,83.0,83.0,14.0,0.23,505.4,143.8,0
OK,DT346426,Shock,BARE,,219.0,0.0,3.0,216.0,177.0,177.0,26.0,0.426,506.8,91.5,0
OK,331668R,Strut,BARE,,26.0,0.0,1.0,25.0,25.0,25.0,3.0,0.049,508.3,0.0,0
OK,84401,Lift Support,CLIFT SUPPORT,,50.0,0.0,0.0,50.0,38.0,38.0,6.0,0.098,508.3,122.0,0
OK,346180L,Shock,BARE,,53.0,0.0,3.0,50.0,60.0,60.0,6.0,0.098,508.3,0.0,10
OK,86656,LIFT SUPPORT,CLIFT SUPPORT,,79.0,0.0,4.0,75.0,68.0,68.0,9.0,0.148,508.3,47.4,0
OK,1355050L,Complete Strut,FCS,,25.0,0.0,0.0,25.0,19.0,19.0,3.0,0.049,508.3,122.0,0
OK,92012,Electronic Air Strut,Air Suspension,,52.0,0.0,2.0,50.0,24.0,24.0,6.0,0.098,508.3,264.3,0
OK,1333861R,Complete Strut,FCS,,51.0,0.0,1.0,50.0,36.0,36.0,6.0,0.098,508.3,142.3,0
OK,80112,lift support,CLIFT SUPPORT,,50.0,0.0,0.0,50.0,35.0,35.0,6.0,0.098,508.3,152.5,0
OK,333987L,Strut,BARE,,119.0,0.0,2.0,117.0,105.0,105.0,14.0,0.23,509.8,52.3,0
OK,341585,Shock,BARE,,506.0,140.0,4.0,502.0,577.0,577.0,60.0,0.984,510.4,0.0,0
OK,345563,Strut,BARE,,164.0,0.0,5.0,159.0,197.0,197.0,19.0,0.311,510.5,0.0,38
OK,1337079L,Complete Strut,FCS,,405.0,0.0,20.0,385.0,430.0,430.0,46.0,0.754,510.5,0.0,45
OK,331700,Strut,BARE,,67.0,0.0,0.0,67.0,43.0,43.0,8.0,0.131,510.9,183.0,0
OK,84755,Lift Support,CLIFT SUPPORT,,69.0,0.0,2.0,67.0,30.0,30.0,8.0,0.131,510.9,282.1,0
OK,86116,Lift Support,CLIFT SUPPORT,,67.0,0.0,0.0,67.0,42.0,42.0,8.0,0.131,510.9,190.6,0
OK,84221L,Lift Support,CLIFT SUPPORT,,72.0,0.0,5.0,67.0,61.0,61.0,8.0,0.131,510.9,45.8,0
OK,86429,Lift Support,CLIFT SUPPORT,,178.0,0.0,2.0,176.0,136.0,136.0,21.0,0.344,511.2,116.2,0
OK,341524,Shock,BARE,,334.0,0.0,7.0,327.0,335.0,335.0,39.0,0.639,511.5,0.0,8
OK,336312,Strut,BARE,,260.0,0.0,0.0,260.0,196.0,196.0,31.0,0.508,511.6,125.9,0
OK,332343,Strut,BARE,,86.0,0.0,2.0,84.0,70.0,70.0,10.0,0.164,512.4,85.4,0
OK,345820R,Strut,BARE,,43.0,0.0,1.0,42.0,31.0,31.0,5.0,0.082,512.4,134.2,0
OK,333534L,Strut,BARE,,43.0,0.0,1.0,42.0,20.0,20.0,5.0,0.082,512.4,268.4,0
OK,95069,Passive Conv. Kit,Air Suspension,,44.0,0.0,2.0,42.0,25.0,25.0,5.0,0.082,512.4,207.4,0
OK,DT347611,Shock,BARE,,84.0,0.0,0.0,84.0,0.0,0.0,10.0,0.164,512.4,468.4,0
OK,348090,Shock,BARE,,84.0,0.0,0.0,84.0,0.0,0.0,10.0,0.164,512.4,468.4,0
OK,1345950,Complete Strut,FCS,,101.0,0.0,0.0,101.0,96.0,96.0,12.0,0.197,513.4,25.4,0
OK,2334053R,Complete Strut,FCS,,161.0,0.0,1.0,160.0,69.0,69.0,19.0,0.311,513.7,292.2,0
OK,1335835R,Complete Strut,FCS,,62.0,0.0,3.0,59.0,30.0,30.0,7.0,0.115,514.1,252.7,0
OK,333511R,Strut,BARE,,61.0,0.0,2.0,59.0,33.0,33.0,7.0,0.115,514.1,226.6,0
OK,2331839L,Complete Strut,FCS,,118.0,0.0,0.0,118.0,79.0,79.0,14.0,0.23,514.1,169.9,0
OK,345483,Strut,BARE,,76.0,0.0,0.0,76.0,31.0,31.0,9.0,0.148,515.1,305.0,0
OK,1333471L,Complete Strut,FCS,,114.0,0.0,4.0,110.0,83.0,83.0,13.0,0.213,516.2,126.7,0
OK,86303,Lift Support,CLIFT SUPPORT,,271.0,0.0,0.0,271.0,161.0,161.0,32.0,0.525,516.6,209.7,0
OK,1331605L,Complete Strut,FCS,,179.0,0.0,1.0,178.0,95.0,95.0,21.0,0.344,517.0,241.1,0
OK,342477,Shock,BARE,,182.0,0.0,4.0,178.0,150.0,150.0,21.0,0.344,517.0,81.3,0
OK,84428,Lift Support,CLIFT SUPPORT,,178.0,0.0,0.0,178.0,113.0,113.0,21.0,0.344,517.0,188.8,0
OK,1331688L,Complete Strut,FCS,,139.0,1.0,3.0,136.0,119.0,119.0,16.0,0.262,518.5,64.8,0
OK,1331755L,Complete Strut,FCS,,69.0,0.0,1.0,68.0,32.0,32.0,8.0,0.131,518.5,274.5,0
OK,345476,Strut,BARE,,51.0,54.0,0.0,51.0,52.0,52.0,6.0,0.098,518.5,0.0,0
OK,84058,Lift Support,CLIFT SUPPORT,,85.0,0.0,0.0,85.0,18.0,18.0,10.0,0.164,518.5,408.7,0
OK,84731,Lift Support,CLIFT SUPPORT,,88.0,0.0,3.0,85.0,65.0,65.0,10.0,0.164,518.5,122.0,0
OK,84841,Lift Support,CLIFT SUPPORT,,51.0,0.0,0.0,51.0,8.0,8.0,6.0,0.098,518.5,437.2,0
OK,86215,Lift Support,CLIFT SUPPORT,,34.0,0.0,0.0,34.0,7.0,7.0,4.0,0.066,518.5,411.8,0
OK,86366,Lift Support,CLIFT SUPPORT,,34.0,0.0,0.0,34.0,17.0,17.0,4.0,0.066,518.5,259.2,0
OK,86444,Lift Support,CLIFT SUPPORT,,86.0,0.0,1.0,85.0,70.0,70.0,10.0,0.164,518.5,91.5,0
OK,86610,Lift Support,CLIFT SUPPORT,,51.0,0.0,0.0,51.0,30.0,30.0,6.0,0.098,518.5,213.5,0
OK,86663,Lift Support,CLIFT SUPPORT,,102.0,0.0,0.0,102.0,57.0,57.0,12.0,0.197,518.5,228.8,0
OK,333592R,Strut,BARE,,17.0,0.0,0.0,17.0,8.0,8.0,2.0,0.033,518.5,274.5,0
OK,342544,Shock,BARE,,34.0,0.0,0.0,34.0,9.0,9.0,4.0,0.066,518.5,381.2,0
OK,334086L,Strut,BARE,,34.0,0.0,0.0,34.0,27.0,27.0,4.0,0.066,518.5,106.8,0
OK,80002,Lift Support,CLIFT SUPPORT,,175.0,0.0,5.0,170.0,108.0,108.0,20.0,0.328,518.5,189.1,0
OK,334330R,Strut,BARE,,35.0,0.0,1.0,34.0,20.0,20.0,4.0,0.066,518.5,213.5,0
OK,DT347612,Shock,BARE,,102.0,0.0,0.0,102.0,0.0,0.0,12.0,0.197,518.5,474.5,0
OK,DT347394,Shock,BARE,,102.0,0.0,0.0,102.0,0.0,0.0,12.0,0.197,518.5,474.5,0
OK,332360L,Strut,BARE,,201.0,0.0,5.0,196.0,162.0,162.0,23.0,0.377,519.8,90.2,0
OK,1331744R,Complete Strut,FCS,,151.0,0.0,6.0,145.0,166.0,166.0,17.0,0.279,520.3,0.0,21
OK,84290,Lift Support,CLIFT SUPPORT,,177.0,0.0,6.0,171.0,129.0,129.0,20.0,0.328,521.6,128.1,0
OK,1331765R,Complete Strut,FCS,,85.0,0.0,8.0,77.0,93.0,93.0,9.0,0.148,521.9,0.0,16
OK,2335850,Complete Strut,FCS,,83.0,3.0,6.0,77.0,103.0,103.0,9.0,0.148,521.9,0.0,23
OK,F347243,Heavy Duty Shock Absorber,HBare,,79.0,0.0,2.0,77.0,44.0,44.0,9.0,0.148,521.9,223.7,0
OK,346567,Shock,BARE,,60.0,0.0,0.0,60.0,72.0,72.0,7.0,0.115,522.9,0.0,12
OK,1331605R,Complete Strut,FCS,,174.0,0.0,2.0,172.0,104.0,104.0,20.0,0.328,524.6,207.4,0
OK,1345402,Complete Strut,FCS,,407.0,0.0,20.0,387.0,432.0,432.0,45.0,0.738,524.6,0.0,45
OK,86275,Lift Support,CLIFT SUPPORT,,45.0,0.0,2.0,43.0,30.0,30.0,5.0,0.082,524.6,158.6,0
OK,86678,Lift Support,CLIFT SUPPORT,,87.0,0.0,1.0,86.0,63.0,63.0,10.0,0.164,524.6,140.3,0
OK,337235L,Strut,BARE,,48.0,0.0,5.0,43.0,24.0,24.0,5.0,0.082,524.6,231.8,0
OK,1335876R,Complete Strut,FCS,,98.0,1.0,3.0,95.0,117.0,117.0,11.0,0.18,526.8,0.0,21
OK,3333489L,Complete Strut,FCS,,99.0,0.0,4.0,95.0,97.0,97.0,11.0,0.18,526.8,0.0,2
OK,84644,Lift Support,CLIFT SUPPORT,,123.0,0.0,2.0,121.0,63.0,63.0,14.0,0.23,527.2,252.7,0
OK,331847L,Strut,BARE,,26.0,0.0,0.0,26.0,23.0,23.0,3.0,0.049,528.7,61.0,0
OK,333376R,Strut,BARE,,159.0,0.0,3.0,156.0,86.0,86.0,18.0,0.295,528.7,237.2,0
OK,333491L,Strut,BARE,,29.0,0.0,3.0,26.0,24.0,24.0,3.0,0.049,528.7,40.7,0
OK,86645,Lift Support,CLIFT SUPPORT,,54.0,0.0,2.0,52.0,24.0,24.0,6.0,0.098,528.7,284.7,0
OK,334052L,Strut,BARE,,26.0,0.0,0.0,26.0,10.0,10.0,3.0,0.049,528.7,325.3,0
OK,8346113,Complete Strut,FCS,,27.0,0.0,1.0,26.0,17.0,17.0,3.0,0.049,528.7,183.0,0
OK,84676,Lift Support,CLIFT SUPPORT,,139.0,0.0,0.0,139.0,111.0,111.0,16.0,0.262,529.9,106.8,0
OK,1336326,Complete Strut,FCS,,1220.0,26.0,47.0,1173.0,861.0,861.0,135.0,2.213,530.0,141.0,0
OK,84631,Lift Support,CLIFT SUPPORT,,89.0,0.0,2.0,87.0,32.0,32.0,10.0,0.164,530.7,335.5,0
OK,86152,Lift Support,CLIFT SUPPORT,,220.0,0.0,2.0,218.0,178.0,178.0,25.0,0.41,531.9,97.6,0
OK,3333354L,Complete Strut,FCS,,198.0,0.0,6.0,192.0,112.0,112.0,22.0,0.361,532.4,221.8,0
OK,86297,Lift Support,CLIFT SUPPORT,,98.0,0.0,2.0,96.0,50.0,50.0,11.0,0.18,532.4,255.1,0
OK,84597,Lift Support,CLIFT SUPPORT,,133.0,0.0,2.0,131.0,77.0,77.0,15.0,0.246,532.7,219.6,0
OK,332304,Strut,BARE,,172.0,0.0,6.0,166.0,173.0,173.0,19.0,0.311,532.9,0.0,7
OK,1332336,Complete Strut,FCS,,35.0,0.0,0.0,35.0,15.0,15.0,4.0,0.066,533.8,305.0,0
OK,2333412R,Complete Strut,FCS,,73.0,0.0,3.0,70.0,76.0,76.0,8.0,0.131,533.8,0.0,6
OK,84193,Lift Support,CLIFT SUPPORT,,37.0,0.0,2.0,35.0,11.0,11.0,4.0,0.066,533.8,366.0,0
OK,84354,Lift Support,CLIFT SUPPORT,,37.0,0.0,2.0,35.0,24.0,24.0,4.0,0.066,533.8,167.8,0
OK,333549R,Strut,BARE,,35.0,0.0,0.0,35.0,21.0,21.0,4.0,0.066,533.8,213.5,0
OK,333567R,Strut,BARE,,36.0,0.0,1.0,35.0,7.0,7.0,4.0,0.066,533.8,427.0,0
OK,99051,Electronic Air Strut,Air Suspension,,35.0,0.0,0.0,35.0,16.0,16.0,4.0,0.066,533.8,289.8,0
OK,331640L,Strut,BARE,,81.0,0.0,2.0,79.0,74.0,74.0,9.0,0.148,535.4,33.9,0
OK,84679,Lift Support,CLIFT SUPPORT,,86.0,0.0,7.0,79.0,54.0,54.0,9.0,0.148,535.4,169.4,0
OK,1335906,Complete Strut,FCS,,513.0,108.0,39.0,474.0,550.0,550.0,54.0,0.885,535.4,0.0,0
OK,333415R,Strut,BARE,,79.0,0.0,0.0,79.0,81.0,81.0,9.0,0.148,535.4,0.0,2
OK,86107,Lift Support,CLIFT SUPPORT,,872.0,0.0,29.0,843.0,621.0,621.0,96.0,1.574,535.7,141.1,0
OK,84362L,Lift Support,CLIFT SUPPORT,,127.0,0.0,4.0,123.0,71.0,71.0,14.0,0.23,535.9,226.6,0
OK,1331621R,Complete Strut,FCS,,47.0,0.0,3.0,44.0,41.0,41.0,5.0,0.082,536.8,36.6,0
OK,2331664L,Complete Strut,FCS,,49.0,0.0,5.0,44.0,21.0,21.0,5.0,0.082,536.8,280.6,0
OK,87079,LIFT SUPPORT,CLIFT SUPPORT,,88.0,0.0,0.0,88.0,39.0,39.0,10.0,0.164,536.8,298.9,0
OK,84575,Lift Support,CLIFT SUPPORT,,141.0,0.0,0.0,141.0,79.0,79.0,16.0,0.262,537.6,236.4,0
OK,1336346,Complete Strut,FCS,,53.0,20.0,0.0,53.0,18.0,18.0,6.0,0.098,538.8,355.8,0
OK,3332304L,Complete Strut,FCS,,55.0,0.0,2.0,53.0,51.0,51.0,6.0,0.098,538.8,20.3,0
OK,86647,LIFT SUPPORT,CLIFT SUPPORT,,53.0,0.0,0.0,53.0,33.0,33.0,6.0,0.098,538.8,203.3,0
OK,334103R,Strut,BARE,,53.0,0.0,0.0,53.0,38.0,38.0,6.0,0.098,538.8,152.5,0
OK,334163L,Strut,BARE,,55.0,0.0,2.0,53.0,21.0,21.0,6.0,0.098,538.8,325.3,0
OK,1355159R,Complete Strut,FCS,,107.0,0.0,1.0,106.0,44.0,44.0,12.0,0.197,538.8,315.2,0
OK,332367R,Strut,BARE,,184.0,0.0,7.0,177.0,145.0,145.0,20.0,0.328,539.9,97.6,0
OK,331520R,Strut,BARE,,125.0,0.0,1.0,124.0,157.0,157.0,14.0,0.23,540.3,0.0,33
OK,341637,Shock,BARE,,63.0,0.0,1.0,62.0,48.0,48.0,7.0,0.115,540.3,122.0,0
OK,2345397,Complete Strut,FCS,,62.0,2.0,0.0,62.0,36.0,36.0,7.0,0.115,540.3,226.6,0
OK,89087R,Non-power side lift support,Power Lift,,62.0,0.0,0.0,62.0,2.0,2.0,7.0,0.115,540.3,522.9,0
OK,86378,Lift Support,CLIFT SUPPORT,,71.0,0.0,0.0,71.0,49.0,49.0,8.0,0.131,541.4,167.8,0
OK,1333922R,Complete Strut,FCS,,72.0,0.0,1.0,71.0,30.0,30.0,8.0,0.131,541.4,312.6,0
OK,2345969R,Complete Strut,FCS,,84.0,0.0,4.0,80.0,63.0,63.0,9.0,0.148,542.2,115.2,0
OK,86405,Lift Support,CLIFT SUPPORT,,190.0,0.0,3.0,187.0,0.0,0.0,21.0,0.344,543.2,499.2,0
OK,1333711L,Complete Strut,FCS,,211.0,48.0,6.0,205.0,188.0,188.0,23.0,0.377,543.7,45.1,0
OK,1331608R,Complete Strut,FCS,,118.0,0.0,11.0,107.0,122.0,122.0,12.0,0.197,543.9,0.0,15
OK,336311R,Strut,BARE,,238.0,60.0,5.0,233.0,251.0,251.0,26.0,0.426,546.7,0.0,0
OK,341642,Shock,BARE,,266.0,0.0,6.0,260.0,297.0,297.0,29.0,0.475,546.9,0.0,37
OK,1333378L,Complete Strut,FCS,,19.0,0.0,1.0,18.0,21.0,21.0,2.0,0.033,549.0,0.0,3
OK,331770L,Strut,BARE,,45.0,0.0,0.0,45.0,41.0,41.0,5.0,0.082,549.0,48.8,0
OK,331830L,Strut,BARE,,27.0,0.0,0.0,27.0,14.0,14.0,3.0,0.049,549.0,264.3,0
OK,331909R,Strut,BARE,,37.0,0.0,1.0,36.0,31.0,31.0,4.0,0.066,549.0,76.2,0
OK,345486,Strut,BARE,,90.0,0.0,0.0,90.0,109.0,109.0,10.0,0.164,549.0,0.0,19
OK,36C363,Cartridge,BARE,,54.0,0.0,0.0,54.0,7.0,7.0,6.0,0.098,549.0,477.8,0
OK,84152,Lift Support,CLIFT SUPPORT,,36.0,0.0,0.0,36.0,29.0,29.0,4.0,0.066,549.0,106.8,0
OK,86123,Lift Support,CLIFT SUPPORT,,126.0,0.0,0.0,126.0,106.0,106.0,14.0,0.23,549.0,87.1,0
OK,86307,Lift Support,CLIFT SUPPORT,,47.0,0.0,2.0,45.0,57.0,57.0,5.0,0.082,549.0,0.0,12
OK,1335542L,Complete Strut,FCS,,37.0,0.0,1.0,36.0,23.0,23.0,4.0,0.066,549.0,198.2,0
OK,333713R,Strut,BARE,,163.0,0.0,1.0,162.0,105.0,105.0,18.0,0.295,549.0,193.2,0
OK,1335557R,Complete Strut,FCS,,27.0,0.0,0.0,27.0,25.0,25.0,3.0,0.049,549.0,40.7,0
OK,345941,Strut,BARE,,56.0,0.0,2.0,54.0,41.0,41.0,6.0,0.098,549.0,132.2,0
OK,333944R,Strut,BARE,,63.0,0.0,0.0,63.0,42.0,42.0,7.0,0.115,549.0,183.0,0
OK,331657L,Strut,BARE,,9.0,0.0,0.0,9.0,5.0,5.0,1.0,0.016,549.0,244.0,0
OK,F347276,Heavy Duty Shock Absorber,HBare,,54.0,0.0,0.0,54.0,23.0,23.0,6.0,0.098,549.0,315.2,0
OK,DT346652,Shock,BARE,,54.0,0.0,0.0,54.0,45.0,45.0,6.0,0.098,549.0,91.5,0
OK,1355066R,Complete Strut,FCS,,27.0,0.0,0.0,27.0,17.0,17.0,3.0,0.049,549.0,203.3,0
OK,355078L,Strut,BARE,,37.0,0.0,1.0,36.0,29.0,29.0,4.0,0.066,549.0,106.8,0
OK,SC00033,Complete Strut,FCS,,45.0,0.0,0.0,45.0,42.0,42.0,5.0,0.082,549.0,36.6,0
OK,345751,Strut,BARE,,36.0,0.0,0.0,36.0,17.0,17.0,4.0,0.066,549.0,289.8,0
OK,337233,Strut,BARE,,90.0,0.0,0.0,90.0,33.0,33.0,10.0,0.164,549.0,347.7,0
OK,334565R,Strut,BARE,,28.0,32.0,1.0,27.0,0.0,0.0,3.0,0.049,549.0,505.0,0
OK,86019,Lift Support,CLIFT SUPPORT,,246.0,0.0,2.0,244.0,146.0,146.0,27.0,0.443,551.3,221.4,0
OK,345398,Strut,BARE,,151.0,0.0,6.0,145.0,110.0,110.0,16.0,0.262,552.8,133.4,0
OK,DT346207,Shock,BARE,,2719.0,0.0,91.0,2628.0,2482.0,2482.0,290.0,4.754,552.8,30.7,0
OK,333701R,Strut,BARE,,137.0,0.0,1.0,136.0,111.0,111.0,15.0,0.246,553.1,101.7,0
OK,345451,Strut,BARE,,265.0,0.0,2.0,263.0,243.0,243.0,29.0,0.475,553.2,42.1,0
OK,2331590R,Complete Strut,FCS,,97.0,0.0,6.0,91.0,109.0,109.0,10.0,0.164,555.1,0.0,18
OK,333987R,Strut,BARE,,92.0,28.0,1.0,91.0,111.0,111.0,10.0,0.164,555.1,0.0,0
OK,8341603,Complete Strut,FCS,,94.0,0.0,3.0,91.0,91.0,91.0,10.0,0.164,555.1,0.0,0
OK,333426R,Strut,BARE,,83.0,0.0,1.0,82.0,64.0,64.0,9.0,0.148,555.8,122.0,0
OK,331901R,Strut,BARE,,73.0,0.0,0.0,73.0,60.0,60.0,8.0,0.131,556.6,99.1,0
OK,84518,Lift Support,CLIFT SUPPORT,,73.0,0.0,0.0,73.0,9.0,9.0,8.0,0.131,556.6,488.0,0
OK,86434,Lift Support,CLIFT SUPPORT,,73.0,0.0,0.0,73.0,20.0,20.0,8.0,0.131,556.6,404.1,0
OK,1333453L,Complete Strut,FCS,,68.0,0.0,4.0,64.0,40.0,40.0,7.0,0.115,557.7,209.1,0
OK,333492L,Strut,BARE,,65.0,0.0,1.0,64.0,72.0,72.0,7.0,0.115,557.7,0.0,8
OK,1335527L,Complete Strut,FCS,,121.0,25.0,2.0,119.0,45.0,45.0,13.0,0.213,558.4,347.2,0
OK,86326,Lift Support,CLIFT SUPPORT,,55.0,0.0,0.0,55.0,20.0,20.0,6.0,0.098,559.2,355.8,0
OK,347290,Shock,BARE,,55.0,0.0,0.0,55.0,19.0,19.0,6.0,0.098,559.2,366.0,0
OK,346781,Shock,BARE,,55.0,0.0,0.0,55.0,25.0,25.0,6.0,0.098,559.2,305.0,0
OK,86168,Lift Support,CLIFT SUPPORT,,160.0,0.0,4.0,156.0,108.0,108.0,17.0,0.279,559.8,172.2,0
OK,2333414L,Complete Strut,FCS,,106.0,0.0,5.0,101.0,30.0,30.0,11.0,0.18,560.1,393.7,0
OK,84761,Lift Support,CLIFT SUPPORT,,103.0,0.0,2.0,101.0,56.0,56.0,11.0,0.18,560.1,249.5,0
OK,86156,Lift Support,CLIFT SUPPORT,,694.0,0.0,5.0,689.0,616.0,616.0,75.0,1.23,560.4,59.4,0
OK,1333714R,Complete Strut,FCS,,248.0,15.0,18.0,230.0,228.0,228.0,25.0,0.41,561.2,4.9,0
OK,1333450R,Complete Strut,FCS,,134.0,0.0,5.0,129.0,194.0,194.0,14.0,0.23,562.1,0.0,65
OK,345478,Strut,BARE,,83.0,0.0,0.0,83.0,17.0,17.0,9.0,0.148,562.6,447.3,0
OK,86232,LIFT SUPPORT,CLIFT SUPPORT,,83.0,0.0,0.0,83.0,40.0,40.0,9.0,0.148,562.6,291.4,0
OK,84536,Lift Support,CLIFT SUPPORT,,208.0,0.0,5.0,203.0,138.0,138.0,22.0,0.361,562.9,180.2,0
OK,8346452,Complete Strut,FCS,,351.0,0.0,9.0,342.0,102.0,102.0,37.0,0.607,563.8,395.7,0
OK,1331647R,Complete Strut,FCS,,37.0,0.0,0.0,37.0,39.0,39.0,4.0,0.066,564.2,0.0,2
OK,1333414R,Complete Strut,FCS,,43.0,0.0,6.0,37.0,34.0,34.0,4.0,0.066,564.2,45.8,0
OK,331668L,Strut,BARE,,38.0,0.0,1.0,37.0,21.0,21.0,4.0,0.066,564.2,244.0,0
OK,345687,Strut,BARE,,148.0,0.0,0.0,148.0,109.0,109.0,16.0,0.262,564.2,148.7,0
OK,86423,Lift Support,CLIFT SUPPORT,,39.0,0.0,2.0,37.0,27.0,27.0,4.0,0.066,564.2,152.5,0
OK,3335832R,Complete Strut,FCS,,82.0,0.0,8.0,74.0,31.0,31.0,8.0,0.131,564.2,327.9,0
OK,334422L,Strut,BARE,,39.0,0.0,2.0,37.0,31.0,31.0,4.0,0.066,564.2,91.5,0
OK,341641,Shock,BARE,,410.0,50.0,2.0,408.0,420.0,420.0,44.0,0.721,565.6,0.0,0
OK,2331659R,Complete Strut,FCS,,65.0,0.0,0.0,65.0,18.0,18.0,7.0,0.115,566.4,409.6,0
OK,333470L,Strut,BARE,,94.0,0.0,1.0,93.0,77.0,77.0,10.0,0.164,567.3,97.6,0
OK,92017,Electronic Air Strut,Air Suspension,,95.0,0.0,2.0,93.0,86.0,86.0,10.0,0.164,567.3,42.7,0
OK,84370,Lift Support,CLIFT SUPPORT,,534.0,0.0,31.0,503.0,352.0,352.0,54.0,0.885,568.2,170.6,0
OK,1335599L,Complete Strut,FCS,,61.0,0.0,5.0,56.0,46.0,46.0,6.0,0.098,569.3,101.7,0
OK,333464L,Strut,BARE,,28.0,0.0,0.0,28.0,11.0,11.0,3.0,0.049,569.3,345.7,0
OK,333818L,Strut,BARE,,56.0,0.0,0.0,56.0,54.0,54.0,6.0,0.098,569.3,20.3,0
OK,334460R,Strut,BARE,,84.0,0.0,0.0,84.0,75.0,75.0,9.0,0.148,569.3,61.0,0
OK,2345881,Complete Strut,FCS,,445.0,0.0,6.0,439.0,434.0,434.0,47.0,0.77,569.8,6.5,0
OK,2332350R,Complete Strut,FCS,,141.0,8.0,10.0,131.0,191.0,191.0,14.0,0.23,570.8,0.0,52
OK,86510,Lift Support,CLIFT SUPPORT,,122.0,0.0,0.0,122.0,51.0,51.0,13.0,0.213,572.5,333.2,0
OK,333564R,Strut,BARE,,123.0,80.0,1.0,122.0,134.0,134.0,13.0,0.213,572.5,0.0,0
OK,84758,Lift Support,CLIFT SUPPORT,,54.0,0.0,7.0,47.0,52.0,52.0,5.0,0.082,573.4,0.0,5
OK,84840,Lift Support,CLIFT SUPPORT,,47.0,0.0,0.0,47.0,15.0,15.0,5.0,0.082,573.4,390.4,0
OK,1332328R,Complete Strut,FCS,,95.0,33.0,1.0,94.0,98.0,98.0,10.0,0.164,573.4,0.0,0
OK,1333833R,Complete Strut,FCS,,200.0,0.0,12.0,188.0,187.0,187.0,20.0,0.328,573.4,3.1,0
OK,86549,Lift Support,CLIFT SUPPORT,,113.0,0.0,0.0,113.0,127.0,127.0,12.0,0.197,574.4,0.0,14
OK,1335908R,Complete Strut,FCS,,253.0,0.0,8.0,245.0,101.0,101.0,26.0,0.426,574.8,337.8,0
OK,345435,Strut,BARE,,66.0,0.0,0.0,66.0,51.0,51.0,7.0,0.115,575.1,130.7,0
OK,84842,Lift Support,CLIFT SUPPORT,,66.0,0.0,0.0,66.0,10.0,10.0,7.0,0.115,575.1,488.0,0
OK,2334573L,Complete Strut,FCS,,66.0,0.0,0.0,66.0,0.0,0.0,7.0,0.115,575.1,531.1,0
OK,2333447L,Complete Strut,FCS,,104.0,0.0,0.0,104.0,74.0,74.0,11.0,0.18,576.7,166.4,0
OK,342487,Shock,BARE,,285.0,0.0,10.0,275.0,300.0,300.0,29.0,0.475,578.4,0.0,25
OK,84550,Lift Support,CLIFT SUPPORT,,392.0,0.0,3.0,389.0,326.0,326.0,41.0,0.672,578.8,93.7,0
OK,2335878L,Complete Strut,FCS,,19.0,0.0,0.0,19.0,19.0,19.0,2.0,0.033,579.5,0.0,0
OK,331609R,Strut,BARE,,57.0,0.0,0.0,57.0,20.0,20.0,6.0,0.098,579.5,376.2,0
OK,333447R,Strut,BARE,,117.0,0.0,3.0,114.0,98.0,98.0,12.0,0.197,579.5,81.3,0
OK,335849R,Strut,BARE,,19.0,0.0,0.0,19.0,17.0,17.0,2.0,0.033,579.5,61.0,0
OK,84052,Lift Support,CLIFT SUPPORT,,59.0,0.0,2.0,57.0,13.0,13.0,6.0,0.098,579.5,447.3,0
OK,84372,Lift Support,CLIFT SUPPORT,,76.0,0.0,0.0,76.0,48.0,48.0,8.0,0.131,579.5,213.5,0
OK,84546,Lift Support,CLIFT SUPPORT,,19.0,0.0,0.0,19.0,31.0,31.0,2.0,0.033,579.5,0.0,12
OK,84651,Lift Support,CLIFT SUPPORT,,57.0,0.0,0.0,57.0,18.0,18.0,6.0,0.098,579.5,396.5,0
OK,86339,Lift Support,CLIFT SUPPORT,,289.0,0.0,4.0,285.0,212.0,212.0,30.0,0.492,579.5,148.4,0
OK,333402R,Strut,BARE,,231.0,72.0,3.0,228.0,202.0,202.0,24.0,0.393,579.5,66.1,0
OK,333412L,Strut,BARE,,38.0,0.0,0.0,38.0,12.0,12.0,4.0,0.066,579.5,396.5,0
OK,331665R,Strut,BARE,,20.0,0.0,1.0,19.0,15.0,15.0,2.0,0.033,579.5,122.0,0
OK,333717R,Strut,BARE,,19.0,0.0,0.0,19.0,22.0,22.0,2.0,0.033,579.5,0.0,3
OK,86881,LIFT SUPPORT,CLIFT SUPPORT,,79.0,0.0,3.0,76.0,73.0,73.0,8.0,0.131,579.5,22.9,0
OK,1346326R,Complete Strut,FCS,,58.0,0.0,1.0,57.0,67.0,67.0,6.0,0.098,579.5,0.0,10
OK,DT345978,Strut,BARE,,19.0,0.0,0.0,19.0,20.0,20.0,2.0,0.033,579.5,0.0,1
OK,347083,Shock,BARE,,59.0,78.0,2.0,57.0,78.0,78.0,6.0,0.098,579.5,0.0,0
OK,DT355074,Strut,BARE,,19.0,0.0,0.0,19.0,17.0,17.0,2.0,0.033,579.5,61.0,0
OK,346980,Shock,BARE,,19.0,0.0,0.0,19.0,11.0,11.0,2.0,0.033,579.5,244.0,0
OK,99079,Electronic Air Shock,Air Suspension,,1200.0,0.0,20.0,1180.0,967.0,967.0,124.0,2.033,580.5,104.8,0
OK,332360R,Strut,BARE,,210.0,0.0,10.0,200.0,170.0,170.0,21.0,0.344,581.0,87.1,0
OK,1331579R,Complete Strut,FCS,,289.0,12.0,3.0,286.0,214.0,214.0,30.0,0.492,581.5,146.4,0
OK,331794R,Strut,BARE,,144.0,0.0,1.0,143.0,102.0,102.0,15.0,0.246,581.5,166.7,0
OK,1334235R,Complete Strut,FCS,,564.0,0.0,11.0,553.0,442.0,442.0,58.0,0.951,581.6,116.7,0
OK,341558,Shock,BARE,,128.0,0.0,4.0,124.0,112.0,112.0,13.0,0.213,581.8,56.3,0
OK,1332322R,Complete Strut,FCS,,107.0,24.0,2.0,105.0,84.0,84.0,11.0,0.18,582.3,116.5,0
OK,84068,Lift Support,CLIFT SUPPORT,,115.0,0.0,0.0,115.0,100.0,100.0,12.0,0.197,584.6,76.2,0
OK,4333392R,Complete Strut,FCS,,48.0,0.0,0.0,48.0,39.0,39.0,5.0,0.082,585.6,109.8,0
OK,331617L,Strut,BARE,,192.0,57.0,0.0,192.0,186.0,186.0,20.0,0.328,585.6,18.3,0
OK,331745R,Strut,BARE,,49.0,0.0,1.0,48.0,36.0,36.0,5.0,0.082,585.6,146.4,0
OK,332316,Strut,BARE,,194.0,0.0,2.0,192.0,141.0,141.0,20.0,0.328,585.6,155.6,0
OK,335666,Strut,BARE,,48.0,0.0,0.0,48.0,48.0,48.0,5.0,0.082,585.6,0.0,0
OK,334148L,Strut,BARE,,53.0,0.0,5.0,48.0,52.0,52.0,5.0,0.082,585.6,0.0,4
OK,E89074L,Powered lift support,Power Lift,,48.0,0.0,0.0,48.0,5.0,5.0,5.0,0.082,585.6,524.6,0
OK,336333,Strut,BARE,,498.0,0.0,8.0,490.0,345.0,345.0,51.0,0.836,586.1,173.4,0
OK,332305R,Strut,BARE,,358.0,0.0,2.0,356.0,202.0,202.0,37.0,0.607,586.9,253.9,0
OK,86452,Lift Support,CLIFT SUPPORT,,566.0,0.0,8.0,558.0,481.0,481.0,58.0,0.951,586.9,81.0,0
OK,333842R,Strut,BARE,,77.0,0.0,0.0,77.0,66.0,66.0,8.0,0.131,587.1,83.9,0
OK,1355159L,Complete Strut,FCS,,107.0,0.0,1.0,106.0,44.0,44.0,11.0,0.18,587.8,343.8,0
OK,86140,Lift Support,CLIFT SUPPORT,,253.0,0.0,2.0,251.0,156.0,156.0,26.0,0.426,588.9,222.9,0
OK,3345484,Complete Strut,FCS,,212.0,30.0,9.0,203.0,130.0,130.0,21.0,0.344,589.7,212.0,0
OK,331008L,Strut,BARE,,58.0,12.0,0.0,58.0,50.0,50.0,6.0,0.098,589.7,81.3,0
OK,331746L,Strut,BARE,,29.0,0.0,0.0,29.0,11.0,11.0,3.0,0.049,589.7,366.0,0
OK,331794L,Strut,BARE,,145.0,0.0,0.0,145.0,104.0,104.0,15.0,0.246,589.7,166.7,0
OK,86192,Lift Support,CLIFT SUPPORT,,58.0,0.0,0.0,58.0,22.0,22.0,6.0,0.098,589.7,366.0,0
OK,337124L,Strut,BARE,,29.0,0.0,0.0,29.0,23.0,23.0,3.0,0.049,589.7,122.0,0
OK,2333505R,Complete Strut,FCS,,496.0,0.0,22.0,474.0,425.0,425.0,49.0,0.803,590.1,61.0,0
OK,1333363R,Complete Strut,FCS,,1341.0,2.0,43.0,1298.0,1120.0,1120.0,134.0,2.197,590.9,81.0,0
OK,347490,Shock,BARE,,126.0,0.0,0.0,126.0,44.0,44.0,13.0,0.213,591.2,384.8,0
OK,1332318,Complete Strut,FCS,,100.0,26.0,3.0,97.0,132.0,132.0,10.0,0.164,591.7,0.0,9
OK,335605,Strut,BARE,,344.0,0.0,4.0,340.0,281.0,281.0,35.0,0.574,592.6,102.8,0
OK,KY012,Air Compressor,Air Suspension,,68.0,0.0,0.0,68.0,27.0,27.0,7.0,0.115,592.6,357.3,0
OK,335875,Strut,BARE,,39.0,0.0,0.0,39.0,9.0,9.0,4.0,0.066,594.8,457.5,0
OK,84611,Lift Support,CLIFT SUPPORT,,119.0,0.0,2.0,117.0,120.0,120.0,12.0,0.197,594.8,0.0,3
OK,84701,Lift Support,CLIFT SUPPORT,,39.0,0.0,0.0,39.0,12.0,12.0,4.0,0.066,594.8,411.8,0
OK,1345842L,Complete Strut,FCS,,40.0,0.0,1.0,39.0,49.0,49.0,4.0,0.066,594.8,0.0,10
OK,86842,LIFT SUPPORT,CLIFT SUPPORT,,78.0,0.0,0.0,78.0,49.0,49.0,8.0,0.131,594.8,221.1,0
OK,337282,Strut,BARE,,40.0,0.0,1.0,39.0,0.0,0.0,4.0,0.066,594.8,550.8,0
OK,335958R,Strut,BARE,,253.0,0.0,9.0,244.0,184.0,184.0,25.0,0.41,595.4,146.4,0
OK,1331579L,Complete Strut,FCS,,218.0,65.0,3.0,215.0,234.0,234.0,22.0,0.361,596.1,0.0,0
OK,333710R,Strut,BARE,,88.0,0.0,0.0,88.0,77.0,77.0,9.0,0.148,596.4,74.6,0
OK,84031,Lift Support,CLIFT SUPPORT,,98.0,0.0,0.0,98.0,18.0,18.0,10.0,0.164,597.8,488.0,0
OK,84115,Lift Support,CLIFT SUPPORT,,98.0,0.0,0.0,98.0,59.0,59.0,10.0,0.164,597.8,237.9,0
OK,84403,Lift Support,CLIFT SUPPORT,,49.0,0.0,0.0,49.0,8.0,8.0,5.0,0.082,597.8,500.2,0
OK,1331741R,Complete Strut,FCS,,49.0,0.0,0.0,49.0,32.0,32.0,5.0,0.082,597.8,207.4,0
OK,342526,Shock,BARE,,340.0,0.0,6.0,334.0,299.0,299.0,34.0,0.557,599.2,62.8,0
OK,84351,Lift Support,CLIFT SUPPORT,,59.0,0.0,0.0,59.0,19.0,19.0,6.0,0.098,599.8,406.7,0
OK,86360,Lift Support,CLIFT SUPPORT,,62.0,0.0,3.0,59.0,38.0,38.0,6.0,0.098,599.8,213.5,0
OK,1336302,Complete Strut,FCS,,694.0,10.0,5.0,689.0,333.0,333.0,70.0,1.148,600.4,310.2,0
OK,86753,LIFT SUPPORT,CLIFT SUPPORT,,129.0,0.0,1.0,128.0,74.0,74.0,13.0,0.213,600.6,253.4,0
OK,1331765L,Complete Strut,FCS,,74.0,0.0,5.0,69.0,99.0,99.0,7.0,0.115,601.3,0.0,30
OK,89091L,Non-power side lift support,Power Lift,,69.0,0.0,0.0,69.0,1.0,1.0,7.0,0.115,601.3,592.6,0
OK,334138R,Strut,BARE,,79.0,0.0,0.0,79.0,55.0,55.0,8.0,0.131,602.4,183.0,0
OK,1334235L,Complete Strut,FCS,,518.0,0.0,13.0,505.0,430.0,430.0,51.0,0.836,604.0,89.7,0
OK,1334473R,Complete Strut,FCS,,109.0,0.0,0.0,109.0,51.0,51.0,11.0,0.18,604.5,321.6,0
OK,3333363L,Complete Strut,FCS,,165.0,5.0,6.0,159.0,121.0,121.0,16.0,0.262,606.2,144.9,0
OK,331582R,Strut,BARE,,202.0,0.0,3.0,199.0,166.0,166.0,20.0,0.328,607.0,100.7,0
OK,1336313,Complete Strut,FCS,,111.0,0.0,1.0,110.0,91.0,91.0,11.0,0.18,610.0,105.4,0
OK,2331008L,Complete Strut,FCS,,83.0,0.0,3.0,80.0,41.0,41.0,8.0,0.131,610.0,297.4,0
OK,331785R,Strut,BARE,,10.0,20.0,0.0,10.0,10.0,10.0,1.0,0.016,610.0,0.0,0
OK,331787R,Strut,BARE,,20.0,0.0,0.0,20.0,10.0,10.0,2.0,0.033,610.0,305.0,0
OK,333434R,Strut,BARE,,73.0,0.0,3.0,70.0,63.0,63.0,7.0,0.115,610.0,61.0,0
OK,333448R,Strut,BARE,,11.0,0.0,1.0,10.0,5.0,5.0,1.0,0.016,610.0,305.0,0
OK,335827R,Strut,BARE,,41.0,96.0,1.0,40.0,18.0,18.0,4.0,0.066,610.0,335.5,0
OK,341538,Shock,BARE,,80.0,0.0,0.0,80.0,48.0,48.0,8.0,0.131,610.0,244.0,0
OK,342792,Shock,BARE,,42.0,0.0,2.0,40.0,14.0,14.0,4.0,0.066,610.0,396.5,0
OK,345420,Strut,BARE,,20.0,0.0,0.0,20.0,8.0,8.0,2.0,0.033,610.0,366.0,0
OK,84572,Lift Support,CLIFT SUPPORT,,50.0,0.0,0.0,50.0,17.0,17.0,5.0,0.082,610.0,402.6,0
OK,86613,Lift Support,CLIFT SUPPORT,,60.0,0.0,0.0,60.0,8.0,8.0,6.0,0.098,610.0,528.7,0
OK,86616,Lift Support,CLIFT SUPPORT,,20.0,0.0,0.0,20.0,1.0,1.0,2.0,0.033,610.0,579.5,0
OK,84868L,Lift Support,CLIFT SUPPORT,,41.0,0.0,1.0,40.0,15.0,15.0,4.0,0.066,610.0,381.2,0
OK,1331794L,Complete Strut,FCS,,202.0,10.0,2.0,200.0,79.0,79.0,20.0,0.328,610.0,369.1,0
OK,1332338R,Complete Strut,FCS,,114.0,11.0,4.0,110.0,79.0,79.0,11.0,0.18,610.0,171.9,0
OK,333049,Strut,BARE,,50.0,0.0,0.0,50.0,70.0,70.0,5.0,0.082,610.0,0.0,20
OK,333725R,Strut,BARE,,42.0,0.0,2.0,40.0,27.0,27.0,4.0,0.066,610.0,198.2,0
OK,335698R,Strut,BARE,,10.0,0.0,0.0,10.0,12.0,12.0,1.0,0.016,610.0,0.0,2
OK,87047,LIFT SUPPORT,CLIFT SUPPORT,,32.0,0.0,2.0,30.0,24.0,24.0,3.0,0.049,610.0,122.0,0
OK,355049,Strut,BARE,,42.0,0.0,2.0,40.0,25.0,25.0,4.0,0.066,610.0,228.8,0
OK,1337088L,Complete Strut,FCS,,42.0,0.0,2.0,40.0,59.0,59.0,4.0,0.066,610.0,0.0,19
OK,1337088R,Complete Strut,FCS,,43.0,0.0,3.0,40.0,62.0,62.0,4.0,0.066,610.0,0.0,22
OK,334069L,Strut,BARE,,82.0,0.0,2.0,80.0,62.0,62.0,8.0,0.131,610.0,137.2,0
OK,1333858R,Complete Strut,FCS,,73.0,10.0,3.0,70.0,57.0,57.0,7.0,0.115,610.0,113.3,0
OK,335858R,Strut,BARE,,29.0,0.0,9.0,20.0,30.0,30.0,2.0,0.033,610.0,0.0,10
OK,355065R,Strut,BARE,,50.0,0.0,0.0,50.0,41.0,41.0,5.0,0.082,610.0,109.8,0
OK,334124R,Strut,BARE,,10.0,0.0,0.0,10.0,4.0,4.0,1.0,0.016,610.0,366.0,0
OK,MV004,Solenoid Valve,Air Suspension,,10.0,0.0,0.0,10.0,5.0,5.0,1.0,0.016,610.0,305.0,0
OK,Q4039,Air Spring,Air Suspension,,10.0,0.0,0.0,10.0,4.0,4.0,1.0,0.016,610.0,366.0,0
OK,226326,Shock,BARE,,50.0,0.0,0.0,50.0,47.0,47.0,5.0,0.082,610.0,36.6,0
OK,341969,Shock,BARE,,62.0,0.0,2.0,60.0,2.0,2.0,6.0,0.098,610.0,589.7,0
OK,8346345,Complete Strut,FCS,,176.0,0.0,5.0,171.0,79.0,79.0,17.0,0.279,613.6,330.1,0
OK,333737,Strut,BARE,,115.0,0.0,4.0,111.0,125.0,125.0,11.0,0.18,615.5,0.0,14
OK,84502,Lift Support,CLIFT SUPPORT,,93.0,0.0,2.0,91.0,22.0,22.0,9.0,0.148,616.8,467.7,0
OK,2334485R,Complete Strut,FCS,,94.0,0.0,3.0,91.0,45.0,45.0,9.0,0.148,616.8,311.8,0
OK,84994,Lift Support,CLIFT SUPPORT,,81.0,0.0,0.0,81.0,48.0,48.0,8.0,0.131,617.6,251.6,0
OK,347172,Shock,BARE,,419.0,0.0,13.0,406.0,218.0,218.0,40.0,0.656,619.2,286.7,0
OK,345695,Strut,BARE,,61.0,0.0,0.0,61.0,61.0,61.0,6.0,0.098,620.2,0.0,0
OK,84811,Lift Support,CLIFT SUPPORT,,63.0,0.0,2.0,61.0,21.0,21.0,6.0,0.098,620.2,406.7,0
OK,86585,Lift Support,CLIFT SUPPORT,,64.0,0.0,3.0,61.0,49.0,49.0,6.0,0.098,620.2,122.0,0
OK,333703,Strut,BARE,,63.0,24.0,2.0,61.0,64.0,64.0,6.0,0.098,620.2,0.0,0
OK,333296L,Strut,BARE,,411.0,0.0,4.0,407.0,250.0,250.0,40.0,0.656,620.7,239.4,0
OK,1345406L,Complete Strut,FCS,,117.0,0.0,5.0,112.0,72.0,72.0,11.0,0.18,621.1,221.8,0
OK,1333504L,Complete Strut,FCS,,291.0,0.0,16.0,275.0,236.0,236.0,27.0,0.443,621.3,88.1,0
OK,1335527R,Complete Strut,FCS,,103.0,25.0,1.0,102.0,44.0,44.0,10.0,0.164,622.2,353.8,0
OK,1335848R,Complete Strut,FCS,,103.0,0.0,1.0,102.0,39.0,39.0,10.0,0.164,622.2,384.3,0
OK,333489R,Strut,BARE,,51.0,0.0,0.0,51.0,28.0,28.0,5.0,0.082,622.2,280.6,0
OK,341550,Shock,BARE,,104.0,0.0,2.0,102.0,69.0,69.0,10.0,0.164,622.2,201.3,0
OK,1334112R,Complete Strut,FCS,,123.0,63.0,21.0,102.0,131.0,131.0,10.0,0.164,622.2,0.0,0
OK,84590,Lift Support,CLIFT SUPPORT,,186.0,0.0,2.0,184.0,125.0,125.0,18.0,0.295,623.6,199.9,0
OK,1355174R,Complete Strut,FCS,,95.0,0.0,3.0,92.0,46.0,46.0,9.0,0.148,623.6,311.8,0
OK,331744R,Strut,BARE,,42.0,0.0,1.0,41.0,18.0,18.0,4.0,0.066,625.2,350.8,0
OK,332368R,Strut,BARE,,166.0,0.0,2.0,164.0,136.0,136.0,16.0,0.262,625.2,106.8,0
OK,345541,Strut,BARE,,84.0,0.0,2.0,82.0,26.0,26.0,8.0,0.131,625.2,427.0,0
OK,84154,Lift Support,CLIFT SUPPORT,,84.0,0.0,2.0,82.0,39.0,39.0,8.0,0.131,625.2,327.9,0
OK,86331,Lift Support,CLIFT SUPPORT,,41.0,0.0,0.0,41.0,7.0,7.0,4.0,0.066,625.2,518.5,0
OK,86612,Lift Support,CLIFT SUPPORT,,82.0,0.0,0.0,82.0,53.0,53.0,8.0,0.131,625.2,221.1,0
OK,SC00028,Complete Strut,FCS,,45.0,0.0,4.0,41.0,69.0,69.0,4.0,0.066,625.2,0.0,28
OK,348018,Shock,BARE,,191.0,0.0,6.0,185.0,71.0,71.0,18.0,0.295,626.9,386.3,0
OK,335523L,Strut,BARE,,73.0,0.0,1.0,72.0,26.0,26.0,7.0,0.115,627.4,400.9,0
OK,86573,LIFT SUPPORT,CLIFT SUPPORT,,72.0,0.0,0.0,72.0,12.0,12.0,7.0,0.115,627.4,522.9,0
OK,84417,Lift Support,CLIFT SUPPORT,,107.0,0.0,4.0,103.0,59.0,59.0,10.0,0.164,628.3,268.4,0
OK,332369R,Strut,BARE,,198.0,0.0,2.0,196.0,144.0,144.0,19.0,0.311,629.3,166.9,0
OK,331764L,Strut,BARE,,31.0,0.0,0.0,31.0,33.0,33.0,3.0,0.049,630.3,0.0,2
OK,332330R,Strut,BARE,,32.0,0.0,1.0,31.0,17.0,17.0,3.0,0.049,630.3,284.7,0
OK,333491R,Strut,BARE,,33.0,0.0,2.0,31.0,24.0,24.0,3.0,0.049,630.3,142.3,0
OK,86601,Lift Support,CLIFT SUPPORT,,219.0,0.0,2.0,217.0,124.0,124.0,21.0,0.344,630.3,270.1,0
OK,3332304R,Complete Strut,FCS,,66.0,0.0,4.0,62.0,47.0,47.0,6.0,0.098,630.3,152.5,0
OK,345791,Strut,BARE,,62.0,0.0,0.0,62.0,39.0,39.0,6.0,0.098,630.3,233.8,0
OK,86796,LIFT SUPPORT,CLIFT SUPPORT,,62.0,0.0,0.0,62.0,24.0,24.0,6.0,0.098,630.3,386.3,0
OK,341605,Shock,BARE,,70.0,0.0,8.0,62.0,62.0,62.0,6.0,0.098,630.3,0.0,0
OK,Q4014,Air Spring,Air Suspension,,31.0,0.0,0.0,31.0,8.0,8.0,3.0,0.049,630.3,467.7,0
OK,334162L,Strut,BARE,,31.0,0.0,0.0,31.0,11.0,11.0,3.0,0.049,630.3,406.7,0
OK,8348092,Complete Strut,FCS,,93.0,0.0,0.0,93.0,0.0,0.0,9.0,0.148,630.3,586.3,0
OK,1331588R,Complete Strut,FCS,,170.0,40.0,4.0,166.0,174.0,174.0,16.0,0.262,632.9,0.0,0
OK,1345782L,Complete Strut,FCS,,89.0,32.0,6.0,83.0,97.0,97.0,8.0,0.131,632.9,0.0,0
OK,334051R,Strut,BARE,,138.0,34.0,3.0,135.0,114.0,114.0,13.0,0.213,633.5,98.5,0
OK,1331008L,Complete Strut,FCS,,55.0,0.0,3.0,52.0,0.0,0.0,5.0,0.082,634.4,590.4,0
OK,84171,Lift Support,CLIFT SUPPORT,,685.0,0.0,9.0,676.0,649.0,649.0,65.0,1.066,634.4,25.3,0
OK,DT346409,Shock,BARE,,104.0,0.0,0.0,104.0,0.0,0.0,10.0,0.164,634.4,590.4,0
OK,DT346410,Shock,BARE,,104.0,0.0,0.0,104.0,0.0,0.0,10.0,0.164,634.4,590.4,0
OK,345406,Strut,BARE,,73.0,0.0,0.0,73.0,29.0,29.0,7.0,0.115,636.1,383.4,0
OK,86195,Lift Support,CLIFT SUPPORT,,73.0,0.0,0.0,73.0,56.0,56.0,7.0,0.115,636.1,148.1,0
OK,1345430,Complete Strut,FCS,,78.0,0.0,5.0,73.0,65.0,65.0,7.0,0.115,636.1,69.7,0
OK,DT346945,Shock,BARE,,75.0,0.0,2.0,73.0,46.0,46.0,7.0,0.115,636.1,235.3,0
OK,331629R,Strut,BARE,,317.0,0.0,4.0,313.0,249.0,249.0,30.0,0.492,636.4,130.1,0
OK,86650,Lift Support,CLIFT SUPPORT,,188.0,0.0,0.0,188.0,113.0,113.0,18.0,0.295,637.1,254.2,0
OK,1333049,Complete Strut,FCS,,398.0,36.0,21.0,377.0,405.0,405.0,36.0,0.59,638.8,0.0,0
OK,84026,Lift Support,CLIFT SUPPORT,,275.0,0.0,13.0,262.0,167.0,167.0,25.0,0.41,639.3,231.8,0
OK,2335878R,Complete Strut,FCS,,21.0,0.0,0.0,21.0,23.0,23.0,2.0,0.033,640.5,0.0,2
OK,331604L,Strut,BARE,,63.0,40.0,0.0,63.0,78.0,78.0,6.0,0.098,640.5,0.0,0
OK,331826L,Strut,BARE,,21.0,0.0,0.0,21.0,11.0,11.0,2.0,0.033,640.5,305.0,0
OK,335811,Strut,BARE,,63.0,0.0,0.0,63.0,43.0,43.0,6.0,0.098,640.5,203.3,0
OK,84330,Lift Support,CLIFT SUPPORT,,44.0,0.0,2.0,42.0,14.0,14.0,4.0,0.066,640.5,427.0,0
OK,84465,Lift Support,CLIFT SUPPORT,,66.0,0.0,3.0,63.0,34.0,34.0,6.0,0.098,640.5,294.8,0
OK,84688,Lift Support,CLIFT SUPPORT,,21.0,0.0,0.0,21.0,7.0,7.0,2.0,0.033,640.5,427.0,0
OK,84744,Lift Support,CLIFT SUPPORT,,67.0,0.0,4.0,63.0,34.0,34.0,6.0,0.098,640.5,294.8,0
OK,84830,Lift Support,CLIFT SUPPORT,,21.0,0.0,0.0,21.0,22.0,22.0,2.0,0.033,640.5,0.0,1
OK,DG341653,Shock,BARE,,65.0,0.0,2.0,63.0,79.0,79.0,6.0,0.098,640.5,0.0,16
OK,1335531R,Complete Strut,FCS,,63.0,0.0,0.0,63.0,61.0,61.0,6.0,0.098,640.5,20.3,0
OK,F347249,Heavy Duty Shock Absorber,HBare,,42.0,0.0,0.0,42.0,56.0,56.0,4.0,0.066,640.5,0.0,14
OK,551308,Shock,BARE,,21.0,0.0,0.0,21.0,17.0,17.0,2.0,0.033,640.5,122.0,0
OK,355071,Strut,BARE,,386.0,0.0,8.0,378.0,345.0,345.0,36.0,0.59,640.5,55.9,0
OK,2331590L,Complete Strut,FCS,,103.0,0.0,8.0,95.0,103.0,103.0,9.0,0.148,643.9,0.0,8
OK,84304,Lift Support,CLIFT SUPPORT,,97.0,0.0,2.0,95.0,84.0,84.0,9.0,0.148,643.9,74.6,0
OK,87014,Lift Support,CLIFT SUPPORT,,74.0,0.0,0.0,74.0,26.0,26.0,7.0,0.115,644.9,418.3,0
OK,Q9054,Air Spring,Air Suspension,,74.0,0.0,0.0,74.0,51.0,51.0,7.0,0.115,644.9,200.4,0
OK,F447405,Heavy Duty Shock Absorber,HBare,,54.0,0.0,1.0,53.0,16.0,16.0,5.0,0.082,646.6,451.4,0
OK,1345940,Complete Strut,FCS,,225.0,0.0,2.0,223.0,114.0,114.0,21.0,0.344,647.8,316.6,0
OK,86106,Lift Support,CLIFT SUPPORT,,87.0,0.0,2.0,85.0,105.0,105.0,8.0,0.131,648.1,0.0,20
OK,1333858L,Complete Strut,FCS,,87.0,0.0,2.0,85.0,47.0,47.0,8.0,0.131,648.1,289.8,0
OK,1345399,Complete Strut,FCS,,66.0,0.0,2.0,64.0,25.0,25.0,6.0,0.098,650.7,396.5,0
OK,2335801L,Complete Strut,FCS,,38.0,0.0,6.0,32.0,45.0,45.0,3.0,0.049,650.7,0.0,13
OK,4333363R,Complete Strut,FCS,,32.0,0.0,0.0,32.0,28.0,28.0,3.0,0.049,650.7,81.3,0
OK,84539,Lift Support,CLIFT SUPPORT,,64.0,0.0,0.0,64.0,23.0,23.0,6.0,0.098,650.7,416.8,0
OK,1345406R,Complete Strut,FCS,,100.0,0.0,4.0,96.0,76.0,76.0,9.0,0.148,650.7,135.6,0
OK,1333940L,Complete Strut,FCS,,34.0,0.0,2.0,32.0,28.0,28.0,3.0,0.049,650.7,81.3,0
OK,1355050R,Complete Strut,FCS,,32.0,0.0,0.0,32.0,20.0,20.0,3.0,0.049,650.7,244.0,0
OK,226330,Shock,BARE,,32.0,0.0,0.0,32.0,27.0,27.0,3.0,0.049,650.7,101.7,0
OK,84287,Lift Support,CLIFT SUPPORT,,108.0,0.0,1.0,107.0,68.0,68.0,10.0,0.164,652.7,237.9,0
OK,2332350L,Complete Strut,FCS,,230.0,6.0,5.0,225.0,156.0,156.0,21.0,0.344,653.6,200.4,0
OK,334486R,Strut,BARE,,76.0,0.0,1.0,75.0,68.0,68.0,7.0,0.115,653.6,61.0,0
OK,1331623R,Complete Strut,FCS,,44.0,0.0,1.0,43.0,19.0,19.0,4.0,0.066,655.8,366.0,0
OK,3333392L,Complete Strut,FCS,,43.0,0.0,0.0,43.0,27.0,27.0,4.0,0.066,655.8,244.0,0
OK,333434L,Strut,BARE,,89.0,0.0,3.0,86.0,60.0,60.0,8.0,0.131,655.8,198.2,0
OK,84541,Lift Support,CLIFT SUPPORT,,86.0,0.0,0.0,86.0,32.0,32.0,8.0,0.131,655.8,411.8,0
OK,84637,Lift Support,CLIFT SUPPORT,,43.0,0.0,0.0,43.0,41.0,41.0,4.0,0.066,655.8,30.5,0
OK,86359,Lift Support,CLIFT SUPPORT,,43.0,0.0,0.0,43.0,31.0,31.0,4.0,0.066,655.8,183.0,0
OK,86817,LIFT SUPPORT,CLIFT SUPPORT,,43.0,0.0,0.0,43.0,13.0,13.0,4.0,0.066,655.8,457.5,0
OK,94001,Electronic Shock Assy,Air Suspension,,43.0,0.0,0.0,43.0,27.0,27.0,4.0,0.066,655.8,244.0,0
OK,8346714,Complete Strut,FCS,,48.0,0.0,5.0,43.0,39.0,39.0,4.0,0.066,655.8,61.0,0
OK,334163R,Strut,BARE,,43.0,0.0,0.0,43.0,24.0,24.0,4.0,0.066,655.8,289.8,0
OK,80018R,lift support,CLIFT SUPPORT,,90.0,0.0,4.0,86.0,0.0,0.0,8.0,0.131,655.8,611.8,0
OK,347602,Shock,BARE,,86.0,0.0,0.0,86.0,0.0,0.0,8.0,0.131,655.8,611.8,0
OK,DT346716,Shock,BARE,,86.0,0.0,0.0,86.0,0.0,0.0,8.0,0.131,655.8,611.8,0
OK,84519,Lift Support,CLIFT SUPPORT,,151.0,0.0,0.0,151.0,24.0,24.0,14.0,0.23,657.9,553.4,0
OK,331710R,Strut,BARE,,54.0,0.0,0.0,54.0,26.0,26.0,5.0,0.082,658.8,341.6,0
OK,1333504R,Complete Strut,FCS,,316.0,0.0,13.0,303.0,241.0,241.0,28.0,0.459,660.1,135.1,0
OK,2345455,Complete Strut,FCS,,134.0,1.0,4.0,130.0,23.0,23.0,12.0,0.197,660.8,543.9,0
OK,84600,Lift Support,CLIFT SUPPORT,,68.0,0.0,3.0,65.0,46.0,46.0,6.0,0.098,660.8,193.2,0
OK,87004,LIFT SUPPORT,CLIFT SUPPORT,,65.0,0.0,0.0,65.0,39.0,39.0,6.0,0.098,660.8,264.3,0
OK,8348019,Complete Strut,FCS,,65.0,0.0,0.0,65.0,0.0,0.0,6.0,0.098,660.8,616.8,0
OK,86771,Lift Support,CLIFT SUPPORT,,109.0,0.0,0.0,109.0,71.0,71.0,10.0,0.164,664.9,231.8,0
OK,8346220,Complete Strut,FCS,,154.0,0.0,1.0,153.0,32.0,32.0,14.0,0.23,666.6,527.2,0
OK,86108,Lift Support,CLIFT SUPPORT,,199.0,0.0,2.0,197.0,109.0,109.0,18.0,0.295,667.6,298.2,0
OK,333529R,Strut,BARE,,297.0,0.0,1.0,296.0,176.0,176.0,27.0,0.443,668.7,271.1,0
OK,86470,Lift Support,CLIFT SUPPORT,,752.0,0.0,6.0,746.0,498.0,498.0,68.0,1.115,669.2,222.5,0
OK,1331754R,Complete Strut,FCS,,38.0,0.0,5.0,33.0,34.0,34.0,3.0,0.049,671.0,0.0,1
OK,2331688R,Complete Strut,FCS,,67.0,0.0,1.0,66.0,40.0,40.0,6.0,0.098,671.0,264.3,0
OK,2331747L,Complete Strut,FCS,,11.0,0.0,0.0,11.0,12.0,12.0,1.0,0.016,671.0,0.0,1
OK,331676R,Strut,BARE,,11.0,0.0,0.0,11.0,3.0,3.0,1.0,0.016,671.0,488.0,0
OK,331909L,Strut,BARE,,23.0,0.0,1.0,22.0,24.0,24.0,2.0,0.033,671.0,0.0,2
OK,333511L,Strut,BARE,,59.0,0.0,4.0,55.0,35.0,35.0,5.0,0.082,671.0,244.0,0
OK,335599R,Strut,BARE,,11.0,0.0,0.0,11.0,11.0,11.0,1.0,0.016,671.0,0.0,0
OK,84030,Lift Support,CLIFT SUPPORT,,88.0,0.0,0.0,88.0,22.0,22.0,8.0,0.131,671.0,503.2,0
OK,86179,Lift Support,CLIFT SUPPORT,,308.0,0.0,0.0,308.0,264.0,264.0,28.0,0.459,671.0,95.9,0
OK,86318,Lift Support,CLIFT SUPPORT,,66.0,0.0,0.0,66.0,29.0,29.0,6.0,0.098,671.0,376.2,0
OK,86352,Lift Support,CLIFT SUPPORT,,68.0,0.0,2.0,66.0,44.0,44.0,6.0,0.098,671.0,223.7,0
OK,84382L,Lift Support,CLIFT SUPPORT,,11.0,0.0,0.0,11.0,4.0,4.0,1.0,0.016,671.0,427.0,0
OK,84868R,Lift Support,CLIFT SUPPORT,,45.0,0.0,1.0,44.0,20.0,20.0,4.0,0.066,671.0,366.0,0
OK,333356L,Strut,BARE,,132.0,144.0,0.0,132.0,149.0,149.0,12.0,0.197,671.0,0.0,0
OK,333583R,Strut,BARE,,11.0,0.0,0.0,11.0,2.0,2.0,1.0,0.016,671.0,549.0,0
OK,333710L,Strut,BARE,,56.0,44.0,1.0,55.0,80.0,80.0,5.0,0.082,671.0,0.0,0
OK,333746R,Strut,BARE,,22.0,0.0,0.0,22.0,10.0,10.0,2.0,0.033,671.0,366.0,0
OK,2345555,Complete Strut,FCS,,59.0,0.0,4.0,55.0,41.0,41.0,5.0,0.082,671.0,170.8,0
OK,KY024,Air Compressor,Air Suspension,,12.0,0.0,1.0,11.0,6.0,6.0,1.0,0.016,671.0,305.0,0
OK,334235L,Strut,BARE,,47.0,64.0,3.0,44.0,62.0,62.0,4.0,0.066,671.0,0.0,0
OK,F347504,Heavy Duty Shock Absorber,HBare,,55.0,0.0,0.0,55.0,50.0,50.0,5.0,0.082,671.0,61.0,0
OK,334422R,Strut,BARE,,50.0,0.0,6.0,44.0,24.0,24.0,4.0,0.066,671.0,305.0,0
OK,346592,Shock,BARE,,22.0,0.0,0.0,22.0,14.0,14.0,2.0,0.033,671.0,244.0,0
OK,333529L,Strut,BARE,,310.0,96.0,1.0,309.0,161.0,161.0,28.0,0.459,673.2,322.4,0
OK,80038,Lift Support,CLIFT SUPPORT,,694.0,0.0,16.0,678.0,262.0,262.0,61.0,1.0,678.0,416.0,0
OK,334144L,Strut,BARE,,80.0,10.0,2.0,78.0,63.0,63.0,7.0,0.115,679.7,130.7,0
OK,86487,Lift Support,CLIFT SUPPORT,,67.0,0.0,0.0,67.0,35.0,35.0,6.0,0.098,681.2,325.3,0
OK,1331370,Complete Strut,FCS,,136.0,24.0,2.0,134.0,98.0,98.0,12.0,0.197,681.2,183.0,0
OK,E89074R,Powered lift support,Power Lift,,68.0,0.0,1.0,67.0,4.0,4.0,6.0,0.098,681.2,640.5,0
OK,331584R,Strut,BARE,,56.0,0.0,0.0,56.0,68.0,68.0,5.0,0.082,683.2,0.0,12
OK,86653,Lift Support,CLIFT SUPPORT,,122.0,0.0,10.0,112.0,98.0,98.0,10.0,0.164,683.2,85.4,0
OK,84357,Lift Support,CLIFT SUPPORT,,90.0,0.0,0.0,90.0,40.0,40.0,8.0,0.131,686.2,381.2,0
OK,84574,Lift Support,CLIFT SUPPORT,,135.0,0.0,0.0,135.0,75.0,75.0,12.0,0.197,686.2,305.0,0
OK,86278,Lift Support,CLIFT SUPPORT,,45.0,0.0,0.0,45.0,13.0,13.0,4.0,0.066,686.2,488.0,0
OK,86301,Lift Support,CLIFT SUPPORT,,90.0,0.0,0.0,90.0,49.0,49.0,8.0,0.131,686.2,312.6,0
OK,1331730R,Complete Strut,FCS,,92.0,0.0,2.0,90.0,48.0,48.0,8.0,0.131,686.2,320.2,0
OK,F347310,Heavy Duty Shock Absorber,HBare,,47.0,0.0,2.0,45.0,22.0,22.0,4.0,0.066,686.2,350.8,0
OK,84598,Lift Support,CLIFT SUPPORT,,1183.0,0.0,12.0,1171.0,1018.0,1018.0,104.0,1.705,686.8,89.7,0
OK,4345793L,Complete Strut,FCS,,89.0,0.0,10.0,79.0,104.0,104.0,7.0,0.115,688.4,0.0,25
OK,3335832L,Complete Strut,FCS,,81.0,0.0,2.0,79.0,34.0,34.0,7.0,0.115,688.4,392.1,0
OK,346594,Shock,BARE,,79.0,0.0,0.0,79.0,55.0,55.0,7.0,0.115,688.4,209.1,0
OK,1331901R,Complete Strut,FCS,,230.0,1.0,15.0,215.0,207.0,207.0,19.0,0.311,690.3,25.7,0
OK,1335523R,Complete Strut,FCS,,35.0,0.0,1.0,34.0,28.0,28.0,3.0,0.049,691.3,122.0,0
OK,2335801R,Complete Strut,FCS,,39.0,0.0,5.0,34.0,44.0,44.0,3.0,0.049,691.3,0.0,10
OK,331750L,Strut,BARE,,34.0,0.0,0.0,34.0,7.0,7.0,3.0,0.049,691.3,549.0,0
OK,86109,Lift Support,CLIFT SUPPORT,,102.0,0.0,0.0,102.0,70.0,70.0,9.0,0.148,691.3,216.9,0
OK,86247,Lift Support,CLIFT SUPPORT,,68.0,0.0,0.0,68.0,24.0,24.0,6.0,0.098,691.3,447.3,0
OK,86325,Lift Support,CLIFT SUPPORT,,107.0,0.0,5.0,102.0,58.0,58.0,9.0,0.148,691.3,298.2,0
OK,333745L,Strut,BARE,,35.0,0.0,1.0,34.0,4.0,4.0,3.0,0.049,691.3,610.0,0
OK,347179,Shock,BARE,,68.0,0.0,0.0,68.0,54.0,54.0,6.0,0.098,691.3,142.3,0
OK,8346705,Complete Strut,FCS,,68.0,0.0,0.0,68.0,9.0,9.0,6.0,0.098,691.3,599.8,0
OK,226332,Shock,BARE,,68.0,0.0,0.0,68.0,46.0,46.0,6.0,0.098,691.3,223.7,0
OK,334403L,Strut,BARE,,68.0,0.0,0.0,68.0,16.0,16.0,6.0,0.098,691.3,528.7,0
OK,2336310,Complete Strut,FCS,,97.0,0.0,6.0,91.0,77.0,77.0,8.0,0.131,693.9,106.8,0
OK,84373,Lift Support,CLIFT SUPPORT,,234.0,0.0,6.0,228.0,160.0,160.0,20.0,0.328,695.4,207.4,0
OK,1335589L,Complete Strut,FCS,,83.0,0.0,3.0,80.0,84.0,84.0,7.0,0.115,697.1,0.0,4
OK,347557,Shock,BARE,,80.0,0.0,0.0,80.0,29.0,29.0,7.0,0.115,697.1,444.4,0
OK,1331592L,Complete Strut,FCS,,23.0,15.0,0.0,23.0,28.0,28.0,2.0,0.033,701.5,0.0,0
OK,1332339,Complete Strut,FCS,,54.0,1.0,8.0,46.0,49.0,49.0,4.0,0.066,701.5,0.0,2
OK,331630L,Strut,BARE,,69.0,0.0,0.0,69.0,53.0,53.0,6.0,0.098,701.5,162.7,0
OK,332305L,Strut,BARE,,369.0,0.0,1.0,368.0,205.0,205.0,32.0,0.525,701.5,310.7,0
OK,335565L,Strut,BARE,,47.0,0.0,1.0,46.0,40.0,40.0,4.0,0.066,701.5,91.5,0
OK,345893,Strut,BARE,,31.0,0.0,8.0,23.0,19.0,19.0,2.0,0.033,701.5,122.0,0
OK,86866,LIFT SUPPORT,CLIFT SUPPORT,,23.0,0.0,0.0,23.0,7.0,7.0,2.0,0.033,701.5,488.0,0
OK,SC00037,Complete Strut,FCS,,23.0,0.0,0.0,23.0,15.0,15.0,2.0,0.033,701.5,244.0,0
OK,347185,Shock,BARE,,138.0,0.0,0.0,138.0,58.0,58.0,12.0,0.197,701.5,406.7,0
OK,346851,Shock,BARE,,138.0,0.0,0.0,138.0,38.0,38.0,12.0,0.197,701.5,508.3,0
OK,335622,Strut,BARE,,23.0,0.0,0.0,23.0,1.0,1.0,2.0,0.033,701.5,671.0,0
OK,1332310,Complete Strut,FCS,,490.0,16.0,6.0,484.0,514.0,514.0,42.0,0.689,703.0,0.0,14
OK,333565L,Strut,BARE,,199.0,40.0,3.0,196.0,175.0,175.0,17.0,0.279,703.3,75.4,0
OK,84528,Lift Support,CLIFT SUPPORT,,546.0,0.0,4.0,542.0,358.0,358.0,47.0,0.77,703.4,238.8,0
OK,84608,Lift Support,CLIFT SUPPORT,,155.0,0.0,5.0,150.0,86.0,86.0,13.0,0.213,703.8,300.3,0
OK,1331778R,Complete Strut,FCS,,106.0,64.0,2.0,104.0,50.0,50.0,9.0,0.148,704.9,366.0,0
OK,1335589R,Complete Strut,FCS,,143.0,0.0,4.0,139.0,92.0,92.0,12.0,0.197,706.6,238.9,0
OK,333568L,Strut,BARE,,59.0,0.0,1.0,58.0,31.0,31.0,5.0,0.082,707.6,329.4,0
OK,347546,Shock,BARE,,116.0,0.0,0.0,116.0,43.0,43.0,10.0,0.164,707.6,445.3,0
OK,332310,Strut,BARE,,97.0,0.0,4.0,93.0,66.0,66.0,8.0,0.131,709.1,205.9,0
OK,86332,Lift Support,CLIFT SUPPORT,,279.0,0.0,0.0,279.0,167.0,167.0,24.0,0.393,709.1,284.7,0
OK,345681,Strut,BARE,,225.0,48.0,4.0,221.0,231.0,231.0,19.0,0.311,709.5,0.0,0
OK,86102,Lift Support,CLIFT SUPPORT,,351.0,0.0,2.0,349.0,198.0,198.0,30.0,0.492,709.6,307.0,0
OK,335878L,Strut,BARE,,35.0,0.0,0.0,35.0,33.0,33.0,3.0,0.049,711.7,40.7,0
OK,342538,Shock,BARE,,107.0,0.0,2.0,105.0,77.0,77.0,9.0,0.148,711.7,189.8,0
OK,345750,Strut,BARE,,105.0,0.0,0.0,105.0,77.0,77.0,9.0,0.148,711.7,189.8,0
OK,84071,Lift Support,CLIFT SUPPORT,,72.0,0.0,2.0,70.0,30.0,30.0,6.0,0.098,711.7,406.7,0
OK,333415L,Strut,BARE,,105.0,0.0,0.0,105.0,75.0,75.0,9.0,0.148,711.7,203.3,0
OK,1333547L,Complete Strut,FCS,,42.0,0.0,7.0,35.0,24.0,24.0,3.0,0.049,711.7,223.7,0
OK,334162R,Strut,BARE,,35.0,0.0,0.0,35.0,8.0,8.0,3.0,0.049,711.7,549.0,0
OK,342470,Shock,BARE,,372.0,0.0,10.0,362.0,341.0,341.0,31.0,0.508,712.3,41.3,0
OK,333468L,Strut,BARE,,118.0,0.0,1.0,117.0,88.0,88.0,10.0,0.164,713.7,176.9,0
OK,86439,Lift Support,CLIFT SUPPORT,,82.0,0.0,0.0,82.0,20.0,20.0,7.0,0.115,714.6,540.3,0
OK,DT346414,Shock,BARE,,84.0,0.0,2.0,82.0,71.0,71.0,7.0,0.115,714.6,95.9,0
OK,1345782R,Complete Strut,FCS,,90.0,0.0,8.0,82.0,91.0,91.0,7.0,0.115,714.6,0.0,9
OK,336302,Strut,BARE,,176.0,0.0,0.0,176.0,95.0,95.0,15.0,0.246,715.7,329.4,0
OK,2331782L,Complete Strut,FCS,,100.0,0.0,6.0,94.0,104.0,104.0,8.0,0.131,716.8,0.0,10
OK,86740,Lift Support,CLIFT SUPPORT,,47.0,0.0,0.0,47.0,13.0,13.0,4.0,0.066,716.8,518.5,0
OK,1331741L,Complete Strut,FCS,,48.0,0.0,1.0,47.0,32.0,32.0,4.0,0.066,716.8,228.8,0
OK,1337282,Complete Strut,FCS,,94.0,0.0,0.0,94.0,0.0,0.0,8.0,0.131,716.8,672.8,0
OK,341575,Shock,BARE,,225.0,8.0,13.0,212.0,249.0,249.0,18.0,0.295,718.4,0.0,29
OK,333787L,Strut,BARE,,107.0,0.0,1.0,106.0,72.0,72.0,9.0,0.148,718.4,230.4,0
OK,86755,Lift Support,CLIFT SUPPORT,,1158.0,0.0,32.0,1126.0,852.0,852.0,95.0,1.557,723.0,175.9,0
OK,346092,Shock,BARE,,85.0,90.0,2.0,83.0,66.0,66.0,7.0,0.115,723.3,148.1,0
OK,341548,Shock,BARE,,256.0,0.0,6.0,250.0,157.0,157.0,21.0,0.344,726.2,270.1,0
OK,1332326L,Complete Strut,FCS,,580.0,20.0,7.0,573.0,185.0,185.0,48.0,0.787,728.2,493.1,0
OK,84573,Lift Support,CLIFT SUPPORT,,587.0,0.0,12.0,575.0,524.0,524.0,48.0,0.787,730.7,64.8,0
OK,1333378R,Complete Strut,FCS,,25.0,0.0,1.0,24.0,19.0,19.0,2.0,0.033,732.0,152.5,0
OK,1335793,Complete Strut,FCS,,124.0,0.0,4.0,120.0,83.0,83.0,10.0,0.164,732.0,225.7,0
OK,3331622L,Complete Strut,FCS,,74.0,40.0,2.0,72.0,60.0,60.0,6.0,0.098,732.0,122.0,0
OK,331617R,Strut,BARE,,229.0,0.0,1.0,228.0,179.0,179.0,19.0,0.311,732.0,157.3,0
OK,331697L,Strut,BARE,,12.0,0.0,0.0,12.0,6.0,6.0,1.0,0.016,732.0,366.0,0
OK,331788L,Strut,BARE,,12.0,0.0,0.0,12.0,11.0,11.0,1.0,0.016,732.0,61.0,0
OK,333319L,Strut,BARE,,63.0,0.0,3.0,60.0,62.0,62.0,5.0,0.082,732.0,0.0,2
OK,333515R,Strut,BARE,,12.0,0.0,0.0,12.0,3.0,3.0,1.0,0.016,732.0,549.0,0
OK,345417,Strut,BARE,,24.0,0.0,0.0,24.0,40.0,40.0,2.0,0.033,732.0,0.0,16
OK,84442,Lift Support,CLIFT SUPPORT,,110.0,0.0,2.0,108.0,52.0,52.0,9.0,0.148,732.0,379.6,0
OK,86114,Lift Support,CLIFT SUPPORT,,72.0,0.0,0.0,72.0,42.0,42.0,6.0,0.098,732.0,305.0,0
OK,86319,Lift Support,CLIFT SUPPORT,,48.0,0.0,0.0,48.0,27.0,27.0,4.0,0.066,732.0,320.2,0
OK,1332338L,Complete Strut,FCS,,112.0,11.0,4.0,108.0,92.0,92.0,9.0,0.148,732.0,108.4,0
OK,2331776R,Complete Strut,FCS,,48.0,0.0,0.0,48.0,22.0,22.0,4.0,0.066,732.0,396.5,0
OK,335774R,Strut,BARE,,36.0,0.0,0.0,36.0,7.0,7.0,3.0,0.049,732.0,589.7,0
OK,333414L,Strut,BARE,,48.0,32.0,0.0,48.0,45.0,45.0,4.0,0.066,732.0,45.8,0
OK,DG341551,Shock,BARE,,64.0,0.0,4.0,60.0,42.0,42.0,5.0,0.082,732.0,219.6,0
OK,86799,LIFT SUPPORT,CLIFT SUPPORT,,216.0,0.0,0.0,216.0,96.0,96.0,18.0,0.295,732.0,406.7,0
OK,2331909L,Complete Strut,FCS,,25.0,0.0,1.0,24.0,20.0,20.0,2.0,0.033,732.0,122.0,0
OK,2335682L,Complete Strut,FCS,,36.0,0.0,0.0,36.0,21.0,21.0,3.0,0.049,732.0,305.0,0
OK,347178,Shock,BARE,,294.0,48.0,6.0,288.0,297.0,297.0,24.0,0.393,732.0,0.0,0
OK,6335576,Complete Strut,FCS,,38.0,0.0,2.0,36.0,31.0,31.0,3.0,0.049,732.0,101.7,0
OK,92002,Electronic Air Strut,Air Suspension,,12.0,0.0,0.0,12.0,2.0,2.0,1.0,0.016,732.0,610.0,0
OK,HS014,Susp. Ride Sensor,Air Suspension,,12.0,0.0,0.0,12.0,7.0,7.0,1.0,0.016,732.0,305.0,0
OK,334303R,Strut,BARE,,48.0,0.0,0.0,48.0,56.0,56.0,4.0,0.066,732.0,0.0,8
OK,86756,Lift Support,CLIFT SUPPORT,,865.0,0.0,8.0,857.0,454.0,454.0,71.0,1.164,736.3,346.2,0
OK,86197,Lift Support,CLIFT SUPPORT,,121.0,0.0,0.0,121.0,55.0,55.0,10.0,0.164,738.1,402.6,0
OK,332367L,Strut,BARE,,223.0,0.0,5.0,218.0,141.0,141.0,18.0,0.295,738.8,260.9,0
OK,86246,Lift Support,CLIFT SUPPORT,,97.0,0.0,0.0,97.0,37.0,37.0,8.0,0.131,739.6,457.5,0
OK,4331778L,Complete Strut,FCS,,76.0,14.0,3.0,73.0,23.0,23.0,6.0,0.098,742.2,508.3,0
OK,332314,Strut,BARE,,75.0,0.0,2.0,73.0,30.0,30.0,6.0,0.098,742.2,437.2,0
OK,86603,Lift Support,CLIFT SUPPORT,,61.0,0.0,0.0,61.0,15.0,15.0,5.0,0.082,744.2,561.2,0
OK,86469,LIFT SUPPORT,CLIFT SUPPORT,,124.0,0.0,2.0,122.0,88.0,88.0,10.0,0.164,744.2,207.4,0
OK,2331645L,Complete Strut,FCS,,50.0,0.0,1.0,49.0,24.0,24.0,4.0,0.066,747.2,381.2,0
OK,331796R,Strut,BARE,,49.0,0.0,0.0,49.0,54.0,54.0,4.0,0.066,747.2,0.0,5
OK,87067,LIFT SUPPORT,CLIFT SUPPORT,,104.0,0.0,6.0,98.0,64.0,64.0,8.0,0.131,747.2,259.2,0
OK,1345455,Complete Strut,FCS,,224.0,23.0,3.0,221.0,118.0,118.0,18.0,0.295,748.9,349.1,0
OK,84309,Lift Support,CLIFT SUPPORT,,86.0,0.0,0.0,86.0,22.0,22.0,7.0,0.115,749.4,557.7,0
OK,DT346714,Shock,BARE,,174.0,0.0,2.0,172.0,87.0,87.0,14.0,0.23,749.4,370.4,0
OK,1335541,Complete Strut,FCS,,43.0,2.0,6.0,37.0,57.0,57.0,3.0,0.049,752.3,0.0,18
OK,1335579R,Complete Strut,FCS,,37.0,0.0,0.0,37.0,26.0,26.0,3.0,0.049,752.3,223.7,0
OK,334404L,Strut,BARE,,38.0,0.0,1.0,37.0,27.0,27.0,3.0,0.049,752.3,203.3,0
OK,8348079,Complete Strut,FCS,,99.0,0.0,0.0,99.0,0.0,0.0,8.0,0.131,754.9,710.9,0
OK,84839,Lift Support,CLIFT SUPPORT,,62.0,0.0,0.0,62.0,12.0,12.0,5.0,0.082,756.4,610.0,0
OK,86238,Lift Support,CLIFT SUPPORT,,62.0,0.0,0.0,62.0,21.0,21.0,5.0,0.082,756.4,500.2,0
OK,1333506R,Complete Strut,FCS,,346.0,80.0,10.0,336.0,327.0,327.0,27.0,0.443,759.1,20.3,0
OK,336318,Strut,BARE,,141.0,0.0,4.0,137.0,107.0,107.0,11.0,0.18,759.7,166.4,0
OK,345484,Strut,BARE,,318.0,0.0,6.0,312.0,306.0,306.0,25.0,0.41,761.3,14.6,0
OK,4331778R,Complete Strut,FCS,,53.0,19.0,3.0,50.0,25.0,25.0,4.0,0.066,762.5,381.2,0
OK,333453L,Strut,BARE,,25.0,0.0,0.0,25.0,35.0,35.0,2.0,0.033,762.5,0.0,10
OK,333467R,Strut,BARE,,75.0,0.0,0.0,75.0,105.0,105.0,6.0,0.098,762.5,0.0,30
OK,84175,Lift Support,CLIFT SUPPORT,,104.0,0.0,4.0,100.0,62.0,62.0,8.0,0.131,762.5,289.8,0
OK,84222,Lift Support,CLIFT SUPPORT,,50.0,0.0,0.0,50.0,12.0,12.0,4.0,0.066,762.5,579.5,0
OK,86467,Lift Support,CLIFT SUPPORT,,25.0,0.0,0.0,25.0,11.0,11.0,2.0,0.033,762.5,427.0,0
OK,4333414R,Complete Strut,FCS,,26.0,0.0,1.0,25.0,9.0,9.0,2.0,0.033,762.5,488.0,0
OK,333746L,Strut,BARE,,25.0,0.0,0.0,25.0,13.0,13.0,2.0,0.033,762.5,366.0,0
OK,334431R,Strut,BARE,,25.0,0.0,0.0,25.0,14.0,14.0,2.0,0.033,762.5,335.5,0
OK,94085,Electronic Strut,Air Suspension,,30.0,6.0,5.0,25.0,8.0,8.0,2.0,0.033,762.5,518.5,0
OK,334579,Strut,BARE,,26.0,0.0,1.0,25.0,0.0,0.0,2.0,0.033,762.5,718.5,0
OK,333505R,Strut,BARE,,190.0,28.0,2.0,188.0,158.0,158.0,15.0,0.246,764.5,122.0,0
OK,84949R,Lift Support,CLIFT SUPPORT,,92.0,0.0,4.0,88.0,31.0,31.0,7.0,0.115,766.9,496.7,0
OK,SC00004,Complete Strut,FCS,,88.0,0.0,0.0,88.0,72.0,72.0,7.0,0.115,766.9,139.4,0
OK,1332326R,Complete Strut,FCS,,505.0,22.0,2.0,503.0,199.0,199.0,40.0,0.656,767.1,463.6,0
OK,84313,Lift Support,CLIFT SUPPORT,,64.0,0.0,1.0,63.0,15.0,15.0,5.0,0.082,768.6,585.6,0
OK,84796,Lift Support,CLIFT SUPPORT,,63.0,0.0,0.0,63.0,29.0,29.0,5.0,0.082,768.6,414.8,0
OK,1335875R,Complete Strut,FCS,,65.0,0.0,2.0,63.0,43.0,43.0,5.0,0.082,768.6,244.0,0
OK,84815,Lift Support,CLIFT SUPPORT,,103.0,0.0,2.0,101.0,53.0,53.0,8.0,0.131,770.1,366.0,0
OK,332330L,Strut,BARE,,39.0,0.0,1.0,38.0,11.0,11.0,3.0,0.049,772.7,549.0,0
OK,84363,Lift Support,CLIFT SUPPORT,,152.0,0.0,0.0,152.0,83.0,83.0,12.0,0.197,772.7,350.8,0
OK,84821,Lift Support,CLIFT SUPPORT,,76.0,0.0,0.0,76.0,12.0,12.0,6.0,0.098,772.7,650.7,0
OK,86122,Lift Support,CLIFT SUPPORT,,40.0,0.0,2.0,38.0,21.0,21.0,3.0,0.049,772.7,345.7,0
OK,86191L,Lift Support,CLIFT SUPPORT,,76.0,0.0,0.0,76.0,29.0,29.0,6.0,0.098,772.7,477.8,0
OK,333395L,Strut,BARE,,39.0,0.0,1.0,38.0,31.0,31.0,3.0,0.049,772.7,142.3,0
OK,86772,LIFT SUPPORT,CLIFT SUPPORT,,40.0,0.0,2.0,38.0,15.0,15.0,3.0,0.049,772.7,467.7,0
OK,345969,Strut,BARE,,42.0,0.0,4.0,38.0,12.0,12.0,3.0,0.049,772.7,528.7,0
OK,333927R,Strut,BARE,,76.0,0.0,0.0,76.0,82.0,82.0,6.0,0.098,772.7,0.0,6
OK,333951R,Strut,BARE,,41.0,0.0,3.0,38.0,15.0,15.0,3.0,0.049,772.7,467.7,0
OK,8348091,Complete Strut,FCS,,76.0,0.0,0.0,76.0,0.0,0.0,6.0,0.098,772.7,728.7,0
OK,84352,Lift Support,CLIFT SUPPORT,,180.0,0.0,2.0,178.0,123.0,123.0,14.0,0.23,775.6,239.6,0
OK,84153,Lift Support,CLIFT SUPPORT,,590.0,0.0,5.0,585.0,425.0,425.0,46.0,0.754,775.8,212.2,0
OK,84375,Lift Support,CLIFT SUPPORT,,153.0,0.0,0.0,153.0,65.0,65.0,12.0,0.197,777.8,447.3,0
OK,84757,Lift Support,CLIFT SUPPORT,,51.0,0.0,0.0,51.0,6.0,6.0,4.0,0.066,777.8,686.2,0
OK,86118,Lift Support,CLIFT SUPPORT,,51.0,0.0,0.0,51.0,12.0,12.0,4.0,0.066,777.8,594.8,0
OK,84163R,Lift Support,CLIFT SUPPORT,,51.0,0.0,0.0,51.0,7.0,7.0,4.0,0.066,777.8,671.0,0
OK,345570,Shock,BARE,,51.0,0.0,0.0,51.0,24.0,24.0,4.0,0.066,777.8,411.8,0
OK,332369L,Strut,BARE,,181.0,4.0,2.0,179.0,139.0,139.0,14.0,0.23,779.9,174.3,0
OK,84585,Lift Support,CLIFT SUPPORT,,179.0,0.0,0.0,179.0,61.0,61.0,14.0,0.23,779.9,514.1,0
OK,2345879L,Complete Strut,FCS,,78.0,0.0,1.0,77.0,14.0,14.0,6.0,0.098,782.8,640.5,0
OK,8348088,Complete Strut,FCS,,77.0,0.0,0.0,77.0,0.0,0.0,6.0,0.098,782.8,738.8,0
OK,8348089,Complete Strut,FCS,,77.0,0.0,0.0,77.0,0.0,0.0,6.0,0.098,782.8,738.8,0
OK,8346417,Complete Strut,FCS,,77.0,0.0,0.0,77.0,0.0,0.0,6.0,0.098,782.8,738.8,0
OK,331839L,Strut,BARE,,246.0,0.0,2.0,244.0,152.0,152.0,19.0,0.311,783.4,295.4,0
OK,333565R,Strut,BARE,,261.0,0.0,3.0,258.0,189.0,189.0,20.0,0.328,786.9,210.5,0
OK,1331734,Complete Strut,FCS,,371.0,33.0,9.0,362.0,199.0,199.0,28.0,0.459,788.6,355.1,0
OK,1331621L,Complete Strut,FCS,,55.0,0.0,3.0,52.0,40.0,40.0,4.0,0.066,793.0,183.0,0
OK,1332314,Complete Strut,FCS,,109.0,24.0,5.0,104.0,93.0,93.0,8.0,0.131,793.0,83.9,0
OK,1335848L,Complete Strut,FCS,,133.0,0.0,3.0,130.0,48.0,48.0,10.0,0.164,793.0,500.2,0
OK,2333438R,Complete Strut,FCS,,28.0,0.0,2.0,26.0,19.0,19.0,2.0,0.033,793.0,213.5,0
OK,331623R,Strut,BARE,,26.0,48.0,0.0,26.0,22.0,22.0,2.0,0.033,793.0,122.0,0
OK,331755R,Strut,BARE,,13.0,0.0,0.0,13.0,8.0,8.0,1.0,0.016,793.0,305.0,0
OK,333439R,Strut,BARE,,40.0,0.0,1.0,39.0,16.0,16.0,3.0,0.049,793.0,467.7,0
OK,335876L,Strut,BARE,,65.0,0.0,0.0,65.0,42.0,42.0,5.0,0.082,793.0,280.6,0
OK,84049,Lift Support,CLIFT SUPPORT,,93.0,0.0,2.0,91.0,33.0,33.0,7.0,0.115,793.0,505.4,0
OK,84106,Lift Support,CLIFT SUPPORT,,54.0,0.0,2.0,52.0,28.0,28.0,4.0,0.066,793.0,366.0,0
OK,84477,Lift Support,CLIFT SUPPORT,,26.0,0.0,0.0,26.0,1.0,1.0,2.0,0.033,793.0,762.5,0
OK,84949L,Lift Support,CLIFT SUPPORT,,92.0,0.0,1.0,91.0,29.0,29.0,7.0,0.115,793.0,540.3,0
OK,331665L,Strut,BARE,,26.0,0.0,0.0,26.0,14.0,14.0,2.0,0.033,793.0,366.0,0
OK,335807L,Strut,BARE,,27.0,0.0,1.0,26.0,17.0,17.0,2.0,0.033,793.0,274.5,0
OK,86679,LIFT SUPPORT,CLIFT SUPPORT,,54.0,0.0,2.0,52.0,50.0,50.0,4.0,0.066,793.0,30.5,0
OK,86883,LIFT SUPPORT,CLIFT SUPPORT,,80.0,0.0,2.0,78.0,44.0,44.0,6.0,0.098,793.0,345.7,0
OK,87045,LIFT SUPPORT,CLIFT SUPPORT,,52.0,0.0,0.0,52.0,49.0,49.0,4.0,0.066,793.0,45.8,0
OK,1331701R,Complete Strut,FCS,,13.0,0.0,0.0,13.0,10.0,10.0,1.0,0.016,793.0,183.0,0
OK,2335682R,Complete Strut,FCS,,39.0,0.0,0.0,39.0,24.0,24.0,3.0,0.049,793.0,305.0,0
OK,355040,Strut,BARE,,26.0,0.0,0.0,26.0,10.0,10.0,2.0,0.033,793.0,488.0,0
OK,2345476R,Complete Strut,FCS,,13.0,0.0,0.0,13.0,13.0,13.0,1.0,0.016,793.0,0.0,0
OK,334101R,Strut,BARE,,17.0,0.0,4.0,13.0,18.0,18.0,1.0,0.016,793.0,0.0,5
OK,Q9002,Air Spring,Air Suspension,,13.0,0.0,0.0,13.0,5.0,5.0,1.0,0.016,793.0,488.0,0
OK,92020,Electronic Air Strut,Air Suspension,,26.0,0.0,0.0,26.0,11.0,11.0,2.0,0.033,793.0,457.5,0
OK,95011,Air Conv. Kit,Air Suspension,,52.0,0.0,0.0,52.0,26.0,26.0,4.0,0.066,793.0,396.5,0
OK,334455L,Strut,BARE,,26.0,0.0,0.0,26.0,8.0,8.0,2.0,0.033,793.0,549.0,0
OK,348006,Shock,BARE,,109.0,0.0,5.0,104.0,66.0,66.0,8.0,0.131,793.0,289.8,0
OK,94086,Electronic Strut,Air Suspension,,28.0,0.0,2.0,26.0,8.0,8.0,2.0,0.033,793.0,549.0,0
OK,1333530,Complete Strut,FCS,,326.0,0.0,13.0,313.0,145.0,145.0,24.0,0.393,795.5,427.0,0
OK,86104,Lift Support,CLIFT SUPPORT,,183.0,0.0,0.0,183.0,102.0,102.0,14.0,0.23,797.4,352.9,0
OK,1345540,Complete Strut,FCS,,320.0,327.0,6.0,314.0,142.0,142.0,24.0,0.393,798.1,437.2,0
OK,2331632R,Complete Strut,FCS,,158.0,0.0,14.0,144.0,163.0,163.0,11.0,0.18,798.5,0.0,19
OK,346747,Shock,BARE,,147.0,0.0,3.0,144.0,50.0,50.0,11.0,0.18,798.5,521.3,0
OK,1332322L,Complete Strut,FCS,,96.0,26.0,4.0,92.0,101.0,101.0,7.0,0.115,801.7,0.0,0
OK,331576,Strut,BARE,,158.0,0.0,0.0,158.0,123.0,123.0,12.0,0.197,803.2,177.9,0
OK,345450,Strut,BARE,,83.0,0.0,4.0,79.0,73.0,73.0,6.0,0.098,803.2,61.0,0
OK,84381,Lift Support,CLIFT SUPPORT,,79.0,0.0,0.0,79.0,22.0,22.0,6.0,0.098,803.2,579.5,0
OK,1335875L,Complete Strut,FCS,,80.0,0.0,1.0,79.0,45.0,45.0,6.0,0.098,803.2,345.7,0
OK,331908R,Strut,BARE,,66.0,40.0,0.0,66.0,67.0,67.0,5.0,0.082,805.2,0.0,0
OK,1332332L,Complete Strut,FCS,,66.0,7.0,0.0,66.0,28.0,28.0,5.0,0.082,805.2,463.6,0
OK,E89035L,Powered lift support,Power Lift,,66.0,0.0,0.0,66.0,9.0,9.0,5.0,0.082,805.2,695.4,0
OK,1333450L,Complete Strut,FCS,,230.0,0.0,5.0,225.0,176.0,176.0,17.0,0.279,807.4,175.8,0
OK,84111,Lift Support,CLIFT SUPPORT,,53.0,0.0,0.0,53.0,9.0,9.0,4.0,0.066,808.2,671.0,0
OK,84587,Lift Support,CLIFT SUPPORT,,53.0,0.0,0.0,53.0,8.0,8.0,4.0,0.066,808.2,686.2,0
OK,333572L,Strut,BARE,,53.0,0.0,0.0,53.0,43.0,43.0,4.0,0.066,808.2,152.5,0
OK,86792,LIFT SUPPORT,CLIFT SUPPORT,,53.0,0.0,0.0,53.0,46.0,46.0,4.0,0.066,808.2,106.8,0
OK,DT346453,Shock,BARE,,59.0,0.0,6.0,53.0,42.0,42.0,4.0,0.066,808.2,167.8,0
OK,332358R,Strut,BARE,,147.0,48.0,1.0,146.0,116.0,116.0,11.0,0.18,809.6,166.4,0
OK,345694,Strut,BARE,,148.0,0.0,2.0,146.0,143.0,143.0,11.0,0.18,809.6,16.6,0
OK,331590R,Strut,BARE,,96.0,0.0,3.0,93.0,46.0,46.0,7.0,0.115,810.4,409.6,0
OK,345970R,Strut,BARE,,136.0,0.0,3.0,133.0,106.0,106.0,10.0,0.164,811.3,164.7,0
OK,336305,Strut,BARE,,508.0,0.0,2.0,506.0,378.0,378.0,38.0,0.623,812.3,205.5,0
OK,1335532L,Complete Strut,FCS,,419.0,0.0,6.0,413.0,105.0,105.0,31.0,0.508,812.7,606.1,0
OK,1331761R,Complete Strut,FCS,,40.0,0.0,0.0,40.0,23.0,23.0,3.0,0.049,813.3,345.7,0
OK,1345823R,Complete Strut,FCS,,44.0,0.0,4.0,40.0,36.0,36.0,3.0,0.049,813.3,81.3,0
OK,1333506L,Complete Strut,FCS,,425.0,0.0,11.0,414.0,335.0,335.0,31.0,0.508,814.6,155.5,0
OK,1345395,Complete Strut,FCS,,136.0,20.0,2.0,134.0,30.0,30.0,10.0,0.164,817.4,634.4,0
OK,1345795,Complete Strut,FCS,,134.0,0.0,0.0,134.0,65.0,65.0,10.0,0.164,817.4,420.9,0
OK,Q4010,Air Spring,Air Suspension,,69.0,0.0,2.0,67.0,51.0,51.0,5.0,0.082,817.4,195.2,0
OK,1335790,Complete Strut,FCS,,1087.0,68.0,1.0,1086.0,410.0,410.0,81.0,1.328,817.9,509.1,0
OK,2331688L,Complete Strut,FCS,,81.0,0.0,0.0,81.0,36.0,36.0,6.0,0.098,823.5,457.5,0
OK,331774L,Strut,BARE,,27.0,120.0,0.0,27.0,15.0,15.0,2.0,0.033,823.5,366.0,0
OK,335897L,Strut,BARE,,300.0,0.0,3.0,297.0,244.0,244.0,22.0,0.361,823.5,147.0,0
OK,336330,Strut,BARE,,189.0,0.0,0.0,189.0,85.0,85.0,14.0,0.23,823.5,453.1,0
OK,84213,Lift Support,CLIFT SUPPORT,,27.0,0.0,0.0,27.0,4.0,4.0,2.0,0.033,823.5,701.5,0
OK,84435,Lift Support,CLIFT SUPPORT,,56.0,0.0,2.0,54.0,15.0,15.0,4.0,0.066,823.5,594.8,0
OK,84447,Lift Support,CLIFT SUPPORT,,28.0,0.0,1.0,27.0,9.0,9.0,2.0,0.033,823.5,549.0,0
OK,84544,Lift Support,CLIFT SUPPORT,,54.0,0.0,0.0,54.0,26.0,26.0,4.0,0.066,823.5,427.0,0
OK,86502,Lift Support,CLIFT SUPPORT,,81.0,0.0,0.0,81.0,16.0,16.0,6.0,0.098,823.5,660.8,0
OK,86940,Lift Support,CLIFT SUPPORT,,54.0,0.0,0.0,54.0,13.0,13.0,4.0,0.066,823.5,625.2,0
OK,99054,Electronic Air Strut,Air Suspension,,84.0,0.0,3.0,81.0,36.0,36.0,6.0,0.098,823.5,457.5,0
OK,335957,Strut,BARE,,29.0,48.0,2.0,27.0,12.0,12.0,2.0,0.033,823.5,457.5,0
OK,87088,Lift Support,CLIFT SUPPORT,,54.0,0.0,0.0,54.0,10.0,10.0,4.0,0.066,823.5,671.0,0
OK,346784,Shock,BARE,,27.0,50.0,0.0,27.0,25.0,25.0,2.0,0.033,823.5,61.0,0
OK,86462,Lift Support,CLIFT SUPPORT,,409.0,0.0,2.0,407.0,273.0,273.0,30.0,0.492,827.6,272.5,0
OK,335876R,Strut,BARE,,96.0,0.0,1.0,95.0,49.0,49.0,7.0,0.115,827.9,400.9,0
OK,86171,Lift Support,CLIFT SUPPORT,,99.0,0.0,4.0,95.0,61.0,61.0,7.0,0.115,827.9,296.3,0
OK,86673,Lift Support,CLIFT SUPPORT,,138.0,0.0,2.0,136.0,94.0,94.0,10.0,0.164,829.6,256.2,0
OK,E89026,Powered lift support,Power Lift,,69.0,0.0,1.0,68.0,3.0,3.0,5.0,0.082,829.6,793.0,0
OK,2333406R,Complete Strut,FCS,,41.0,0.0,0.0,41.0,9.0,9.0,3.0,0.049,833.7,650.7,0
OK,86322,Lift Support,CLIFT SUPPORT,,84.0,0.0,2.0,82.0,46.0,46.0,6.0,0.098,833.7,366.0,0
OK,1345453R,Complete Strut,FCS,,42.0,0.0,1.0,41.0,15.0,15.0,3.0,0.049,833.7,528.7,0
OK,99049,Electronic Air Strut,Air Suspension,,41.0,0.0,0.0,41.0,33.0,33.0,3.0,0.049,833.7,162.7,0
OK,86682,LIFT SUPPORT,CLIFT SUPPORT,,369.0,0.0,0.0,369.0,160.0,160.0,27.0,0.443,833.7,472.2,0
OK,8346597,Complete Strut,FCS,,123.0,0.0,0.0,123.0,62.0,62.0,9.0,0.148,833.7,413.4,0
OK,355088,Strut,BARE,,43.0,0.0,2.0,41.0,23.0,23.0,3.0,0.049,833.7,366.0,0
OK,36C003,Cartridge,BARE,,55.0,0.0,0.0,55.0,20.0,20.0,4.0,0.066,838.8,533.8,0
OK,86699,LIFT SUPPORT,CLIFT SUPPORT,,55.0,0.0,0.0,55.0,15.0,15.0,4.0,0.066,838.8,610.0,0
OK,333927L,Strut,BARE,,55.0,0.0,0.0,55.0,78.0,78.0,4.0,0.066,838.8,0.0,23
OK,8346347,Complete Strut,FCS,,59.0,0.0,4.0,55.0,51.0,51.0,4.0,0.066,838.8,61.0,0
OK,95029,Air Conv. Kit,Air Suspension,,56.0,0.0,1.0,55.0,28.0,28.0,4.0,0.066,838.8,411.8,0
OK,332306L,Strut,BARE,,457.0,0.0,2.0,455.0,298.0,298.0,33.0,0.541,841.1,290.2,0
OK,341980,Shock,BARE,,282.0,60.0,6.0,276.0,241.0,241.0,20.0,0.328,841.8,106.8,0
OK,1332332R,Complete Strut,FCS,,69.0,5.0,0.0,69.0,33.0,33.0,5.0,0.082,841.8,439.2,0
OK,86803,Lift Support,CLIFT SUPPORT,,347.0,0.0,2.0,345.0,119.0,119.0,25.0,0.41,841.8,551.4,0
OK,333334L,Strut,BARE,,69.0,0.0,0.0,69.0,23.0,23.0,5.0,0.082,841.8,561.2,0
OK,331590L,Strut,BARE,,99.0,0.0,2.0,97.0,48.0,48.0,7.0,0.115,845.3,427.0,0
OK,332368L,Strut,BARE,,195.0,0.0,1.0,194.0,137.0,137.0,14.0,0.23,845.3,248.4,0
OK,334097L,Strut,BARE,,97.0,0.0,0.0,97.0,41.0,41.0,7.0,0.115,845.3,488.0,0
OK,337234R,Strut,BARE,,100.0,0.0,3.0,97.0,62.0,62.0,7.0,0.115,845.3,305.0,0
OK,333296R,Strut,BARE,,418.0,0.0,2.0,416.0,243.0,243.0,30.0,0.492,845.9,351.8,0
OK,346966,Shock,BARE,,114.0,0.0,3.0,111.0,37.0,37.0,8.0,0.131,846.4,564.2,0
OK,345412,Strut,BARE,,348.0,0.0,0.0,348.0,161.0,161.0,25.0,0.41,849.1,456.3,0
OK,1345794,Complete Strut,FCS,,200.0,0.0,5.0,195.0,152.0,152.0,14.0,0.23,849.6,187.4,0
OK,1345484,Complete Strut,FCS,,370.0,59.0,6.0,364.0,110.0,110.0,26.0,0.426,854.0,595.9,0
OK,331803R,Strut,BARE,,14.0,0.0,0.0,14.0,15.0,15.0,1.0,0.016,854.0,0.0,1
OK,335896R,Strut,BARE,,86.0,0.0,2.0,84.0,68.0,68.0,6.0,0.098,854.0,162.7,0
OK,342492,Shock,BARE,,31.0,20.0,3.0,28.0,26.0,26.0,2.0,0.033,854.0,61.0,0
OK,345761,Strut,BARE,,58.0,0.0,2.0,56.0,41.0,41.0,4.0,0.066,854.0,228.8,0
OK,84040,Lift Support,CLIFT SUPPORT,,28.0,0.0,0.0,28.0,6.0,6.0,2.0,0.033,854.0,671.0,0
OK,84116,Lift Support,CLIFT SUPPORT,,112.0,0.0,0.0,112.0,50.0,50.0,8.0,0.131,854.0,472.8,0
OK,84125,Lift Support,CLIFT SUPPORT,,42.0,0.0,0.0,42.0,13.0,13.0,3.0,0.049,854.0,589.7,0
OK,84333,Lift Support,CLIFT SUPPORT,,28.0,0.0,0.0,28.0,9.0,9.0,2.0,0.033,854.0,579.5,0
OK,84508,Lift Support,CLIFT SUPPORT,,85.0,0.0,1.0,84.0,50.0,50.0,6.0,0.098,854.0,345.7,0
OK,84835,Lift Support,CLIFT SUPPORT,,14.0,0.0,0.0,14.0,4.0,4.0,1.0,0.016,854.0,610.0,0
OK,86446,Lift Support,CLIFT SUPPORT,,56.0,0.0,0.0,56.0,19.0,19.0,4.0,0.066,854.0,564.2,0
OK,86624,Lift Support,CLIFT SUPPORT,,85.0,0.0,1.0,84.0,25.0,25.0,6.0,0.098,854.0,599.8,0
OK,84867L,Lift Support,CLIFT SUPPORT,,28.0,0.0,0.0,28.0,2.0,2.0,2.0,0.033,854.0,793.0,0
OK,333841L,Strut,BARE,,114.0,0.0,2.0,112.0,84.0,84.0,8.0,0.131,854.0,213.5,0
OK,341745,Shock,BARE,,130.0,0.0,4.0,126.0,65.0,65.0,9.0,0.148,854.0,413.4,0
OK,355028,Strut,BARE,,56.0,0.0,0.0,56.0,6.0,6.0,4.0,0.066,854.0,762.5,0
OK,92008,Electronic Air Strut,Air Suspension,,28.0,0.0,0.0,28.0,18.0,18.0,2.0,0.033,854.0,305.0,0
OK,SC00027,Complete Strut,FCS,,29.0,0.0,1.0,28.0,15.0,15.0,2.0,0.033,854.0,396.5,0
OK,334330L,Strut,BARE,,29.0,0.0,1.0,28.0,19.0,19.0,2.0,0.033,854.0,274.5,0
OK,95024,Passive Conv.Kit,Air Suspension,,20.0,0.0,6.0,14.0,11.0,11.0,1.0,0.016,854.0,183.0,0
OK,337281L,Strut,BARE,,43.0,0.0,1.0,42.0,0.0,0.0,3.0,0.049,854.0,810.0,0
OK,337281R,Strut,BARE,,43.0,0.0,1.0,42.0,0.0,0.0,3.0,0.049,854.0,810.0,0
OK,8348080,Complete Strut,FCS,,98.0,0.0,0.0,98.0,0.0,0.0,7.0,0.115,854.0,810.0,0
OK,8348081,Complete Strut,FCS,,98.0,0.0,0.0,98.0,0.0,0.0,7.0,0.115,854.0,810.0,0
OK,8346942,Complete Strut,FCS,,98.0,0.0,0.0,98.0,0.0,0.0,7.0,0.115,854.0,810.0,0
OK,335779R,Strut,BARE,,270.0,0.0,3.0,267.0,248.0,248.0,19.0,0.311,857.2,61.0,0
OK,342488,Shock,BARE,,284.0,0.0,2.0,282.0,152.0,152.0,20.0,0.328,860.1,396.5,0
OK,F344343,Heavy Duty Shock Absorber,HBare,,145.0,0.0,4.0,141.0,64.0,64.0,10.0,0.164,860.1,469.7,0
OK,84078,Lift Support,CLIFT SUPPORT,,113.0,0.0,0.0,113.0,41.0,41.0,8.0,0.131,861.6,549.0,0
OK,86147,Lift Support,CLIFT SUPPORT,,85.0,0.0,0.0,85.0,9.0,9.0,6.0,0.098,864.2,772.7,0
OK,1334579,Complete Strut,FCS,,112.0,0.0,27.0,85.0,0.0,0.0,6.0,0.098,864.2,820.2,0
OK,331008R,Strut,BARE,,71.0,0.0,0.0,71.0,51.0,51.0,5.0,0.082,866.2,244.0,0
OK,333467L,Strut,BARE,,71.0,0.0,0.0,71.0,88.0,88.0,5.0,0.082,866.2,0.0,17
OK,86567,LIFT SUPPORT,CLIFT SUPPORT,,71.0,0.0,0.0,71.0,27.0,27.0,5.0,0.082,866.2,536.8,0
OK,332306R,Strut,BARE,,472.0,0.0,3.0,469.0,296.0,296.0,33.0,0.541,866.9,319.8,0
OK,341629,Shock,BARE,,470.0,0.0,0.0,470.0,137.0,137.0,33.0,0.541,868.8,615.5,0
OK,345458L,Strut,BARE,,58.0,0.0,1.0,57.0,8.0,8.0,4.0,0.066,869.2,747.2,0
OK,84063,Lift Support,CLIFT SUPPORT,,57.0,0.0,0.0,57.0,47.0,47.0,4.0,0.066,869.2,152.5,0
OK,84446,Lift Support,CLIFT SUPPORT,,57.0,0.0,0.0,57.0,8.0,8.0,4.0,0.066,869.2,747.2,0
OK,86282,Lift Support,CLIFT SUPPORT,,57.0,0.0,0.0,57.0,15.0,15.0,4.0,0.066,869.2,640.5,0
OK,1331796R,Complete Strut,FCS,,133.0,0.0,4.0,129.0,63.0,63.0,9.0,0.148,874.3,447.3,0
OK,1331909L,Complete Strut,FCS,,262.0,0.0,4.0,258.0,99.0,99.0,18.0,0.295,874.3,538.8,0
OK,1332317,Complete Strut,FCS,,88.0,10.0,2.0,86.0,55.0,55.0,6.0,0.098,874.3,315.2,0
OK,2331008R,Complete Strut,FCS,,92.0,0.0,6.0,86.0,47.0,47.0,6.0,0.098,874.3,396.5,0
OK,333431L,Strut,BARE,,43.0,0.0,0.0,43.0,12.0,12.0,3.0,0.049,874.3,630.3,0
OK,84858,Lift Support,CLIFT SUPPORT,,43.0,0.0,0.0,43.0,7.0,7.0,3.0,0.049,874.3,732.0,0
OK,86181,Lift Support,CLIFT SUPPORT,,43.0,0.0,0.0,43.0,7.0,7.0,3.0,0.049,874.3,732.0,0
OK,333702L,Strut,BARE,,45.0,0.0,2.0,43.0,17.0,17.0,3.0,0.049,874.3,528.7,0
OK,87040,LIFT SUPPORT,CLIFT SUPPORT,,43.0,0.0,0.0,43.0,18.0,18.0,3.0,0.049,874.3,508.3,0
OK,346465R,Shock,BARE,,88.0,0.0,2.0,86.0,41.0,41.0,6.0,0.098,874.3,457.5,0
OK,8346992,Complete Strut,FCS,,173.0,0.0,1.0,172.0,36.0,36.0,12.0,0.197,874.3,691.3,0
OK,331789L,Strut,BARE,,202.0,144.0,1.0,201.0,264.0,264.0,14.0,0.23,875.8,0.0,0
OK,331601R,Strut,BARE,,738.0,0.0,5.0,733.0,345.0,345.0,51.0,0.836,876.7,464.1,0
OK,345402,Strut,BARE,,74.0,0.0,2.0,72.0,47.0,47.0,5.0,0.082,878.4,305.0,0
OK,345467,Strut,BARE,,74.0,0.0,2.0,72.0,44.0,44.0,5.0,0.082,878.4,341.6,0
OK,F347214,Heavy Duty Shock Absorber,HBare,,148.0,0.0,4.0,144.0,130.0,130.0,10.0,0.164,878.4,85.4,0
OK,332356,Strut,BARE,,584.0,0.0,7.0,577.0,273.0,273.0,40.0,0.656,879.9,463.6,0
OK,335582,Strut,BARE,,543.0,0.0,8.0,535.0,290.0,290.0,37.0,0.607,882.0,403.9,0
OK,2333489L,Complete Strut,FCS,,29.0,0.0,0.0,29.0,25.0,25.0,2.0,0.033,884.5,122.0,0
OK,2335527R,Complete Strut,FCS,,31.0,8.0,2.0,29.0,21.0,21.0,2.0,0.033,884.5,244.0,0
OK,331713R,Strut,BARE,,29.0,0.0,0.0,29.0,13.0,13.0,2.0,0.033,884.5,488.0,0
OK,335533,Strut,BARE,,58.0,0.0,0.0,58.0,63.0,63.0,4.0,0.066,884.5,0.0,5
OK,335632L,Strut,BARE,,29.0,0.0,0.0,29.0,21.0,21.0,2.0,0.033,884.5,244.0,0
OK,345399,Strut,BARE,,58.0,0.0,0.0,58.0,38.0,38.0,4.0,0.066,884.5,305.0,0
OK,84160,Lift Support,CLIFT SUPPORT,,60.0,0.0,2.0,58.0,38.0,38.0,4.0,0.066,884.5,305.0,0
OK,84335,Lift Support,CLIFT SUPPORT,,29.0,0.0,0.0,29.0,2.0,2.0,2.0,0.033,884.5,823.5,0
OK,86148,Lift Support,CLIFT SUPPORT,,58.0,0.0,0.0,58.0,5.0,5.0,4.0,0.066,884.5,808.2,0
OK,1335531L,Complete Strut,FCS,,58.0,0.0,0.0,58.0,61.0,61.0,4.0,0.066,884.5,0.0,3
OK,86738,LIFT SUPPORT,CLIFT SUPPORT,,89.0,0.0,2.0,87.0,88.0,88.0,6.0,0.098,884.5,0.0,1
OK,333819R,Strut,BARE,,29.0,0.0,0.0,29.0,19.0,19.0,2.0,0.033,884.5,305.0,0
OK,F347329,Heavy Duty Shock Absorber,HBare,,58.0,0.0,0.0,58.0,21.0,21.0,4.0,0.066,884.5,564.2,0
OK,SC00022,Complete Strut,FCS,,58.0,0.0,0.0,58.0,65.0,65.0,4.0,0.066,884.5,0.0,7
OK,8346958,Complete Strut,FCS,,87.0,0.0,0.0,87.0,9.0,9.0,6.0,0.098,884.5,793.0,0
OK,331629L,Strut,BARE,,381.0,0.0,2.0,379.0,250.0,250.0,26.0,0.426,889.2,302.7,0
OK,1335835L,Complete Strut,FCS,,75.0,0.0,2.0,73.0,31.0,31.0,5.0,0.082,890.6,512.4,0
OK,348019,Shock,BARE,,219.0,0.0,0.0,219.0,61.0,61.0,15.0,0.246,890.6,642.5,0
OK,94084,Electronic Shock,Air Suspension,,164.0,0.0,3.0,161.0,26.0,26.0,11.0,0.18,892.8,748.6,0
OK,333406R,Strut,BARE,,206.0,0.0,1.0,205.0,172.0,172.0,14.0,0.23,893.2,143.8,0
OK,335878R,Strut,BARE,,44.0,0.0,0.0,44.0,33.0,33.0,3.0,0.049,894.7,223.7,0
OK,84218,Lift Support,CLIFT SUPPORT,,88.0,0.0,0.0,88.0,36.0,36.0,6.0,0.098,894.7,528.7,0
OK,84530,Lift Support,CLIFT SUPPORT,,44.0,0.0,0.0,44.0,18.0,18.0,3.0,0.049,894.7,528.7,0
OK,84963R,Lift Support,CLIFT SUPPORT,,45.0,0.0,1.0,44.0,9.0,9.0,3.0,0.049,894.7,711.7,0
OK,334472R,Strut,BARE,,46.0,0.0,2.0,44.0,42.0,42.0,3.0,0.049,894.7,40.7,0
OK,334593L,Strut,BARE,,45.0,0.0,1.0,44.0,0.0,0.0,3.0,0.049,894.7,850.7,0
OK,334593R,Strut,BARE,,45.0,0.0,1.0,44.0,0.0,0.0,3.0,0.049,894.7,850.7,0
OK,331601L,Strut,BARE,,711.0,0.0,4.0,707.0,338.0,338.0,48.0,0.787,898.5,468.9,0
OK,84482,Lift Support,CLIFT SUPPORT,,59.0,0.0,0.0,59.0,22.0,22.0,4.0,0.066,899.8,564.2,0
OK,331595L,Strut,BARE,,252.0,0.0,1.0,251.0,149.0,149.0,17.0,0.279,900.6,366.0,0
OK,84048,Lift Support,CLIFT SUPPORT,,1466.0,0.0,15.0,1451.0,807.0,807.0,98.0,1.607,903.2,400.9,0
OK,8346729RL,Complete Strut,FCS,,243.0,0.0,6.0,237.0,62.0,62.0,16.0,0.262,903.6,667.2,0
OK,1331646L,Complete Strut,FCS,,89.0,10.0,0.0,89.0,20.0,20.0,6.0,0.098,904.8,701.5,0
OK,336337,Strut,BARE,,208.0,0.0,0.0,208.0,162.0,162.0,14.0,0.23,906.3,200.4,0
OK,84358,Lift Support,CLIFT SUPPORT,,104.0,0.0,0.0,104.0,35.0,35.0,7.0,0.115,906.3,601.3,0
OK,86194,Lift Support,CLIFT SUPPORT,,108.0,0.0,4.0,104.0,44.0,44.0,7.0,0.115,906.3,522.9,0
OK,334309R,Strut,BARE,,104.0,0.0,0.0,104.0,42.0,42.0,7.0,0.115,906.3,540.3,0
OK,2335582L,Complete Strut,FCS,,91.0,0.0,1.0,90.0,78.0,78.0,6.0,0.098,915.0,122.0,0
OK,333471R,Strut,BARE,,76.0,0.0,1.0,75.0,19.0,19.0,5.0,0.082,915.0,683.2,0
OK,335599L,Strut,BARE,,15.0,0.0,0.0,15.0,10.0,10.0,1.0,0.016,915.0,305.0,0
OK,335896L,Strut,BARE,,91.0,0.0,1.0,90.0,75.0,75.0,6.0,0.098,915.0,152.5,0
OK,84429,Lift Support,CLIFT SUPPORT,,60.0,0.0,0.0,60.0,5.0,5.0,4.0,0.066,915.0,838.8,0
OK,86582,Lift Support,CLIFT SUPPORT,,15.0,0.0,0.0,15.0,6.0,6.0,1.0,0.016,915.0,549.0,0
OK,84867R,Lift Support,CLIFT SUPPORT,,30.0,0.0,0.0,30.0,2.0,2.0,2.0,0.033,915.0,854.0,0
OK,333813L,Strut,BARE,,30.0,0.0,0.0,30.0,13.0,13.0,2.0,0.033,915.0,518.5,0
OK,99082,Magnetic Strut,Air Suspension,,15.0,0.0,0.0,15.0,11.0,11.0,1.0,0.016,915.0,244.0,0
OK,355045,Strut,BARE,,60.0,0.0,0.0,60.0,8.0,8.0,4.0,0.066,915.0,793.0,0
OK,334403R,Strut,BARE,,61.0,0.0,1.0,60.0,18.0,18.0,4.0,0.066,915.0,640.5,0
OK,334431L,Strut,BARE,,30.0,0.0,0.0,30.0,13.0,13.0,2.0,0.033,915.0,518.5,0
OK,334459R,Strut,BARE,,15.0,24.0,0.0,15.0,12.0,12.0,1.0,0.016,915.0,183.0,0
OK,1334473L,Complete Strut,FCS,,96.0,0.0,6.0,90.0,63.0,63.0,6.0,0.098,915.0,274.5,0
OK,1345398,Complete Strut,FCS,,370.0,1.0,8.0,362.0,124.0,124.0,24.0,0.393,920.1,604.9,0
OK,86550,Lift Support,CLIFT SUPPORT,,144.0,0.0,8.0,136.0,107.0,107.0,9.0,0.148,921.8,196.6,0
OK,3345879L,Complete Strut,FCS,,127.0,0.0,6.0,121.0,35.0,35.0,8.0,0.131,922.6,655.8,0
OK,1334410L,Complete Strut,FCS,,123.0,0.0,2.0,121.0,43.0,43.0,8.0,0.131,922.6,594.8,0
OK,336304,Strut,BARE,,91.0,0.0,0.0,91.0,77.0,77.0,6.0,0.098,925.2,142.3,0
OK,84379,Lift Support,CLIFT SUPPORT,,169.0,0.0,2.0,167.0,62.0,62.0,11.0,0.18,926.1,582.3,0
OK,84162,Lift Support,CLIFT SUPPORT,,160.0,0.0,8.0,152.0,92.0,92.0,10.0,0.164,927.2,366.0,0
OK,86651,Lift Support,CLIFT SUPPORT,,78.0,0.0,2.0,76.0,49.0,49.0,5.0,0.082,927.2,329.4,0
OK,Q4018,Air Spring,Air Suspension,,85.0,0.0,9.0,76.0,63.0,63.0,5.0,0.082,927.2,158.6,0
OK,348009,Shock,BARE,,201.0,0.0,3.0,198.0,68.0,68.0,13.0,0.213,929.1,610.0,0
OK,335565R,Strut,BARE,,62.0,0.0,1.0,61.0,38.0,38.0,4.0,0.066,930.2,350.8,0
OK,345691,Strut,BARE,,122.0,0.0,0.0,122.0,61.0,61.0,8.0,0.131,930.2,465.1,0
OK,84524,Lift Support,CLIFT SUPPORT,,185.0,0.0,2.0,183.0,63.0,63.0,12.0,0.197,930.2,610.0,0
OK,84966,Lift Support,CLIFT SUPPORT,,61.0,0.0,0.0,61.0,32.0,32.0,4.0,0.066,930.2,442.2,0
OK,87023,LIFT SUPPORT,CLIFT SUPPORT,,63.0,0.0,2.0,61.0,29.0,29.0,4.0,0.066,930.2,488.0,0
OK,87018,Lift Support,CLIFT SUPPORT,,643.0,0.0,2.0,641.0,400.0,400.0,42.0,0.689,931.0,350.0,0
OK,2335543L,Complete Strut,FCS,,122.0,41.0,15.0,107.0,90.0,90.0,7.0,0.115,932.4,148.1,0
OK,333412R,Strut,BARE,,46.0,0.0,0.0,46.0,13.0,13.0,3.0,0.049,935.3,671.0,0
OK,1335579L,Complete Strut,FCS,,46.0,0.0,0.0,46.0,28.0,28.0,3.0,0.049,935.3,366.0,0
OK,341709,Shock,BARE,,142.0,0.0,4.0,138.0,83.0,83.0,9.0,0.148,935.3,372.8,0
OK,346958,Shock,BARE,,96.0,0.0,4.0,92.0,28.0,28.0,6.0,0.098,935.3,650.7,0
OK,84339,Lift Support,CLIFT SUPPORT,,1319.0,0.0,12.0,1307.0,823.0,823.0,85.0,1.393,938.0,347.3,0
OK,86111,Lift Support,CLIFT SUPPORT,,77.0,0.0,0.0,77.0,10.0,10.0,5.0,0.082,939.4,817.4,0
OK,1345948,Complete Strut,FCS,,1530.0,0.0,29.0,1501.0,832.0,832.0,97.0,1.59,943.9,420.7,0
OK,341052,Strut,BARE,,31.0,0.0,0.0,31.0,5.0,5.0,2.0,0.033,945.5,793.0,0
OK,84194,Lift Support,CLIFT SUPPORT,,62.0,0.0,0.0,62.0,12.0,12.0,4.0,0.066,945.5,762.5,0
OK,84211,Lift Support,CLIFT SUPPORT,,93.0,0.0,0.0,93.0,25.0,25.0,6.0,0.098,945.5,691.3,0
OK,84288,Lift Support,CLIFT SUPPORT,,62.0,0.0,0.0,62.0,7.0,7.0,4.0,0.066,945.5,838.8,0
OK,84596,Lift Support,CLIFT SUPPORT,,31.0,0.0,0.0,31.0,6.0,6.0,2.0,0.033,945.5,762.5,0
OK,86516,Lift Support,CLIFT SUPPORT,,31.0,0.0,0.0,31.0,13.0,13.0,2.0,0.033,945.5,549.0,0
OK,86587,Lift Support,CLIFT SUPPORT,,62.0,0.0,0.0,62.0,5.0,5.0,4.0,0.066,945.5,869.2,0
OK,86672,Lift Support,CLIFT SUPPORT,,62.0,0.0,0.0,62.0,11.0,11.0,4.0,0.066,945.5,777.8,0
OK,86191R,Lift Support,CLIFT SUPPORT,,63.0,0.0,1.0,62.0,36.0,36.0,4.0,0.066,945.5,396.5,0
OK,86832,Lift Support,CLIFT SUPPORT,,31.0,0.0,0.0,31.0,11.0,11.0,2.0,0.033,945.5,610.0,0
OK,HS001,Susp. Ride Sensor,Air Suspension,,31.0,0.0,0.0,31.0,8.0,8.0,2.0,0.033,945.5,701.5,0
OK,1335718R,Complete Strut,FCS,,238.0,0.0,5.0,233.0,216.0,216.0,15.0,0.246,947.5,69.1,0
OK,86701,Lift Support,CLIFT SUPPORT,,78.0,0.0,0.0,78.0,22.0,22.0,5.0,0.082,951.6,683.2,0
OK,Q4009,Air Spring,Air Suspension,,81.0,0.0,3.0,78.0,52.0,52.0,5.0,0.082,951.6,317.2,0
OK,8346106,Complete Strut,FCS,,78.0,0.0,0.0,78.0,0.0,0.0,5.0,0.082,951.6,907.6,0
OK,84805,Lift Support,CLIFT SUPPORT,,47.0,0.0,0.0,47.0,11.0,11.0,3.0,0.049,955.7,732.0,0
OK,334144R,Strut,BARE,,96.0,0.0,2.0,94.0,70.0,70.0,6.0,0.098,955.7,244.0,0
OK,346848,Shock,BARE,,94.0,0.0,0.0,94.0,69.0,69.0,6.0,0.098,955.7,254.2,0
OK,84157,Lift Support,CLIFT SUPPORT,,567.0,0.0,2.0,565.0,374.0,374.0,36.0,0.59,957.4,323.6,0
OK,1335849L,Complete Strut,FCS,,110.0,5.0,0.0,110.0,91.0,91.0,7.0,0.115,958.6,165.6,0
OK,345682,Strut,BARE,,366.0,0.0,4.0,362.0,259.0,259.0,23.0,0.377,960.1,273.2,0
OK,1345734,Complete Strut,FCS,,737.0,0.0,13.0,724.0,258.0,258.0,46.0,0.754,960.1,618.0,0
OK,345404,Strut,BARE,,556.0,96.0,5.0,551.0,476.0,476.0,35.0,0.574,960.3,130.7,0
OK,86259,Lift Support,CLIFT SUPPORT,,63.0,0.0,0.0,63.0,29.0,29.0,4.0,0.066,960.8,518.5,0
OK,86268,Lift Support,CLIFT SUPPORT,,63.0,0.0,0.0,63.0,3.0,3.0,4.0,0.066,960.8,915.0,0
OK,347069,Shock,BARE,,289.0,0.0,5.0,284.0,206.0,206.0,18.0,0.295,962.4,264.3,0
OK,345815,Strut,BARE,,579.0,0.0,8.0,571.0,279.0,279.0,36.0,0.59,967.5,494.8,0
OK,1334052R,Complete Strut,FCS,,163.0,0.0,4.0,159.0,126.0,126.0,10.0,0.164,969.9,201.3,0
OK,334319L,Strut,BARE,,163.0,0.0,4.0,159.0,93.0,93.0,10.0,0.164,969.9,402.6,0
OK,1345559,Complete Strut,FCS,,196.0,1.0,5.0,191.0,200.0,200.0,12.0,0.197,970.9,0.0,8
OK,86120,Lift Support,CLIFT SUPPORT,,472.0,0.0,10.0,462.0,368.0,368.0,29.0,0.475,971.8,197.7,0
OK,332352R,Strut,BARE,,490.0,0.0,12.0,478.0,437.0,437.0,30.0,0.492,971.9,83.4,0
OK,346103,Shock,BARE,,648.0,0.0,25.0,623.0,265.0,265.0,39.0,0.639,974.4,559.9,0
OK,1331702R,Complete Strut,FCS,,32.0,0.0,0.0,32.0,20.0,20.0,2.0,0.033,976.0,366.0,0
OK,1331759L,Complete Strut,FCS,,18.0,0.0,2.0,16.0,14.0,14.0,1.0,0.016,976.0,122.0,0
OK,1335850,Complete Strut,FCS,,51.0,3.0,3.0,48.0,74.0,74.0,3.0,0.049,976.0,0.0,23
OK,332352L,Strut,BARE,,520.0,0.0,8.0,512.0,413.0,413.0,32.0,0.525,976.0,188.7,0
OK,335521L,Strut,BARE,,32.0,0.0,0.0,32.0,15.0,15.0,2.0,0.033,976.0,518.5,0
OK,335604R,Strut,BARE,,16.0,24.0,0.0,16.0,23.0,23.0,1.0,0.016,976.0,0.0,0
OK,84432,Lift Support,CLIFT SUPPORT,,34.0,0.0,2.0,32.0,18.0,18.0,2.0,0.033,976.0,427.0,0
OK,84987R,Lift Support,CLIFT SUPPORT,,32.0,0.0,0.0,32.0,10.0,10.0,2.0,0.033,976.0,671.0,0
OK,1331591R,Complete Strut,FCS,,81.0,10.0,1.0,80.0,30.0,30.0,5.0,0.082,976.0,610.0,0
OK,331741L,Strut,BARE,,16.0,0.0,0.0,16.0,26.0,26.0,1.0,0.016,976.0,0.0,10
OK,1331739L,Complete Strut,FCS,,87.0,0.0,7.0,80.0,33.0,33.0,5.0,0.082,976.0,573.4,0
OK,99011,Electronic Air Strut,Air Suspension,,16.0,0.0,0.0,16.0,3.0,3.0,1.0,0.016,976.0,793.0,0
OK,86482,LIFT SUPPORT,CLIFT SUPPORT,,112.0,0.0,0.0,112.0,45.0,45.0,7.0,0.115,976.0,583.9,0
OK,86874,LIFT SUPPORT,CLIFT SUPPORT,,32.0,0.0,0.0,32.0,4.0,4.0,2.0,0.033,976.0,854.0,0
OK,99083,Magnetic Strut,Air Suspension,,16.0,0.0,0.0,16.0,13.0,13.0,1.0,0.016,976.0,183.0,0
OK,337097,Strut,BARE,,38.0,0.0,6.0,32.0,30.0,30.0,2.0,0.033,976.0,61.0,0
OK,93015,Air Strut,Air Suspension,,32.0,0.0,0.0,32.0,6.0,6.0,2.0,0.033,976.0,793.0,0
OK,E89010R,Powered lift support,Power Lift,,80.0,0.0,0.0,80.0,2.0,2.0,5.0,0.082,976.0,951.6,0
OK,94083,Electronic Shock,Air Suspension,,145.0,0.0,0.0,145.0,23.0,23.0,9.0,0.148,982.8,826.9,0
OK,1333838R,Complete Strut,FCS,,115.0,0.0,2.0,113.0,111.0,111.0,7.0,0.115,984.7,17.4,0
OK,331745L,Strut,BARE,,98.0,0.0,1.0,97.0,33.0,33.0,6.0,0.098,986.2,650.7,0
OK,333704L,Strut,BARE,,98.0,80.0,1.0,97.0,69.0,69.0,6.0,0.098,986.2,284.7,0
OK,84919,Lift Support,CLIFT SUPPORT,,85.0,0.0,4.0,81.0,45.0,45.0,5.0,0.082,988.2,439.2,0
OK,SC00009,Complete Strut,FCS,,82.0,0.0,1.0,81.0,97.0,97.0,5.0,0.082,988.2,0.0,16
OK,80050,Lift Support,CLIFT SUPPORT,,308.0,0.0,0.0,308.0,152.0,152.0,19.0,0.311,988.8,500.8,0
OK,8346947,Complete Strut,FCS,,146.0,0.0,0.0,146.0,36.0,36.0,9.0,0.148,989.6,745.6,0
OK,84470,Lift Support,CLIFT SUPPORT,,65.0,0.0,0.0,65.0,17.0,17.0,4.0,0.066,991.2,732.0,0
OK,86176,Lift Support,CLIFT SUPPORT,,65.0,0.0,0.0,65.0,57.0,57.0,4.0,0.066,991.2,122.0,0
OK,337228L,Strut,BARE,,67.0,0.0,2.0,65.0,45.0,45.0,4.0,0.066,991.2,305.0,0
OK,335893R,Strut,BARE,,229.0,0.0,1.0,228.0,153.0,153.0,14.0,0.23,993.4,326.8,0
OK,331579L,Strut,BARE,,102.0,0.0,4.0,98.0,59.0,59.0,6.0,0.098,996.3,396.5,0
OK,335559,Strut,BARE,,49.0,0.0,0.0,49.0,39.0,39.0,3.0,0.049,996.3,203.3,0
OK,84469,Lift Support,CLIFT SUPPORT,,49.0,0.0,0.0,49.0,6.0,6.0,3.0,0.049,996.3,874.3,0
OK,84959,Lift Support,CLIFT SUPPORT,,49.0,0.0,0.0,49.0,28.0,28.0,3.0,0.049,996.3,427.0,0
OK,345955,Strut,BARE,,49.0,0.0,0.0,49.0,13.0,13.0,3.0,0.049,996.3,732.0,0
OK,86689,LIFT SUPPORT,CLIFT SUPPORT,,49.0,0.0,0.0,49.0,21.0,21.0,3.0,0.049,996.3,569.3,0
OK,1345962,Complete Strut,FCS,,294.0,0.0,0.0,294.0,136.0,136.0,18.0,0.295,996.3,535.4,0
OK,334415R,Strut,BARE,,50.0,0.0,1.0,49.0,35.0,35.0,3.0,0.049,996.3,284.7,0
OK,1331646R,Complete Strut,FCS,,82.0,15.0,0.0,82.0,22.0,22.0,5.0,0.082,1000.4,732.0,0
OK,332303,Strut,BARE,,148.0,0.0,0.0,148.0,105.0,105.0,9.0,0.148,1003.1,291.4,0
OK,331839R,Strut,BARE,,315.0,0.0,2.0,313.0,188.0,188.0,19.0,0.311,1004.9,401.3,0
OK,1331750L,Complete Strut,FCS,,69.0,0.0,3.0,66.0,56.0,56.0,4.0,0.066,1006.5,152.5,0
OK,2333319L,Complete Strut,FCS,,33.0,0.0,0.0,33.0,28.0,28.0,2.0,0.033,1006.5,152.5,0
OK,331758L,Strut,BARE,,34.0,0.0,1.0,33.0,10.0,10.0,2.0,0.033,1006.5,701.5,0
OK,332331L,Strut,BARE,,99.0,0.0,0.0,99.0,62.0,62.0,6.0,0.098,1006.5,376.2,0
OK,335542L,Strut,BARE,,66.0,0.0,0.0,66.0,11.0,11.0,4.0,0.066,1006.5,838.8,0
OK,84256,Lift Support,CLIFT SUPPORT,,99.0,0.0,0.0,99.0,27.0,27.0,6.0,0.098,1006.5,732.0,0
OK,84549L,Lift Support,CLIFT SUPPORT,,100.0,0.0,1.0,99.0,35.0,35.0,6.0,0.098,1006.5,650.7,0
OK,86696,LIFT SUPPORT,CLIFT SUPPORT,,33.0,0.0,0.0,33.0,3.0,3.0,2.0,0.033,1006.5,915.0,0
OK,337160,Strut,BARE,,200.0,0.0,2.0,198.0,58.0,58.0,12.0,0.197,1006.5,711.7,0
OK,1355137,Complete Strut,FCS,,198.0,0.0,0.0,198.0,58.0,58.0,12.0,0.197,1006.5,711.7,0
OK,E89075L,Powered lift support,Power Lift,,66.0,0.0,0.0,66.0,3.0,3.0,4.0,0.066,1006.5,960.8,0
OK,334565L,Strut,BARE,,34.0,32.0,1.0,33.0,0.0,0.0,2.0,0.033,1006.5,962.5,0
OK,8348078,Complete Strut,FCS,,99.0,0.0,0.0,99.0,0.0,0.0,6.0,0.098,1006.5,962.5,0
OK,86680,Lift Support,CLIFT SUPPORT,,87.0,0.0,4.0,83.0,63.0,63.0,5.0,0.082,1012.6,244.0,0
OK,8946195,Complete Strut,FCS,,85.0,0.0,2.0,83.0,31.0,31.0,5.0,0.082,1012.6,634.4,0
OK,1331901L,Complete Strut,FCS,,245.0,1.0,12.0,233.0,199.0,199.0,14.0,0.23,1015.2,148.1,0
OK,84592,Lift Support,CLIFT SUPPORT,,105.0,0.0,5.0,100.0,39.0,39.0,6.0,0.098,1016.7,620.2,0
OK,1345453L,Complete Strut,FCS,,50.0,0.0,0.0,50.0,14.0,14.0,3.0,0.049,1016.7,732.0,0
OK,333704R,Strut,BARE,,101.0,80.0,1.0,100.0,74.0,74.0,6.0,0.098,1016.7,264.3,0
OK,DT345785,Strut,BARE,,50.0,0.0,0.0,50.0,35.0,35.0,3.0,0.049,1016.7,305.0,0
OK,8346375,Complete Strut,FCS,,51.0,0.0,1.0,50.0,22.0,22.0,3.0,0.049,1016.7,569.3,0
OK,1355174L,Complete Strut,FCS,,103.0,0.0,3.0,100.0,45.0,45.0,6.0,0.098,1016.7,559.2,0
OK,1331750R,Complete Strut,FCS,,70.0,1.0,3.0,67.0,56.0,56.0,4.0,0.066,1021.8,167.8,0
OK,86393,Lift Support,CLIFT SUPPORT,,201.0,0.0,0.0,201.0,29.0,29.0,12.0,0.197,1021.8,874.3,0
OK,F347500,Heavy Duty Shock Absorber,HBare,,67.0,0.0,0.0,67.0,32.0,32.0,4.0,0.066,1021.8,533.8,0
OK,1334047R,Complete Strut,FCS,,730.0,0.0,9.0,721.0,274.0,274.0,43.0,0.705,1022.8,634.1,0
OK,355017,Strut,BARE,,107.0,0.0,6.0,101.0,76.0,76.0,6.0,0.098,1026.8,254.2,0
OK,8346897,Complete Strut,FCS,,101.0,0.0,0.0,101.0,0.0,0.0,6.0,0.098,1026.8,982.8,0
OK,1345904R,Complete Strut,FCS,,101.0,0.0,0.0,101.0,0.0,0.0,6.0,0.098,1026.8,982.8,0
OK,1345904L,Complete Strut,FCS,,101.0,0.0,0.0,101.0,0.0,0.0,6.0,0.098,1026.8,982.8,0
OK,3345879R,Complete Strut,FCS,,119.0,0.0,1.0,118.0,37.0,37.0,7.0,0.115,1028.3,705.9,0
OK,86105,Lift Support,CLIFT SUPPORT,,137.0,0.0,2.0,135.0,54.0,54.0,8.0,0.131,1029.4,617.6,0
OK,86341,Lift Support,CLIFT SUPPORT,,152.0,0.0,0.0,152.0,60.0,60.0,9.0,0.148,1030.2,623.6,0
OK,332319,Strut,BARE,,322.0,80.0,0.0,322.0,401.0,401.0,19.0,0.311,1033.8,0.0,0
OK,1334047L,Complete Strut,FCS,,669.0,0.0,7.0,662.0,251.0,251.0,39.0,0.639,1035.4,642.8,0
OK,1335588L,Complete Strut,FCS,,51.0,0.0,0.0,51.0,20.0,20.0,3.0,0.049,1037.0,630.3,0
OK,331578R,Strut,BARE,,51.0,0.0,0.0,51.0,18.0,18.0,3.0,0.049,1037.0,671.0,0
OK,331676L,Strut,BARE,,17.0,0.0,0.0,17.0,1.0,1.0,1.0,0.016,1037.0,976.0,0
OK,335849L,Strut,BARE,,34.0,0.0,0.0,34.0,12.0,12.0,2.0,0.033,1037.0,671.0,0
OK,335897R,Strut,BARE,,358.0,0.0,1.0,357.0,264.0,264.0,21.0,0.344,1037.0,270.1,0
OK,84334,Lift Support,CLIFT SUPPORT,,34.0,0.0,0.0,34.0,10.0,10.0,2.0,0.033,1037.0,732.0,0
OK,84832,Lift Support,CLIFT SUPPORT,,35.0,0.0,1.0,34.0,9.0,9.0,2.0,0.033,1037.0,762.5,0
OK,346354,Shock,BARE,,72.0,30.0,4.0,68.0,81.0,81.0,4.0,0.066,1037.0,0.0,0
OK,2345399,Complete Strut,FCS,,102.0,0.0,0.0,102.0,25.0,25.0,6.0,0.098,1037.0,782.8,0
OK,86025,LIFT SUPPORT,CLIFT SUPPORT,,51.0,0.0,0.0,51.0,37.0,37.0,3.0,0.049,1037.0,284.7,0
OK,331655R,Strut,BARE,,17.0,0.0,0.0,17.0,9.0,9.0,1.0,0.016,1037.0,488.0,0
OK,93003,Air Strut,Air Suspension,,17.0,0.0,0.0,17.0,9.0,9.0,1.0,0.016,1037.0,488.0,0
OK,1334410R,Complete Strut,FCS,,121.0,0.0,1.0,120.0,44.0,44.0,7.0,0.115,1045.7,662.3,0
OK,86016,LIFT SUPPORT,CLIFT SUPPORT,,105.0,0.0,2.0,103.0,42.0,42.0,6.0,0.098,1047.2,620.2,0
OK,332328L,Strut,BARE,,87.0,0.0,1.0,86.0,65.0,65.0,5.0,0.082,1049.2,256.2,0
OK,333505L,Strut,BARE,,295.0,4.0,2.0,293.0,152.0,152.0,17.0,0.279,1051.4,505.9,0
OK,331048R,Strut,BARE,,69.0,0.0,0.0,69.0,32.0,32.0,4.0,0.066,1052.2,564.2,0
OK,345492,Strut,BARE,,140.0,0.0,2.0,138.0,84.0,84.0,8.0,0.131,1052.2,411.8,0
OK,84041,Lift Support,CLIFT SUPPORT,,69.0,0.0,0.0,69.0,6.0,6.0,4.0,0.066,1052.2,960.8,0
OK,84526,Lift Support,CLIFT SUPPORT,,69.0,0.0,0.0,69.0,29.0,29.0,4.0,0.066,1052.2,610.0,0
OK,355178,Strut,BARE,,69.0,0.0,0.0,69.0,55.0,55.0,4.0,0.066,1052.2,213.5,0
OK,334051L,Strut,BARE,,194.0,0.0,4.0,190.0,105.0,105.0,11.0,0.18,1053.6,471.4,0
OK,345970L,Strut,BARE,,124.0,0.0,3.0,121.0,108.0,108.0,7.0,0.115,1054.4,113.3,0
OK,1335523L,Complete Strut,FCS,,54.0,0.0,2.0,52.0,28.0,28.0,3.0,0.049,1057.3,488.0,0
OK,86522,Lift Support,CLIFT SUPPORT,,52.0,0.0,0.0,52.0,32.0,32.0,3.0,0.049,1057.3,406.7,0
OK,86921,Lift Support,CLIFT SUPPORT,,52.0,0.0,0.0,52.0,28.0,28.0,3.0,0.049,1057.3,488.0,0
OK,346465L,Shock,BARE,,53.0,0.0,1.0,52.0,37.0,37.0,3.0,0.049,1057.3,305.0,0
OK,226328,Shock,BARE,,52.0,0.0,0.0,52.0,6.0,6.0,3.0,0.049,1057.3,935.3,0
OK,1335532R,Complete Strut,FCS,,389.0,0.0,7.0,382.0,94.0,94.0,22.0,0.361,1059.2,798.5,0
OK,84190,Lift Support,CLIFT SUPPORT,,87.0,0.0,0.0,87.0,41.0,41.0,5.0,0.082,1061.4,561.2,0
OK,333363R,Strut,BARE,,194.0,0.0,2.0,192.0,140.0,140.0,11.0,0.18,1064.7,288.4,0
OK,331623L,Strut,BARE,,35.0,48.0,0.0,35.0,19.0,19.0,2.0,0.033,1067.5,488.0,0
OK,331734,Strut,BARE,,70.0,0.0,0.0,70.0,26.0,26.0,4.0,0.066,1067.5,671.0,0
OK,84615,Lift Support,CLIFT SUPPORT,,70.0,0.0,0.0,70.0,10.0,10.0,4.0,0.066,1067.5,915.0,0
OK,86187,Lift Support,CLIFT SUPPORT,,175.0,0.0,0.0,175.0,106.0,106.0,10.0,0.164,1067.5,420.9,0
OK,86381,Lift Support,CLIFT SUPPORT,,72.0,0.0,2.0,70.0,26.0,26.0,4.0,0.066,1067.5,671.0,0
OK,1334052L,Complete Strut,FCS,,162.0,0.0,4.0,158.0,102.0,102.0,9.0,0.148,1070.9,379.6,0
OK,341609,Shock,BARE,,164.0,0.0,6.0,158.0,147.0,147.0,9.0,0.148,1070.9,74.6,0
OK,332331R,Strut,BARE,,88.0,28.0,0.0,88.0,65.0,65.0,5.0,0.082,1073.6,280.6,0
OK,8346704,Complete Strut,FCS,,93.0,0.0,5.0,88.0,30.0,30.0,5.0,0.082,1073.6,707.6,0
OK,F347260,Heavy Duty Shock Absorber,HBare,,423.0,0.0,0.0,423.0,267.0,267.0,24.0,0.393,1075.1,396.5,0
OK,1345961,Complete Strut,FCS,,335.0,0.0,0.0,335.0,123.0,123.0,19.0,0.311,1075.5,680.6,0
OK,84558,Lift Support,CLIFT SUPPORT,,53.0,0.0,0.0,53.0,11.0,11.0,3.0,0.049,1077.7,854.0,0
OK,F346648,Heavy Duty Shock Absorber,HBare,,53.0,0.0,0.0,53.0,33.0,33.0,3.0,0.049,1077.7,406.7,0
OK,84724,Lift Support,CLIFT SUPPORT,,73.0,0.0,2.0,71.0,20.0,20.0,4.0,0.066,1082.8,777.8,0
OK,84917,Lift Support,CLIFT SUPPORT,,71.0,0.0,0.0,71.0,23.0,23.0,4.0,0.066,1082.8,732.0,0
OK,E89020L,Powered lift support,Power Lift,,71.0,0.0,0.0,71.0,1.0,1.0,4.0,0.066,1082.8,1067.5,0
OK,84992,Lift Support,CLIFT SUPPORT,,89.0,0.0,0.0,89.0,35.0,35.0,5.0,0.082,1085.8,658.8,0
OK,1333922L,Complete Strut,FCS,,108.0,0.0,1.0,107.0,26.0,26.0,6.0,0.098,1087.8,823.5,0
OK,84686,Lift Support,CLIFT SUPPORT,,163.0,0.0,2.0,161.0,81.0,81.0,9.0,0.148,1091.2,542.2,0
OK,333431R,Strut,BARE,,36.0,0.0,0.0,36.0,13.0,13.0,2.0,0.033,1098.0,701.5,0
OK,84250,Lift Support,CLIFT SUPPORT,,36.0,0.0,0.0,36.0,15.0,15.0,2.0,0.033,1098.0,640.5,0
OK,84555,Lift Support,CLIFT SUPPORT,,36.0,0.0,0.0,36.0,7.0,7.0,2.0,0.033,1098.0,884.5,0
OK,84808,Lift Support,CLIFT SUPPORT,,72.0,0.0,0.0,72.0,17.0,17.0,4.0,0.066,1098.0,838.8,0
OK,86367,Lift Support,CLIFT SUPPORT,,36.0,0.0,0.0,36.0,1.0,1.0,2.0,0.033,1098.0,1067.5,0
OK,345820L,Strut,BARE,,38.0,0.0,2.0,36.0,31.0,31.0,2.0,0.033,1098.0,152.5,0
OK,99050,Electronic Air Strut,Air Suspension,,36.0,0.0,0.0,36.0,13.0,13.0,2.0,0.033,1098.0,701.5,0
OK,99071,Electronic Air Strut,Air Suspension,,18.0,0.0,0.0,18.0,6.0,6.0,1.0,0.016,1098.0,732.0,0
OK,1331661L,Complete Strut,FCS,,73.0,0.0,1.0,72.0,36.0,36.0,4.0,0.066,1098.0,549.0,0
OK,3333987L,Complete Strut,FCS,,97.0,0.0,7.0,90.0,31.0,31.0,5.0,0.082,1098.0,719.8,0
OK,337114L,Strut,BARE,,37.0,0.0,1.0,36.0,25.0,25.0,2.0,0.033,1098.0,335.5,0
OK,92032,Electronic Air Strut,Air Suspension,,18.0,0.0,0.0,18.0,11.0,11.0,1.0,0.016,1098.0,427.0,0
OK,Q4025,Air Spring,Air Suspension,,54.0,0.0,0.0,54.0,5.0,5.0,3.0,0.049,1098.0,996.3,0
OK,94009,Electronic Shock Assy,Air Suspension,,18.0,0.0,0.0,18.0,5.0,5.0,1.0,0.016,1098.0,793.0,0
OK,KY017,Air Compressor,Air Suspension,,18.0,0.0,0.0,18.0,3.0,3.0,1.0,0.016,1098.0,915.0,0
OK,331867,Strut,BARE,,54.0,0.0,0.0,54.0,1.0,1.0,3.0,0.049,1098.0,1077.7,0
OK,334459L,Strut,BARE,,18.0,24.0,0.0,18.0,9.0,9.0,1.0,0.016,1098.0,549.0,0
OK,1335718L,Complete Strut,FCS,,243.0,0.0,7.0,236.0,201.0,201.0,13.0,0.213,1107.4,164.2,0
OK,331645L,Strut,BARE,,55.0,0.0,0.0,55.0,21.0,21.0,3.0,0.049,1118.3,691.3,0
OK,86177,Lift Support,CLIFT SUPPORT,,55.0,0.0,0.0,55.0,36.0,36.0,3.0,0.049,1118.3,386.3,0
OK,84163L,Lift Support,CLIFT SUPPORT,,55.0,0.0,0.0,55.0,5.0,5.0,3.0,0.049,1118.3,1016.7,0
OK,F347211,Heavy Duty Shock Absorber,HBare,,112.0,0.0,2.0,110.0,74.0,74.0,6.0,0.098,1118.3,366.0,0
OK,E89005R,Powered lift support,Power Lift,,55.0,0.0,0.0,55.0,5.0,5.0,3.0,0.049,1118.3,1016.7,0
OK,2331778R,Complete Strut,FCS,,93.0,51.0,1.0,92.0,24.0,24.0,5.0,0.082,1122.4,829.6,0
OK,332366R,Strut,BARE,,37.0,0.0,0.0,37.0,22.0,22.0,2.0,0.033,1128.5,457.5,0
OK,84027,Lift Support,CLIFT SUPPORT,,74.0,0.0,0.0,74.0,6.0,6.0,4.0,0.066,1128.5,1037.0,0
OK,84540,Lift Support,CLIFT SUPPORT,,37.0,0.0,0.0,37.0,30.0,30.0,2.0,0.033,1128.5,213.5,0
OK,84630,Lift Support,CLIFT SUPPORT,,111.0,0.0,0.0,111.0,38.0,38.0,6.0,0.098,1128.5,742.2,0
OK,86277,Lift Support,CLIFT SUPPORT,,38.0,0.0,1.0,37.0,12.0,12.0,2.0,0.033,1128.5,762.5,0
OK,86638,Lift Support,CLIFT SUPPORT,,74.0,0.0,0.0,74.0,5.0,5.0,4.0,0.066,1128.5,1052.2,0
OK,335948L,Strut,BARE,,37.0,0.0,0.0,37.0,8.0,8.0,2.0,0.033,1128.5,884.5,0
OK,86488,LIFT SUPPORT,CLIFT SUPPORT,,74.0,0.0,0.0,74.0,30.0,30.0,4.0,0.066,1128.5,671.0,0
OK,345456,Strut,BARE,,37.0,0.0,0.0,37.0,21.0,21.0,2.0,0.033,1128.5,488.0,0
OK,346769,Shock,BARE,,38.0,0.0,1.0,37.0,0.0,0.0,2.0,0.033,1128.5,1084.5,0
OK,1345683,Complete Strut,FCS,,695.0,3.0,10.0,685.0,142.0,142.0,37.0,0.607,1129.3,895.2,0
OK,1345709R,Complete Strut,FCS,,94.0,0.0,1.0,93.0,37.0,37.0,5.0,0.082,1134.6,683.2,0
OK,2334485L,Complete Strut,FCS,,95.0,0.0,2.0,93.0,41.0,41.0,5.0,0.082,1134.6,634.4,0
OK,84963L,Lift Support,CLIFT SUPPORT,,56.0,0.0,0.0,56.0,10.0,10.0,3.0,0.049,1138.7,935.3,0
OK,334467R,Strut,BARE,,57.0,0.0,1.0,56.0,14.0,14.0,3.0,0.049,1138.7,854.0,0
OK,84174R,Lift Support,CLIFT SUPPORT,,131.0,0.0,0.0,131.0,59.0,59.0,7.0,0.115,1141.6,627.4,0
OK,332345,Strut,BARE,,77.0,0.0,2.0,75.0,47.0,47.0,4.0,0.066,1143.8,427.0,0
OK,84320,Lift Support,CLIFT SUPPORT,,79.0,0.0,4.0,75.0,23.0,23.0,4.0,0.066,1143.8,793.0,0
OK,342841,Shock,BARE,,115.0,0.0,2.0,113.0,105.0,105.0,6.0,0.098,1148.8,81.3,0
OK,80005,Lift Support,CLIFT SUPPORT,,113.0,0.0,0.0,113.0,60.0,60.0,6.0,0.098,1148.8,538.8,0
OK,345416,Strut,BARE,,195.0,0.0,6.0,189.0,157.0,157.0,10.0,0.164,1152.9,195.2,0
OK,2333363L,Complete Strut,FCS,,58.0,0.0,1.0,57.0,30.0,30.0,3.0,0.049,1159.0,549.0,0
OK,2333406L,Complete Strut,FCS,,38.0,0.0,0.0,38.0,9.0,9.0,2.0,0.033,1159.0,884.5,0
OK,2333489R,Complete Strut,FCS,,38.0,0.0,0.0,38.0,23.0,23.0,2.0,0.033,1159.0,457.5,0
OK,331619L,Strut,BARE,,40.0,0.0,2.0,38.0,23.0,23.0,2.0,0.033,1159.0,457.5,0
OK,331645R,Strut,BARE,,38.0,0.0,0.0,38.0,19.0,19.0,2.0,0.033,1159.0,579.5,0
OK,336310R,Strut,BARE,,57.0,0.0,0.0,57.0,40.0,40.0,3.0,0.049,1159.0,345.7,0
OK,84285,Lift Support,CLIFT SUPPORT,,40.0,0.0,2.0,38.0,21.0,21.0,2.0,0.033,1159.0,518.5,0
OK,84516,Lift Support,CLIFT SUPPORT,,38.0,0.0,0.0,38.0,9.0,9.0,2.0,0.033,1159.0,884.5,0
OK,84605,Lift Support,CLIFT SUPPORT,,38.0,0.0,0.0,38.0,16.0,16.0,2.0,0.033,1159.0,671.0,0
OK,84683,Lift Support,CLIFT SUPPORT,,38.0,0.0,0.0,38.0,30.0,30.0,2.0,0.033,1159.0,244.0,0
OK,84833,Lift Support,CLIFT SUPPORT,,39.0,0.0,1.0,38.0,7.0,7.0,2.0,0.033,1159.0,945.5,0
OK,86314,Lift Support,CLIFT SUPPORT,,38.0,0.0,0.0,38.0,21.0,21.0,2.0,0.033,1159.0,518.5,0
OK,86500,Lift Support,CLIFT SUPPORT,,76.0,0.0,0.0,76.0,11.0,11.0,4.0,0.066,1159.0,991.2,0
OK,86503,Lift Support,CLIFT SUPPORT,,38.0,0.0,0.0,38.0,27.0,27.0,2.0,0.033,1159.0,335.5,0
OK,2331776L,Complete Strut,FCS,,38.0,1.0,0.0,38.0,18.0,18.0,2.0,0.033,1159.0,610.0,0
OK,1335924L,Complete Strut,FCS,,38.0,0.0,0.0,38.0,12.0,12.0,2.0,0.033,1159.0,793.0,0
OK,333816L,Strut,BARE,,40.0,0.0,2.0,38.0,5.0,5.0,2.0,0.033,1159.0,1006.5,0
OK,94010,Electronic Shock Assy,Air Suspension,,19.0,0.0,0.0,19.0,5.0,5.0,1.0,0.016,1159.0,854.0,0
OK,331789R,Strut,BARE,,232.0,144.0,3.0,229.0,266.0,266.0,12.0,0.197,1164.1,0.0,0
OK,346833,Shock,BARE,,134.0,0.0,0.0,134.0,43.0,43.0,7.0,0.115,1167.7,793.0,0
OK,331908L,Strut,BARE,,77.0,40.0,0.0,77.0,57.0,57.0,4.0,0.066,1174.2,305.0,0
OK,345481,Strut,BARE,,77.0,0.0,0.0,77.0,52.0,52.0,4.0,0.066,1174.2,381.2,0
OK,86351,Lift Support,CLIFT SUPPORT,,334.0,0.0,6.0,328.0,246.0,246.0,17.0,0.279,1176.9,294.2,0
OK,86160,Lift Support,CLIFT SUPPORT,,59.0,0.0,1.0,58.0,32.0,32.0,3.0,0.049,1179.3,528.7,0
OK,86734,Lift Support,CLIFT SUPPORT,,174.0,0.0,0.0,174.0,55.0,55.0,9.0,0.148,1179.3,806.6,0
OK,341631,Shock,BARE,,62.0,16.0,4.0,58.0,63.0,63.0,3.0,0.049,1179.3,0.0,0
OK,341388,Shock,BARE,,118.0,0.0,2.0,116.0,69.0,69.0,6.0,0.098,1179.3,477.8,0
OK,4333406R,Complete Strut,FCS,,39.0,0.0,0.0,39.0,10.0,10.0,2.0,0.033,1189.5,884.5,0
OK,331620L,Strut,BARE,,39.0,0.0,0.0,39.0,25.0,25.0,2.0,0.033,1189.5,427.0,0
OK,331766L,Strut,BARE,,39.0,0.0,0.0,39.0,9.0,9.0,2.0,0.033,1189.5,915.0,0
OK,84606,Lift Support,CLIFT SUPPORT,,39.0,0.0,0.0,39.0,17.0,17.0,2.0,0.033,1189.5,671.0,0
OK,335718L,Strut,BARE,,39.0,0.0,0.0,39.0,13.0,13.0,2.0,0.033,1189.5,793.0,0
OK,86687,LIFT SUPPORT,CLIFT SUPPORT,,79.0,0.0,1.0,78.0,27.0,27.0,4.0,0.066,1189.5,777.8,0
OK,87057,LIFT SUPPORT,CLIFT SUPPORT,,40.0,0.0,1.0,39.0,10.0,10.0,2.0,0.033,1189.5,884.5,0
OK,346964,Shock,BARE,,82.0,0.0,4.0,78.0,18.0,18.0,4.0,0.066,1189.5,915.0,0
OK,337232,Strut,BARE,,141.0,0.0,4.0,137.0,28.0,28.0,7.0,0.115,1193.9,949.9,0
OK,332334,Strut,BARE,,159.0,0.0,2.0,157.0,92.0,92.0,8.0,0.131,1197.1,495.6,0
OK,335556,Strut,BARE,,140.0,0.0,2.0,138.0,46.0,46.0,7.0,0.115,1202.6,801.7,0
OK,331604R,Strut,BARE,,79.0,40.0,0.0,79.0,79.0,79.0,4.0,0.066,1204.8,0.0,0
OK,331579R,Strut,BARE,,102.0,0.0,3.0,99.0,63.0,63.0,5.0,0.082,1207.8,439.2,0
OK,1331702L,Complete Strut,FCS,,40.0,0.0,0.0,40.0,19.0,19.0,2.0,0.033,1220.0,640.5,0
OK,1335583R,Complete Strut,FCS,,42.0,0.0,2.0,40.0,27.0,27.0,2.0,0.033,1220.0,396.5,0
OK,84069,Lift Support,CLIFT SUPPORT,,40.0,0.0,0.0,40.0,22.0,22.0,2.0,0.033,1220.0,549.0,0
OK,84510,Lift Support,CLIFT SUPPORT,,62.0,0.0,2.0,60.0,7.0,7.0,3.0,0.049,1220.0,1077.7,0
OK,86404,Lift Support,CLIFT SUPPORT,,100.0,0.0,0.0,100.0,46.0,46.0,5.0,0.082,1220.0,658.8,0
OK,99006,Electronic Air Strut,Air Suspension,,20.0,0.0,0.0,20.0,2.0,2.0,1.0,0.016,1220.0,1098.0,0
OK,99022,Electronic Air Strut,Air Suspension,,20.0,0.0,0.0,20.0,1.0,1.0,1.0,0.016,1220.0,1159.0,0
OK,331655L,Strut,BARE,,20.0,0.0,0.0,20.0,8.0,8.0,1.0,0.016,1220.0,732.0,0
OK,345427,Strut,BARE,,20.0,0.0,0.0,20.0,7.0,7.0,1.0,0.016,1220.0,793.0,0
OK,2355059,Complete Strut,FCS,,20.0,0.0,0.0,20.0,24.0,24.0,1.0,0.016,1220.0,0.0,4
OK,92031,Electronic Air Strut,Air Suspension,,20.0,0.0,0.0,20.0,9.0,9.0,1.0,0.016,1220.0,671.0,0
OK,355132,Strut,BARE,,129.0,0.0,9.0,120.0,58.0,58.0,6.0,0.098,1220.0,630.3,0
OK,8348071,Complete Strut,FCS,,100.0,0.0,0.0,100.0,0.0,0.0,5.0,0.082,1220.0,1176.0,0
OK,226319,Shock,BARE,,635.0,0.0,12.0,623.0,365.0,365.0,31.0,0.508,1225.9,507.7,0
OK,E89010L,Powered lift support,Power Lift,,81.0,0.0,0.0,81.0,2.0,2.0,4.0,0.066,1235.2,1204.8,0
OK,333406L,Strut,BARE,,205.0,0.0,2.0,203.0,166.0,166.0,10.0,0.164,1238.3,225.7,0
OK,1335583L,Complete Strut,FCS,,62.0,0.0,1.0,61.0,24.0,24.0,3.0,0.049,1240.3,752.3,0
OK,84418,Lift Support,CLIFT SUPPORT,,122.0,0.0,0.0,122.0,32.0,32.0,6.0,0.098,1240.3,915.0,0
OK,87013,LIFT SUPPORT,CLIFT SUPPORT,,61.0,0.0,0.0,61.0,18.0,18.0,3.0,0.049,1240.3,874.3,0
OK,92011,Electronic Air Strut,Air Suspension,,61.0,0.0,0.0,61.0,22.0,22.0,3.0,0.049,1240.3,793.0,0
OK,333466R,Strut,BARE,,103.0,0.0,1.0,102.0,61.0,61.0,5.0,0.082,1244.4,500.2,0
OK,86428,Lift Support,CLIFT SUPPORT,,102.0,0.0,0.0,102.0,45.0,45.0,5.0,0.082,1244.4,695.4,0
OK,86365,Lift Support,CLIFT SUPPORT,,143.0,0.0,0.0,143.0,57.0,57.0,7.0,0.115,1246.1,749.4,0
OK,86138,Lift Support,CLIFT SUPPORT,,186.0,0.0,2.0,184.0,132.0,132.0,9.0,0.148,1247.1,352.4,0
OK,345415,Strut,BARE,,266.0,0.0,0.0,266.0,188.0,188.0,13.0,0.213,1248.2,366.0,0
OK,331613R,Strut,BARE,,83.0,0.0,1.0,82.0,22.0,22.0,4.0,0.066,1250.5,915.0,0
OK,331647R,Strut,BARE,,41.0,0.0,0.0,41.0,18.0,18.0,2.0,0.033,1250.5,701.5,0
OK,332329,Strut,BARE,,41.0,0.0,0.0,41.0,39.0,39.0,2.0,0.033,1250.5,61.0,0
OK,345428,Strut,BARE,,41.0,0.0,0.0,41.0,30.0,30.0,2.0,0.033,1250.5,335.5,0
OK,84449,Lift Support,CLIFT SUPPORT,,41.0,0.0,0.0,41.0,7.0,7.0,2.0,0.033,1250.5,1037.0,0
OK,84545,Lift Support,CLIFT SUPPORT,,41.0,0.0,0.0,41.0,13.0,13.0,2.0,0.033,1250.5,854.0,0
OK,355003,Strut,BARE,,41.0,0.0,0.0,41.0,14.0,14.0,2.0,0.033,1250.5,823.5,0
OK,333951L,Strut,BARE,,42.0,0.0,1.0,41.0,13.0,13.0,2.0,0.033,1250.5,854.0,0
OK,E89020R,Powered lift support,Power Lift,,82.0,0.0,0.0,82.0,1.0,1.0,4.0,0.066,1250.5,1235.2,0
OK,84182,Lift Support,CLIFT SUPPORT,,494.0,0.0,0.0,494.0,231.0,231.0,24.0,0.393,1255.6,668.5,0
OK,333557L,Strut,BARE,,62.0,0.0,0.0,62.0,8.0,8.0,3.0,0.049,1260.7,1098.0,0
OK,333496R,Strut,BARE,,124.0,0.0,0.0,124.0,71.0,71.0,6.0,0.098,1260.7,538.8,0
OK,334440R,Strut,BARE,,69.0,0.0,7.0,62.0,28.0,28.0,3.0,0.049,1260.7,691.3,0
OK,DT355174L,Strut,BARE,,83.0,0.0,0.0,83.0,5.0,5.0,4.0,0.066,1265.8,1189.5,0
OK,84549R,Lift Support,CLIFT SUPPORT,,105.0,0.0,1.0,104.0,32.0,32.0,5.0,0.082,1268.8,878.4,0
OK,335532,Strut,BARE,,229.0,0.0,0.0,229.0,105.0,105.0,11.0,0.18,1269.9,687.6,0
OK,1331753R,Complete Strut,FCS,,21.0,0.0,0.0,21.0,6.0,6.0,1.0,0.016,1281.0,915.0,0
OK,332358L,Strut,BARE,,189.0,0.0,0.0,189.0,120.0,120.0,9.0,0.148,1281.0,467.7,0
OK,333471L,Strut,BARE,,85.0,0.0,1.0,84.0,16.0,16.0,4.0,0.066,1281.0,1037.0,0
OK,335880R,Strut,BARE,,43.0,0.0,1.0,42.0,14.0,14.0,2.0,0.033,1281.0,854.0,0
OK,336322R,Strut,BARE,,105.0,0.0,0.0,105.0,39.0,39.0,5.0,0.082,1281.0,805.2,0
OK,336339,Strut,BARE,,399.0,0.0,0.0,399.0,426.0,426.0,19.0,0.311,1281.0,0.0,27
OK,345768,Strut,BARE,,42.0,0.0,0.0,42.0,8.0,8.0,2.0,0.033,1281.0,1037.0,0
OK,84712,Lift Support,CLIFT SUPPORT,,42.0,0.0,0.0,42.0,27.0,27.0,2.0,0.033,1281.0,457.5,0
OK,84780,Lift Support,CLIFT SUPPORT,,42.0,0.0,0.0,42.0,12.0,12.0,2.0,0.033,1281.0,915.0,0
OK,335947R,Strut,BARE,,22.0,0.0,1.0,21.0,8.0,8.0,1.0,0.016,1281.0,793.0,0
OK,2345879R,Complete Strut,FCS,,106.0,0.0,1.0,105.0,14.0,14.0,5.0,0.082,1281.0,1110.2,0
OK,335718R,Strut,BARE,,42.0,0.0,0.0,42.0,13.0,13.0,2.0,0.033,1281.0,884.5,0
OK,86453,LIFT SUPPORT,CLIFT SUPPORT,,42.0,0.0,0.0,42.0,4.0,4.0,2.0,0.033,1281.0,1159.0,0
OK,99078,Magnetic Strut,Air Suspension,,1713.0,0.0,12.0,1701.0,496.0,496.0,81.0,1.328,1281.0,907.5,0
OK,334012R,Strut,BARE,,21.0,0.0,0.0,21.0,2.0,2.0,1.0,0.016,1281.0,1159.0,0
OK,93011,Air Strut,Air Suspension,,50.0,0.0,8.0,42.0,21.0,21.0,2.0,0.033,1281.0,640.5,0
OK,DT355174R,Strut,BARE,,84.0,0.0,0.0,84.0,2.0,2.0,4.0,0.066,1281.0,1250.5,0
OK,337235R,Strut,BARE,,46.0,0.0,4.0,42.0,23.0,23.0,2.0,0.033,1281.0,579.5,0
OK,1355180R,Complete Strut,FCS,,21.0,0.0,0.0,21.0,13.0,13.0,1.0,0.016,1281.0,488.0,0
OK,336332,Strut,BARE,,127.0,0.0,0.0,127.0,97.0,97.0,6.0,0.098,1291.2,305.0,0
OK,84070,Lift Support,CLIFT SUPPORT,,106.0,0.0,0.0,106.0,26.0,26.0,5.0,0.082,1293.2,976.0,0
OK,341553,Shock,BARE,,261.0,30.0,6.0,255.0,248.0,248.0,12.0,0.197,1296.2,35.6,0
OK,331624L,Strut,BARE,,65.0,0.0,1.0,64.0,29.0,29.0,3.0,0.049,1301.3,711.7,0
OK,84143,Lift Support,CLIFT SUPPORT,,43.0,0.0,0.0,43.0,32.0,32.0,2.0,0.033,1311.5,335.5,0
OK,84262,Lift Support,CLIFT SUPPORT,,43.0,0.0,0.0,43.0,22.0,22.0,2.0,0.033,1311.5,640.5,0
OK,84879,Lift Support,CLIFT SUPPORT,,43.0,0.0,0.0,43.0,9.0,9.0,2.0,0.033,1311.5,1037.0,0
OK,86563,Lift Support,CLIFT SUPPORT,,43.0,0.0,0.0,43.0,9.0,9.0,2.0,0.033,1311.5,1037.0,0
OK,86666,Lift Support,CLIFT SUPPORT,,43.0,0.0,0.0,43.0,13.0,13.0,2.0,0.033,1311.5,915.0,0
OK,2333742R,Complete Strut,FCS,,129.0,0.0,0.0,129.0,18.0,18.0,6.0,0.098,1311.5,1128.5,0
OK,92039,Electronic Air Strut,Air Suspension,,43.0,0.0,0.0,43.0,8.0,8.0,2.0,0.033,1311.5,1067.5,0
OK,334460L,Strut,BARE,,87.0,12.0,1.0,86.0,65.0,65.0,4.0,0.066,1311.5,320.2,0
OK,2345782L,Complete Strut,FCS,,89.0,0.0,2.0,87.0,30.0,30.0,4.0,0.066,1326.8,869.2,0
OK,1331048L,Complete Strut,FCS,,69.0,23.0,3.0,66.0,19.0,19.0,3.0,0.049,1342.0,955.7,0
OK,2336305L,Complete Strut,FCS,,88.0,0.0,0.0,88.0,25.0,25.0,4.0,0.066,1342.0,960.8,0
OK,331089,Strut,BARE,,176.0,0.0,0.0,176.0,126.0,126.0,8.0,0.131,1342.0,381.2,0
OK,331596R,Strut,BARE,,22.0,0.0,0.0,22.0,14.0,14.0,1.0,0.016,1342.0,488.0,0
OK,331626R,Strut,BARE,,23.0,0.0,1.0,22.0,20.0,20.0,1.0,0.016,1342.0,122.0,0
OK,84155,Lift Support,CLIFT SUPPORT,,44.0,0.0,0.0,44.0,5.0,5.0,2.0,0.033,1342.0,1189.5,0
OK,86262,Lift Support,CLIFT SUPPORT,,44.0,0.0,0.0,44.0,14.0,14.0,2.0,0.033,1342.0,915.0,0
OK,86271,Lift Support,CLIFT SUPPORT,,67.0,0.0,1.0,66.0,18.0,18.0,3.0,0.049,1342.0,976.0,0
OK,86674,Lift Support,CLIFT SUPPORT,,44.0,0.0,0.0,44.0,6.0,6.0,2.0,0.033,1342.0,1159.0,0
OK,1332316L,Complete Strut,FCS,,136.0,12.0,4.0,132.0,95.0,95.0,6.0,0.098,1342.0,376.2,0
OK,333395R,Strut,BARE,,45.0,0.0,1.0,44.0,33.0,33.0,2.0,0.033,1342.0,335.5,0
OK,343362R,Strut,BARE,,22.0,24.0,0.0,22.0,16.0,16.0,1.0,0.016,1342.0,366.0,0
OK,86760,LIFT SUPPORT,CLIFT SUPPORT,,44.0,0.0,0.0,44.0,11.0,11.0,2.0,0.033,1342.0,1006.5,0
OK,2345476L,Complete Strut,FCS,,22.0,0.0,0.0,22.0,10.0,10.0,1.0,0.016,1342.0,732.0,0
OK,8346708,Complete Strut,FCS,,156.0,0.0,2.0,154.0,18.0,18.0,7.0,0.115,1342.0,1185.1,0
OK,346731,Shock,BARE,,71.0,0.0,5.0,66.0,40.0,40.0,3.0,0.049,1342.0,528.7,0
OK,334235R,Strut,BARE,,47.0,64.0,3.0,44.0,66.0,66.0,2.0,0.033,1342.0,0.0,0
OK,95040,Passive Conv. Kit,Air Suspension,,22.0,0.0,0.0,22.0,7.0,7.0,1.0,0.016,1342.0,915.0,0
OK,1334484L,Complete Strut,FCS,,67.0,0.0,1.0,66.0,17.0,17.0,3.0,0.049,1342.0,996.3,0
OK,1355180L,Complete Strut,FCS,,22.0,0.0,0.0,22.0,14.0,14.0,1.0,0.016,1342.0,488.0,0
OK,84478,Lift Support,CLIFT SUPPORT,,1289.0,0.0,10.0,1279.0,836.0,836.0,58.0,0.951,1345.2,465.9,0
OK,1331778L,Complete Strut,FCS,,135.0,58.0,2.0,133.0,51.0,51.0,6.0,0.098,1352.2,833.7,0
OK,335542R,Strut,BARE,,111.0,0.0,0.0,111.0,10.0,10.0,5.0,0.082,1354.2,1232.2,0
OK,84119,Lift Support,CLIFT SUPPORT,,111.0,0.0,0.0,111.0,61.0,61.0,5.0,0.082,1354.2,610.0,0
OK,333291R,Strut,BARE,,68.0,0.0,1.0,67.0,62.0,62.0,3.0,0.049,1362.3,101.7,0
OK,2335527L,Complete Strut,FCS,,46.0,0.0,1.0,45.0,17.0,17.0,2.0,0.033,1372.5,854.0,0
OK,331661L,Strut,BARE,,45.0,0.0,0.0,45.0,32.0,32.0,2.0,0.033,1372.5,396.5,0
OK,84629,Lift Support,CLIFT SUPPORT,,90.0,0.0,0.0,90.0,8.0,8.0,4.0,0.066,1372.5,1250.5,0
OK,333760,Strut,BARE,,46.0,0.0,1.0,45.0,54.0,54.0,2.0,0.033,1372.5,0.0,9
OK,333497R,Strut,BARE,,94.0,58.0,4.0,90.0,96.0,96.0,4.0,0.066,1372.5,0.0,0
OK,337104R,Strut,BARE,,90.0,0.0,0.0,90.0,0.0,0.0,4.0,0.066,1372.5,1328.5,0
OK,84336,Lift Support,CLIFT SUPPORT,,113.0,0.0,0.0,113.0,14.0,14.0,5.0,0.082,1378.6,1207.8,0
OK,E89038L,Powered lift support,Power Lift,,69.0,0.0,1.0,68.0,2.0,2.0,3.0,0.049,1382.7,1342.0,0
OK,337104L,Strut,BARE,,91.0,0.0,0.0,91.0,0.0,0.0,4.0,0.066,1387.8,1343.7,0
OK,86513,Lift Support,CLIFT SUPPORT,,139.0,0.0,2.0,137.0,74.0,74.0,6.0,0.098,1392.8,640.5,0
OK,4333392L,Complete Strut,FCS,,92.0,0.0,0.0,92.0,33.0,33.0,4.0,0.066,1403.0,899.8,0
OK,331713L,Strut,BARE,,24.0,0.0,1.0,23.0,14.0,14.0,1.0,0.016,1403.0,549.0,0
OK,331788R,Strut,BARE,,23.0,0.0,0.0,23.0,9.0,9.0,1.0,0.016,1403.0,854.0,0
OK,333515L,Strut,BARE,,46.0,0.0,0.0,46.0,6.0,6.0,2.0,0.033,1403.0,1220.0,0
OK,335519,Strut,BARE,,485.0,0.0,2.0,483.0,283.0,283.0,21.0,0.344,1403.0,581.0,0
OK,84443,Lift Support,CLIFT SUPPORT,,46.0,0.0,0.0,46.0,8.0,8.0,2.0,0.033,1403.0,1159.0,0
OK,84620,Lift Support,CLIFT SUPPORT,,46.0,0.0,0.0,46.0,1.0,1.0,2.0,0.033,1403.0,1372.5,0
OK,84634,Lift Support,CLIFT SUPPORT,,46.0,0.0,0.0,46.0,5.0,5.0,2.0,0.033,1403.0,1250.5,0
OK,86509L,Lift Support,CLIFT SUPPORT,,70.0,0.0,1.0,69.0,12.0,12.0,3.0,0.049,1403.0,1159.0,0
OK,333307L,Strut,BARE,,23.0,0.0,0.0,23.0,11.0,11.0,1.0,0.016,1403.0,732.0,0
OK,84991,LIFT SUPPORT,CLIFT SUPPORT,,46.0,0.0,0.0,46.0,7.0,7.0,2.0,0.033,1403.0,1189.5,0
OK,86480,LIFT SUPPORT,CLIFT SUPPORT,,92.0,0.0,0.0,92.0,38.0,38.0,4.0,0.066,1403.0,823.5,0
OK,1333838L,Complete Strut,FCS,,116.0,0.0,1.0,115.0,111.0,111.0,5.0,0.082,1403.0,48.8,0
OK,F347347,Heavy Duty Shock Absorber,HBare,,46.0,0.0,0.0,46.0,8.0,8.0,2.0,0.033,1403.0,1159.0,0
OK,8346181,Complete Strut,FCS,,24.0,0.0,1.0,23.0,41.0,41.0,1.0,0.016,1403.0,0.0,18
OK,95009,Air Conv. Kit,Air Suspension,,25.0,0.0,2.0,23.0,77.0,77.0,1.0,0.016,1403.0,0.0,54
OK,95025,Passive Conv. Kit,Air Suspension,,25.0,0.0,2.0,23.0,15.0,15.0,1.0,0.016,1403.0,488.0,0
OK,345872,Strut,BARE,,23.0,0.0,0.0,23.0,15.0,15.0,1.0,0.016,1403.0,488.0,0
OK,342478,Shock,BARE,,1071.0,0.0,6.0,1065.0,469.0,469.0,46.0,0.754,1412.3,790.3,0
OK,333840L,Strut,BARE,,116.0,0.0,0.0,116.0,91.0,91.0,5.0,0.082,1415.2,305.0,0
OK,333363L,Strut,BARE,,188.0,0.0,2.0,186.0,137.0,137.0,8.0,0.131,1418.2,373.6,0
OK,86172,Lift Support,CLIFT SUPPORT,,93.0,0.0,0.0,93.0,23.0,23.0,4.0,0.066,1418.2,1067.5,0
OK,341560,Shock,BARE,,73.0,0.0,3.0,70.0,40.0,40.0,3.0,0.049,1423.3,610.0,0
OK,4333514R,Complete Strut,FCS,,72.0,0.0,2.0,70.0,22.0,22.0,3.0,0.049,1423.3,976.0,0
OK,1333290,Complete Strut,FCS,,525.0,71.0,10.0,515.0,165.0,165.0,22.0,0.361,1428.0,970.5,0
OK,333475L,Strut,BARE,,47.0,0.0,0.0,47.0,29.0,29.0,2.0,0.033,1433.5,549.0,0
OK,84431,Lift Support,CLIFT SUPPORT,,47.0,0.0,0.0,47.0,4.0,4.0,2.0,0.033,1433.5,1311.5,0
OK,84436,Lift Support,CLIFT SUPPORT,,47.0,0.0,0.0,47.0,17.0,17.0,2.0,0.033,1433.5,915.0,0
OK,99042,Air Strut,Air Suspension,,47.0,0.0,0.0,47.0,27.0,27.0,2.0,0.033,1433.5,610.0,0
OK,2333816R,Complete Strut,FCS,,49.0,0.0,2.0,47.0,21.0,21.0,2.0,0.033,1433.5,793.0,0
OK,8346083,Complete Strut,FCS,,285.0,0.0,2.0,283.0,30.0,30.0,12.0,0.197,1438.6,1286.1,0
OK,E89068L,Powered lift support,Power Lift,,71.0,0.0,0.0,71.0,1.0,1.0,3.0,0.049,1443.7,1423.3,0
OK,335877R,Strut,BARE,,97.0,0.0,2.0,95.0,92.0,92.0,4.0,0.066,1448.8,45.8,0
OK,86235,Lift Support,CLIFT SUPPORT,,97.0,0.0,2.0,95.0,29.0,29.0,4.0,0.066,1448.8,1006.5,0
OK,1331591L,Complete Strut,FCS,,96.0,8.0,1.0,95.0,27.0,27.0,4.0,0.066,1448.8,1037.0,0
OK,333414R,Strut,BARE,,95.0,0.0,0.0,95.0,42.0,42.0,4.0,0.066,1448.8,808.2,0
OK,346932,Shock,BARE,,96.0,0.0,1.0,95.0,24.0,24.0,4.0,0.066,1448.8,1082.8,0
OK,347487,Shock,BARE,,311.0,0.0,2.0,309.0,61.0,61.0,13.0,0.213,1449.9,1163.7,0
OK,335893L,Strut,BARE,,263.0,0.0,0.0,263.0,144.0,144.0,11.0,0.18,1458.5,659.9,0
OK,1331659R,Complete Strut,FCS,,50.0,0.0,2.0,48.0,13.0,13.0,2.0,0.033,1464.0,1067.5,0
OK,4335790,Complete Strut,FCS,,51.0,0.0,3.0,48.0,33.0,33.0,2.0,0.033,1464.0,457.5,0
OK,84187,Lift Support,CLIFT SUPPORT,,96.0,0.0,0.0,96.0,22.0,22.0,4.0,0.066,1464.0,1128.5,0
OK,84607,Lift Support,CLIFT SUPPORT,,48.0,0.0,0.0,48.0,1.0,1.0,2.0,0.033,1464.0,1433.5,0
OK,84807,Lift Support,CLIFT SUPPORT,,48.0,0.0,0.0,48.0,12.0,12.0,2.0,0.033,1464.0,1098.0,0
OK,84910,Lift Support,CLIFT SUPPORT,,48.0,0.0,0.0,48.0,7.0,7.0,2.0,0.033,1464.0,1250.5,0
OK,86113L,Lift Support,CLIFT SUPPORT,,24.0,0.0,0.0,24.0,16.0,16.0,1.0,0.016,1464.0,488.0,0
OK,3331663L,Complete Strut,FCS,,25.0,1.0,1.0,24.0,12.0,12.0,1.0,0.016,1464.0,732.0,0
OK,335947L,Strut,BARE,,25.0,0.0,1.0,24.0,10.0,10.0,1.0,0.016,1464.0,854.0,0
OK,333741L,Strut,BARE,,24.0,0.0,0.0,24.0,9.0,9.0,1.0,0.016,1464.0,915.0,0
OK,333496L,Strut,BARE,,96.0,0.0,0.0,96.0,69.0,69.0,4.0,0.066,1464.0,411.8,0
OK,F347294,Heavy Duty Shock Absorber,HBare,,48.0,0.0,0.0,48.0,14.0,14.0,2.0,0.033,1464.0,1037.0,0
OK,334106L,Strut,BARE,,24.0,0.0,0.0,24.0,17.0,17.0,1.0,0.016,1464.0,427.0,0
OK,92015,Electronic Air Strut,Air Suspension,,24.0,0.0,0.0,24.0,8.0,8.0,1.0,0.016,1464.0,976.0,0
OK,92006,Electronic Air Strut,Air Suspension,,48.0,0.0,0.0,48.0,19.0,19.0,2.0,0.033,1464.0,884.5,0
OK,F347423,Heavy Duty Shock Absorber,HBare,,48.0,0.0,0.0,48.0,0.0,0.0,2.0,0.033,1464.0,1420.0,0
OK,333334R,Strut,BARE,,72.0,0.0,0.0,72.0,27.0,27.0,3.0,0.049,1464.0,915.0,0
OK,346993,shock,BARE,,50.0,0.0,2.0,48.0,17.0,17.0,2.0,0.033,1464.0,945.5,0
OK,334333L,Strut,BARE,,24.0,0.0,0.0,24.0,5.0,5.0,1.0,0.016,1464.0,1159.0,0
OK,95032,Air Conv. Kit,Air Suspension,,25.0,0.0,1.0,24.0,7.0,7.0,1.0,0.016,1464.0,1037.0,0
OK,2337235R,Complete Strut,FCS,,120.0,0.0,0.0,120.0,21.0,21.0,5.0,0.082,1464.0,1207.8,0
OK,84813,Lift Support,CLIFT SUPPORT,,145.0,0.0,0.0,145.0,33.0,33.0,6.0,0.098,1474.2,1138.7,0
OK,86296,Lift Support,CLIFT SUPPORT,,97.0,0.0,0.0,97.0,36.0,36.0,4.0,0.066,1479.2,930.2,0
OK,94015,Electronic Shock Assy,Air Suspension,,97.0,0.0,0.0,97.0,43.0,43.0,4.0,0.066,1479.2,823.5,0
OK,84056,Lift Support,CLIFT SUPPORT,,73.0,0.0,0.0,73.0,7.0,7.0,3.0,0.049,1484.3,1342.0,0
OK,4333406L,Complete Strut,FCS,,49.0,0.0,0.0,49.0,8.0,8.0,2.0,0.033,1494.5,1250.5,0
OK,335877L,Strut,BARE,,99.0,0.0,1.0,98.0,104.0,104.0,4.0,0.066,1494.5,0.0,6
OK,84196,Lift Support,CLIFT SUPPORT,,49.0,0.0,0.0,49.0,18.0,18.0,2.0,0.033,1494.5,945.5,0
OK,84914,Lift Support,CLIFT SUPPORT,,49.0,0.0,0.0,49.0,16.0,16.0,2.0,0.033,1494.5,1006.5,0
OK,1331733,Complete Strut,FCS,,49.0,0.0,0.0,49.0,20.0,20.0,2.0,0.033,1494.5,884.5,0
OK,334107L,Strut,BARE,,50.0,0.0,1.0,49.0,23.0,23.0,2.0,0.033,1494.5,793.0,0
OK,345367,Strut,BARE,,49.0,0.0,0.0,49.0,39.0,39.0,2.0,0.033,1494.5,305.0,0
OK,84956,Lift Support,CLIFT SUPPORT,,123.0,0.0,0.0,123.0,21.0,21.0,5.0,0.082,1500.6,1244.4,0
OK,84150,Lift Support,CLIFT SUPPORT,,271.0,0.0,0.0,271.0,150.0,150.0,11.0,0.18,1502.8,671.0,0
OK,333919R,Strut,BARE,,74.0,0.0,0.0,74.0,15.0,15.0,3.0,0.049,1504.7,1199.7,0
OK,E89042,Powered lift support,Power Lift,,148.0,0.0,0.0,148.0,12.0,12.0,6.0,0.098,1504.7,1382.7,0
OK,341546,Shock,BARE,,102.0,60.0,3.0,99.0,87.0,87.0,4.0,0.066,1509.8,183.0,0
OK,84137,Lift Support,CLIFT SUPPORT,,99.0,0.0,0.0,99.0,6.0,6.0,4.0,0.066,1509.8,1418.2,0
OK,2335849R,Complete Strut,FCS,,26.0,0.0,1.0,25.0,16.0,16.0,1.0,0.016,1525.0,549.0,0
OK,3333414L,Complete Strut,FCS,,54.0,0.0,4.0,50.0,23.0,23.0,2.0,0.033,1525.0,823.5,0
OK,331624R,Strut,BARE,,76.0,40.0,1.0,75.0,29.0,29.0,3.0,0.049,1525.0,935.3,0
OK,331716L,Strut,BARE,,51.0,0.0,1.0,50.0,23.0,23.0,2.0,0.033,1525.0,823.5,0
OK,331799L,Strut,BARE,,75.0,0.0,0.0,75.0,22.0,22.0,3.0,0.049,1525.0,1077.7,0
OK,341616,Shock,BARE,,52.0,0.0,2.0,50.0,28.0,28.0,2.0,0.033,1525.0,671.0,0
OK,84139,Lift Support,CLIFT SUPPORT,,50.0,0.0,0.0,50.0,43.0,43.0,2.0,0.033,1525.0,213.5,0
OK,84806,Lift Support,CLIFT SUPPORT,,50.0,0.0,0.0,50.0,12.0,12.0,2.0,0.033,1525.0,1159.0,0
OK,86309,Lift Support,CLIFT SUPPORT,,103.0,0.0,3.0,100.0,27.0,27.0,4.0,0.066,1525.0,1113.2,0
OK,333715R,Strut,BARE,,25.0,24.0,0.0,25.0,42.0,42.0,1.0,0.016,1525.0,0.0,0
OK,93008,Air Strut,Air Suspension,,26.0,0.0,1.0,25.0,11.0,11.0,1.0,0.016,1525.0,854.0,0
OK,HS009,Susp. Ride Sensor,Air Suspension,,27.0,0.0,2.0,25.0,36.0,36.0,1.0,0.016,1525.0,0.0,11
OK,334415L,Strut,BARE,,50.0,18.0,0.0,50.0,35.0,35.0,2.0,0.033,1525.0,457.5,0
OK,347027,Shock,BARE,,25.0,0.0,0.0,25.0,0.0,0.0,1.0,0.016,1525.0,1481.0,0
OK,95074,Air Conv. Kit,Air Suspension,,25.0,0.0,0.0,25.0,9.0,9.0,1.0,0.016,1525.0,976.0,0
OK,84257,Lift Support,CLIFT SUPPORT,,201.0,0.0,0.0,201.0,54.0,54.0,8.0,0.131,1532.6,1120.9,0
OK,332357L,Strut,BARE,,202.0,0.0,0.0,202.0,139.0,139.0,8.0,0.131,1540.2,480.4,0
OK,86328,Lift Support,CLIFT SUPPORT,,105.0,0.0,4.0,101.0,56.0,56.0,4.0,0.066,1540.2,686.2,0
OK,335562,Strut,BARE,,78.0,0.0,2.0,76.0,21.0,21.0,3.0,0.049,1545.3,1118.3,0
OK,86253,Lift Support,CLIFT SUPPORT,,152.0,0.0,0.0,152.0,58.0,58.0,6.0,0.098,1545.3,955.7,0
OK,86652,LIFT SUPPORT,CLIFT SUPPORT,,78.0,0.0,2.0,76.0,49.0,49.0,3.0,0.049,1545.3,549.0,0
OK,E89001,Powered lift support,Power Lift,,76.0,0.0,0.0,76.0,4.0,4.0,3.0,0.049,1545.3,1464.0,0
OK,333355R,Strut,BARE,,179.0,0.0,1.0,178.0,138.0,138.0,7.0,0.115,1551.1,348.6,0
OK,345411L,Strut,BARE,,102.0,0.0,0.0,102.0,72.0,72.0,4.0,0.066,1555.5,457.5,0
OK,36C451,Cartridge,BARE,,52.0,0.0,1.0,51.0,17.0,17.0,2.0,0.033,1555.5,1037.0,0
OK,86254,Lift Support,CLIFT SUPPORT,,53.0,0.0,2.0,51.0,28.0,28.0,2.0,0.033,1555.5,701.5,0
OK,86286,Lift Support,CLIFT SUPPORT,,51.0,0.0,0.0,51.0,6.0,6.0,2.0,0.033,1555.5,1372.5,0
OK,86410,Lift Support,CLIFT SUPPORT,,53.0,0.0,2.0,51.0,8.0,8.0,2.0,0.033,1555.5,1311.5,0
OK,346179L,Shock,BARE,,51.0,0.0,0.0,51.0,26.0,26.0,2.0,0.033,1555.5,762.5,0
OK,DT342937,Shock,BARE,,55.0,0.0,4.0,51.0,54.0,54.0,2.0,0.033,1555.5,0.0,3
OK,KY005,Air Compressor,Air Suspension,,51.0,0.0,0.0,51.0,24.0,24.0,2.0,0.033,1555.5,823.5,0
OK,2336338,Complete Strut,FCS,,391.0,56.0,8.0,383.0,84.0,84.0,15.0,0.246,1557.5,1215.9,0
OK,346334,Shock,BARE,,232.0,0.0,2.0,230.0,33.0,33.0,9.0,0.148,1558.9,1335.2,0
OK,333489L,Strut,BARE,,77.0,0.0,0.0,77.0,30.0,30.0,3.0,0.049,1565.7,955.7,0
OK,86306,Lift Support,CLIFT SUPPORT,,155.0,0.0,1.0,154.0,50.0,50.0,6.0,0.098,1565.7,1057.3,0
OK,84987L,Lift Support,CLIFT SUPPORT,,77.0,0.0,0.0,77.0,17.0,17.0,3.0,0.049,1565.7,1220.0,0
OK,1331596L,Complete Strut,FCS,,78.0,6.0,1.0,77.0,49.0,49.0,3.0,0.049,1565.7,569.3,0
OK,334076R,Strut,BARE,,231.0,0.0,0.0,231.0,110.0,110.0,9.0,0.148,1565.7,820.1,0
OK,1336345,Complete Strut,FCS,,103.0,12.0,0.0,103.0,13.0,13.0,4.0,0.066,1570.8,1372.5,0
OK,332341L,Strut,BARE,,207.0,0.0,1.0,206.0,84.0,84.0,8.0,0.131,1570.8,930.2,0
OK,84064,Lift Support,CLIFT SUPPORT,,104.0,0.0,1.0,103.0,48.0,48.0,4.0,0.066,1570.8,838.8,0
OK,1331759R,Complete Strut,FCS,,80.0,0.0,2.0,78.0,19.0,19.0,3.0,0.049,1586.0,1199.7,0
OK,2333363R,Complete Strut,FCS,,53.0,0.0,1.0,52.0,34.0,34.0,2.0,0.033,1586.0,549.0,0
OK,331647L,Strut,BARE,,52.0,0.0,0.0,52.0,17.0,17.0,2.0,0.033,1586.0,1067.5,0
OK,84400,Lift Support,CLIFT SUPPORT,,52.0,0.0,0.0,52.0,9.0,9.0,2.0,0.033,1586.0,1311.5,0
OK,2345685R,Complete Strut,FCS,,27.0,0.0,1.0,26.0,10.0,10.0,1.0,0.016,1586.0,976.0,0
OK,99012,Electronic Air Strut,Air Suspension,,26.0,0.0,0.0,26.0,2.0,2.0,1.0,0.016,1586.0,1464.0,0
OK,333741R,Strut,BARE,,26.0,0.0,0.0,26.0,9.0,9.0,1.0,0.016,1586.0,1037.0,0
OK,F343382,Heavy Duty Shock Absorber,HBare,,58.0,0.0,6.0,52.0,44.0,44.0,2.0,0.033,1586.0,244.0,0
OK,F346633,Heavy Duty Shock Absorber,HBare,,52.0,0.0,0.0,52.0,23.0,23.0,2.0,0.033,1586.0,884.5,0
OK,337226L,Strut,BARE,,26.0,0.0,0.0,26.0,17.0,17.0,1.0,0.016,1586.0,549.0,0
OK,631533L,Strut,BARE,,26.0,0.0,0.0,26.0,0.0,0.0,1.0,0.016,1586.0,1542.0,0
OK,332357R,Strut,BARE,,235.0,0.0,0.0,235.0,147.0,147.0,9.0,0.148,1592.8,596.4,0
OK,331648R,Strut,BARE,,209.0,0.0,0.0,209.0,214.0,214.0,8.0,0.131,1593.6,0.0,5
OK,331048L,Strut,BARE,,79.0,0.0,0.0,79.0,31.0,31.0,3.0,0.049,1606.3,976.0,0
OK,86269,Lift Support,CLIFT SUPPORT,,79.0,0.0,0.0,79.0,44.0,44.0,3.0,0.049,1606.3,711.7,0
OK,335581,Strut,BARE,,53.0,0.0,0.0,53.0,20.0,20.0,2.0,0.033,1616.5,1006.5,0
OK,345378,Strut,BARE,,106.0,0.0,0.0,106.0,44.0,44.0,4.0,0.066,1616.5,945.5,0
OK,84461,Lift Support,CLIFT SUPPORT,,53.0,0.0,0.0,53.0,6.0,6.0,2.0,0.033,1616.5,1433.5,0
OK,86702L,LIFT SUPPORT,CLIFT SUPPORT,,53.0,0.0,0.0,53.0,11.0,11.0,2.0,0.033,1616.5,1281.0,0
OK,86744,LIFT SUPPORT,CLIFT SUPPORT,,53.0,0.0,0.0,53.0,5.0,5.0,2.0,0.033,1616.5,1464.0,0
OK,3333957L,Complete Strut,FCS,,80.0,0.0,0.0,80.0,20.0,20.0,3.0,0.049,1626.7,1220.0,0
OK,346128,Shock,BARE,,376.0,0.0,2.0,374.0,359.0,359.0,14.0,0.23,1629.6,65.4,0
OK,8346934,Complete Strut,FCS,,107.0,0.0,0.0,107.0,11.0,11.0,4.0,0.066,1631.8,1464.0,0
OK,1336322R,Complete Strut,FCS,,432.0,5.0,1.0,431.0,46.0,46.0,16.0,0.262,1643.2,1467.8,0
OK,4331821L,Complete Strut,FCS,,57.0,0.0,3.0,54.0,41.0,41.0,2.0,0.033,1647.0,396.5,0
OK,331628L,Strut,BARE,,81.0,0.0,0.0,81.0,46.0,46.0,3.0,0.049,1647.0,711.7,0
OK,335543R,Strut,BARE,,57.0,0.0,3.0,54.0,52.0,52.0,2.0,0.033,1647.0,61.0,0
OK,345443,Strut,BARE,,56.0,24.0,2.0,54.0,52.0,52.0,2.0,0.033,1647.0,61.0,0
OK,86272,Lift Support,CLIFT SUPPORT,,81.0,0.0,0.0,81.0,5.0,5.0,3.0,0.049,1647.0,1545.3,0
OK,86677,Lift Support,CLIFT SUPPORT,,54.0,0.0,0.0,54.0,21.0,21.0,2.0,0.033,1647.0,1006.5,0
OK,84303R,Lift Support,CLIFT SUPPORT,,54.0,0.0,0.0,54.0,5.0,5.0,2.0,0.033,1647.0,1494.5,0
OK,1345826L,Complete Strut,FCS,,27.0,0.0,0.0,27.0,19.0,19.0,1.0,0.016,1647.0,488.0,0
OK,333816R,Strut,BARE,,29.0,0.0,2.0,27.0,11.0,11.0,1.0,0.016,1647.0,976.0,0
OK,86658,LIFT SUPPORT,CLIFT SUPPORT,,54.0,0.0,0.0,54.0,7.0,7.0,2.0,0.033,1647.0,1433.5,0
OK,F347277,Heavy Duty Shock Absorber,HBare,,54.0,0.0,0.0,54.0,2.0,2.0,2.0,0.033,1647.0,1586.0,0
OK,226333,Shock,BARE,,56.0,0.0,2.0,54.0,68.0,68.0,2.0,0.033,1647.0,0.0,14
OK,342604,Shock,BARE,,27.0,0.0,0.0,27.0,3.0,3.0,1.0,0.016,1647.0,1464.0,0
OK,2345842R,Complete Strut,FCS,,83.0,0.0,2.0,81.0,0.0,0.0,3.0,0.049,1647.0,1603.0,0
OK,346940,Shock,BARE,,163.0,0.0,0.0,163.0,35.0,35.0,6.0,0.098,1657.2,1301.3,0
OK,84564,Lift Support,CLIFT SUPPORT,,272.0,0.0,0.0,272.0,114.0,114.0,10.0,0.164,1659.2,963.8,0
OK,86169,Lift Support,CLIFT SUPPORT,,112.0,0.0,3.0,109.0,53.0,53.0,4.0,0.066,1662.2,854.0,0
OK,331674R,Strut,BARE,,83.0,0.0,1.0,82.0,50.0,50.0,3.0,0.049,1667.3,650.7,0
OK,84829,Lift Support,CLIFT SUPPORT,,82.0,0.0,0.0,82.0,17.0,17.0,3.0,0.049,1667.3,1321.7,0
OK,86283,Lift Support,CLIFT SUPPORT,,82.0,0.0,0.0,82.0,4.0,4.0,3.0,0.049,1667.3,1586.0,0
OK,1355136,Complete Strut,FCS,,221.0,0.0,2.0,219.0,36.0,36.0,8.0,0.131,1669.9,1395.4,0
OK,1335849R,Complete Strut,FCS,,111.0,0.0,1.0,110.0,91.0,91.0,4.0,0.066,1677.5,289.8,0
OK,84716,Lift Support,CLIFT SUPPORT,,55.0,0.0,0.0,55.0,6.0,6.0,2.0,0.033,1677.5,1494.5,0
OK,84814,Lift Support,CLIFT SUPPORT,,55.0,0.0,0.0,55.0,7.0,7.0,2.0,0.033,1677.5,1464.0,0
OK,86763,LIFT SUPPORT,CLIFT SUPPORT,,169.0,0.0,4.0,165.0,76.0,76.0,6.0,0.098,1677.5,904.8,0
OK,F346599,Heavy Duty Shock Absorber,HBare,,55.0,0.0,0.0,55.0,24.0,24.0,2.0,0.033,1677.5,945.5,0
OK,80021,Lift Support,CLIFT SUPPORT,,55.0,0.0,0.0,55.0,18.0,18.0,2.0,0.033,1677.5,1128.5,0
OK,E89011R,Powered lift support,Power Lift,,55.0,0.0,0.0,55.0,15.0,15.0,2.0,0.033,1677.5,1220.0,0
OK,333270L,Strut,BARE,,194.0,0.0,1.0,193.0,162.0,162.0,7.0,0.115,1681.9,270.1,0
OK,346083,Shock,BARE,,166.0,0.0,0.0,166.0,96.0,96.0,6.0,0.098,1687.7,711.7,0
OK,DT346378,Shock,BARE,,307.0,0.0,1.0,306.0,76.0,76.0,11.0,0.18,1696.9,1275.5,0
OK,1336316,Complete Strut,FCS,,226.0,47.0,3.0,223.0,52.0,52.0,8.0,0.131,1700.4,1303.9,0
OK,331019R,Strut,BARE,,28.0,0.0,0.0,28.0,15.0,15.0,1.0,0.016,1708.0,793.0,0
OK,331614L,Strut,BARE,,28.0,24.0,0.0,28.0,15.0,15.0,1.0,0.016,1708.0,793.0,0
OK,331628R,Strut,BARE,,84.0,0.0,0.0,84.0,56.0,56.0,3.0,0.049,1708.0,569.3,0
OK,331697R,Strut,BARE,,28.0,0.0,0.0,28.0,6.0,6.0,1.0,0.016,1708.0,1342.0,0
OK,331785L,Strut,BARE,,56.0,0.0,0.0,56.0,12.0,12.0,2.0,0.033,1708.0,1342.0,0
OK,333291L,Strut,BARE,,112.0,0.0,0.0,112.0,54.0,54.0,4.0,0.066,1708.0,884.5,0
OK,84205,Lift Support,CLIFT SUPPORT,,56.0,0.0,0.0,56.0,6.0,6.0,2.0,0.033,1708.0,1525.0,0
OK,84280,Lift Support,CLIFT SUPPORT,,28.0,0.0,0.0,28.0,22.0,22.0,1.0,0.016,1708.0,366.0,0
OK,84463,Lift Support,CLIFT SUPPORT,,56.0,0.0,0.0,56.0,3.0,3.0,2.0,0.033,1708.0,1616.5,0
OK,84722,Lift Support,CLIFT SUPPORT,,56.0,0.0,0.0,56.0,11.0,11.0,2.0,0.033,1708.0,1372.5,0
OK,3331663R,Complete Strut,FCS,,28.0,0.0,0.0,28.0,20.0,20.0,1.0,0.016,1708.0,488.0,0
OK,87015,LIFT SUPPORT,CLIFT SUPPORT,,56.0,0.0,0.0,56.0,16.0,16.0,2.0,0.033,1708.0,1220.0,0
OK,87051,LIFT SUPPORT,CLIFT SUPPORT,,56.0,0.0,0.0,56.0,21.0,21.0,2.0,0.033,1708.0,1067.5,0
OK,345950,Strut,BARE,,56.0,0.0,0.0,56.0,8.0,8.0,2.0,0.033,1708.0,1464.0,0
OK,333840R,Strut,BARE,,112.0,0.0,0.0,112.0,92.0,92.0,4.0,0.066,1708.0,305.0,0
OK,333940R,Strut,BARE,,29.0,0.0,1.0,28.0,10.0,10.0,1.0,0.016,1708.0,1098.0,0
OK,F344364,Heavy Duty Shock Absorber,HBare,,56.0,0.0,0.0,56.0,3.0,3.0,2.0,0.033,1708.0,1616.5,0
OK,334221L,Strut,BARE,,56.0,0.0,0.0,56.0,28.0,28.0,2.0,0.033,1708.0,854.0,0
OK,94024,Magnetic Strut,Air Suspension,,56.0,0.0,0.0,56.0,34.0,34.0,2.0,0.033,1708.0,671.0,0
OK,341430,Shock,BARE,,28.0,40.0,0.0,28.0,0.0,0.0,1.0,0.016,1708.0,1664.0,0
OK,346977,Shock,BARE,,28.0,0.0,0.0,28.0,36.0,36.0,1.0,0.016,1708.0,0.0,8
OK,334455R,Strut,BARE,,28.0,0.0,0.0,28.0,8.0,8.0,1.0,0.016,1708.0,1220.0,0
OK,86826,Lift Support,CLIFT SUPPORT,,309.0,0.0,0.0,309.0,139.0,139.0,11.0,0.18,1713.5,942.7,0
OK,86564,Lift Support,CLIFT SUPPORT,,113.0,0.0,0.0,113.0,13.0,13.0,4.0,0.066,1723.2,1525.0,0
OK,1331730L,Complete Strut,FCS,,113.0,0.0,0.0,113.0,46.0,46.0,4.0,0.066,1723.2,1021.8,0
OK,345436,Strut,BARE,,87.0,0.0,2.0,85.0,30.0,30.0,3.0,0.049,1728.3,1118.3,0
OK,2335958R,Complete Strut,FCS,,256.0,0.0,1.0,255.0,21.0,21.0,9.0,0.148,1728.3,1586.0,0
OK,86440,Lift Support,CLIFT SUPPORT,,57.0,0.0,0.0,57.0,6.0,6.0,2.0,0.033,1738.5,1555.5,0
OK,86584,Lift Support,CLIFT SUPPORT,,57.0,0.0,0.0,57.0,3.0,3.0,2.0,0.033,1738.5,1647.0,0
OK,86022,LIFT SUPPORT,CLIFT SUPPORT,,58.0,0.0,1.0,57.0,16.0,16.0,2.0,0.033,1738.5,1250.5,0
OK,3335992L,Complete Strut,FCS,,57.0,0.0,0.0,57.0,10.0,10.0,2.0,0.033,1738.5,1433.5,0
OK,331634L,Strut,BARE,,86.0,0.0,0.0,86.0,59.0,59.0,3.0,0.049,1748.7,549.0,0
OK,1331818,Complete Strut,FCS,,882.0,47.0,12.0,870.0,187.0,187.0,30.0,0.492,1769.0,1388.8,0
OK,1336349,Complete Strut,FCS,,593.0,0.0,13.0,580.0,204.0,204.0,20.0,0.328,1769.0,1146.8,0
OK,84075,Lift Support,CLIFT SUPPORT,,116.0,0.0,0.0,116.0,58.0,58.0,4.0,0.066,1769.0,884.5,0
OK,84474,Lift Support,CLIFT SUPPORT,,58.0,0.0,0.0,58.0,4.0,4.0,2.0,0.033,1769.0,1647.0,0
OK,84643,Lift Support,CLIFT SUPPORT,,87.0,0.0,0.0,87.0,38.0,38.0,3.0,0.049,1769.0,996.3,0
OK,86643,Lift Support,CLIFT SUPPORT,,29.0,0.0,0.0,29.0,3.0,3.0,1.0,0.016,1769.0,1586.0,0
OK,86113R,Lift Support,CLIFT SUPPORT,,29.0,0.0,0.0,29.0,16.0,16.0,1.0,0.016,1769.0,793.0,0
OK,86119R,Lift Support,CLIFT SUPPORT,,58.0,0.0,0.0,58.0,14.0,14.0,2.0,0.033,1769.0,1342.0,0
OK,333307R,Strut,BARE,,29.0,0.0,0.0,29.0,10.0,10.0,1.0,0.016,1769.0,1159.0,0
OK,334012L,Strut,BARE,,29.0,0.0,0.0,29.0,2.0,2.0,1.0,0.016,1769.0,1647.0,0
OK,334142R,Strut,BARE,,116.0,0.0,0.0,116.0,63.0,63.0,4.0,0.066,1769.0,808.2,0
OK,99062,Electronic Air Strut,Air Suspension,,30.0,0.0,1.0,29.0,22.0,22.0,1.0,0.016,1769.0,427.0,0
OK,8346173,Complete Strut,FCS,,87.0,0.0,0.0,87.0,22.0,22.0,3.0,0.049,1769.0,1321.7,0
OK,1334592L,Complete Strut,FCS,,94.0,0.0,7.0,87.0,0.0,0.0,3.0,0.049,1769.0,1725.0,0
OK,345455,Strut,BARE,,320.0,0.0,0.0,320.0,138.0,138.0,11.0,0.18,1774.5,1009.3,0
OK,3331622R,Complete Strut,FCS,,89.0,40.0,1.0,88.0,63.0,63.0,3.0,0.049,1789.3,508.3,0
OK,345028,Strut,BARE,,59.0,0.0,0.0,59.0,3.0,3.0,2.0,0.033,1799.5,1708.0,0
OK,84636,Lift Support,CLIFT SUPPORT,,62.0,0.0,3.0,59.0,33.0,33.0,2.0,0.033,1799.5,793.0,0
OK,336340,Strut,BARE,,268.0,0.0,0.0,268.0,212.0,212.0,9.0,0.148,1816.4,379.6,0
OK,3331778R,Complete Strut,FCS,,90.0,6.0,0.0,90.0,10.0,10.0,3.0,0.049,1830.0,1626.7,0
OK,84202,Lift Support,CLIFT SUPPORT,,60.0,0.0,0.0,60.0,9.0,9.0,2.0,0.033,1830.0,1555.5,0
OK,84341,Lift Support,CLIFT SUPPORT,,120.0,0.0,0.0,120.0,34.0,34.0,4.0,0.066,1830.0,1311.5,0
OK,84434,Lift Support,CLIFT SUPPORT,,60.0,0.0,0.0,60.0,18.0,18.0,2.0,0.033,1830.0,1281.0,0
OK,86193,Lift Support,CLIFT SUPPORT,,60.0,0.0,0.0,60.0,25.0,25.0,2.0,0.033,1830.0,1067.5,0
OK,86358,Lift Support,CLIFT SUPPORT,,94.0,0.0,4.0,90.0,97.0,97.0,3.0,0.049,1830.0,0.0,7
OK,1335924R,Complete Strut,FCS,,60.0,0.0,0.0,60.0,11.0,11.0,2.0,0.033,1830.0,1494.5,0
OK,86373,Lift Support,CLIFT SUPPORT,,60.0,0.0,0.0,60.0,16.0,16.0,2.0,0.033,1830.0,1342.0,0
OK,4333514L,Complete Strut,FCS,,61.0,0.0,1.0,60.0,18.0,18.0,2.0,0.033,1830.0,1281.0,0
OK,F347244,Heavy Duty Shock Absorber,HBare,,60.0,0.0,0.0,60.0,14.0,14.0,2.0,0.033,1830.0,1403.0,0
OK,1333940R,Complete Strut,FCS,,61.0,0.0,1.0,60.0,26.0,26.0,2.0,0.033,1830.0,1037.0,0
OK,1337240R,Complete Strut,FCS,,31.0,0.0,1.0,30.0,24.0,24.0,1.0,0.016,1830.0,366.0,0
OK,333355L,Strut,BARE,,185.0,40.0,2.0,183.0,137.0,137.0,6.0,0.098,1860.5,467.7,0
OK,84050,Lift Support,CLIFT SUPPORT,,61.0,0.0,0.0,61.0,5.0,5.0,2.0,0.033,1860.5,1708.0,0
OK,84669,Lift Support,CLIFT SUPPORT,,61.0,0.0,0.0,61.0,9.0,9.0,2.0,0.033,1860.5,1586.0,0
OK,84913,Lift Support,CLIFT SUPPORT,,61.0,0.0,0.0,61.0,15.0,15.0,2.0,0.033,1860.5,1403.0,0
OK,86631,Lift Support,CLIFT SUPPORT,,61.0,0.0,0.0,61.0,10.0,10.0,2.0,0.033,1860.5,1555.5,0
OK,1332347R,Complete Strut,FCS,,126.0,0.0,4.0,122.0,27.0,27.0,4.0,0.066,1860.5,1448.8,0
OK,8346711,Complete Strut,FCS,,62.0,0.0,1.0,61.0,13.0,13.0,2.0,0.033,1860.5,1464.0,0
OK,E89054L,Powered lift support,Power Lift,,61.0,0.0,0.0,61.0,3.0,3.0,2.0,0.033,1860.5,1769.0,0
OK,F347216,Heavy Duty Shock Absorber,HBare,,489.0,0.0,0.0,489.0,155.0,155.0,16.0,0.262,1864.3,1273.4,0
OK,336315,Strut,BARE,,338.0,0.0,0.0,338.0,170.0,170.0,11.0,0.18,1874.4,931.6,0
OK,331581,Strut,BARE,,62.0,0.0,0.0,62.0,29.0,29.0,2.0,0.033,1891.0,1006.5,0
OK,331603R,Strut,BARE,,63.0,0.0,1.0,62.0,29.0,29.0,2.0,0.033,1891.0,1006.5,0
OK,342534,Shock,BARE,,64.0,0.0,2.0,62.0,44.0,44.0,2.0,0.033,1891.0,549.0,0
OK,84033,Lift Support,CLIFT SUPPORT,,31.0,0.0,0.0,31.0,2.0,2.0,1.0,0.016,1891.0,1769.0,0
OK,1332316R,Complete Strut,FCS,,125.0,10.0,1.0,124.0,97.0,97.0,4.0,0.066,1891.0,411.8,0
OK,335801R,Strut,BARE,,31.0,0.0,0.0,31.0,30.0,30.0,1.0,0.016,1891.0,61.0,0
OK,333717L,Strut,BARE,,62.0,0.0,0.0,62.0,24.0,24.0,2.0,0.033,1891.0,1159.0,0
OK,335698L,Strut,BARE,,31.0,0.0,0.0,31.0,12.0,12.0,1.0,0.016,1891.0,1159.0,0
OK,1331661R,Complete Strut,FCS,,63.0,0.0,1.0,62.0,34.0,34.0,2.0,0.033,1891.0,854.0,0
OK,335804R,Strut,BARE,,32.0,0.0,1.0,31.0,11.0,11.0,1.0,0.016,1891.0,1220.0,0
OK,F343363,Heavy Duty Shock Absorber,HBare,,62.0,0.0,0.0,62.0,65.0,65.0,2.0,0.033,1891.0,0.0,3
OK,F347501,Heavy Duty Shock Absorber,HBare,,64.0,0.0,2.0,62.0,23.0,23.0,2.0,0.033,1891.0,1189.5,0
OK,1334592R,Complete Strut,FCS,,94.0,0.0,1.0,93.0,0.0,0.0,3.0,0.049,1891.0,1847.0,0
OK,1331760R,Complete Strut,FCS,,156.0,0.0,0.0,156.0,14.0,14.0,5.0,0.082,1903.2,1732.4,0
OK,355171,Strut,BARE,,166.0,0.0,10.0,156.0,64.0,64.0,5.0,0.082,1903.2,1122.4,0
OK,86683,Lift Support,CLIFT SUPPORT,,94.0,0.0,0.0,94.0,39.0,39.0,3.0,0.049,1911.3,1118.3,0
OK,1343358R,Complete Strut,FCS,,95.0,0.0,1.0,94.0,0.0,0.0,3.0,0.049,1911.3,1867.3,0
OK,1343358L,Complete Strut,FCS,,95.0,0.0,1.0,94.0,0.0,0.0,3.0,0.049,1911.3,1867.3,0
OK,336316,Strut,BARE,,63.0,0.0,0.0,63.0,30.0,30.0,2.0,0.033,1921.5,1006.5,0
OK,84810,Lift Support,CLIFT SUPPORT,,63.0,0.0,0.0,63.0,4.0,4.0,2.0,0.033,1921.5,1799.5,0
OK,86527,Lift Support,CLIFT SUPPORT,,63.0,0.0,0.0,63.0,3.0,3.0,2.0,0.033,1921.5,1830.0,0
OK,1332337L,Complete Strut,FCS,,63.0,0.0,0.0,63.0,17.0,17.0,2.0,0.033,1921.5,1403.0,0
OK,1334572L,Complete Strut,FCS,,65.0,0.0,2.0,63.0,0.0,0.0,2.0,0.033,1921.5,1877.5,0
OK,1355158R,Complete Strut,FCS,,191.0,0.0,1.0,190.0,32.0,32.0,6.0,0.098,1931.7,1606.3,0
OK,333919L,Strut,BARE,,127.0,0.0,0.0,127.0,12.0,12.0,4.0,0.066,1936.8,1753.8,0
OK,84055,Lift Support,CLIFT SUPPORT,,32.0,0.0,0.0,32.0,2.0,2.0,1.0,0.016,1952.0,1830.0,0
OK,84793,Lift Support,CLIFT SUPPORT,,64.0,0.0,0.0,64.0,5.0,5.0,2.0,0.033,1952.0,1799.5,0
OK,84305L,Lift Support,CLIFT SUPPORT,,32.0,0.0,0.0,32.0,12.0,12.0,1.0,0.016,1952.0,1220.0,0
OK,333815R,Strut,BARE,,32.0,0.0,0.0,32.0,4.0,4.0,1.0,0.016,1952.0,1708.0,0
OK,333819L,Strut,BARE,,32.0,0.0,0.0,32.0,18.0,18.0,1.0,0.016,1952.0,854.0,0
OK,333928R,Strut,BARE,,32.0,0.0,0.0,32.0,6.0,6.0,1.0,0.016,1952.0,1586.0,0
OK,334467L,Strut,BARE,,64.0,0.0,0.0,64.0,12.0,12.0,2.0,0.033,1952.0,1586.0,0
OK,8348007,Complete Strut,FCS,,32.0,0.0,0.0,32.0,12.0,12.0,1.0,0.016,1952.0,1220.0,0
OK,1334572R,Complete Strut,FCS,,65.0,0.0,1.0,64.0,0.0,0.0,2.0,0.033,1952.0,1908.0,0
OK,84964,Lift Support,CLIFT SUPPORT,,163.0,0.0,1.0,162.0,70.0,70.0,5.0,0.082,1976.4,1122.4,0
OK,E89058L,Powered lift support,Power Lift,,65.0,0.0,0.0,65.0,3.0,3.0,2.0,0.033,1982.5,1891.0,0
OK,E89087L,Powered lift support,Power Lift,,66.0,0.0,1.0,65.0,2.0,2.0,2.0,0.033,1982.5,1921.5,0
OK,2333841L,Complete Strut,FCS,,164.0,0.0,1.0,163.0,21.0,21.0,5.0,0.082,1988.6,1732.4,0
OK,3333957R,Complete Strut,FCS,,98.0,0.0,0.0,98.0,20.0,20.0,3.0,0.049,1992.7,1586.0,0
OK,346944,Shock,BARE,,108.0,0.0,10.0,98.0,39.0,39.0,3.0,0.049,1992.7,1199.7,0
OK,333464R,Strut,BARE,,33.0,0.0,0.0,33.0,10.0,10.0,1.0,0.016,2013.0,1403.0,0
OK,335557R,Strut,BARE,,35.0,0.0,2.0,33.0,21.0,21.0,1.0,0.016,2013.0,732.0,0
OK,84415,Lift Support,CLIFT SUPPORT,,66.0,0.0,0.0,66.0,4.0,4.0,2.0,0.033,2013.0,1891.0,0
OK,86320,Lift Support,CLIFT SUPPORT,,66.0,0.0,0.0,66.0,1.0,1.0,2.0,0.033,2013.0,1982.5,0
OK,333928L,Strut,BARE,,33.0,0.0,0.0,33.0,7.0,7.0,1.0,0.016,2013.0,1586.0,0
OK,F347220,Heavy Duty Shock Absorber,HBare,,66.0,0.0,0.0,66.0,11.0,11.0,2.0,0.033,2013.0,1677.5,0
OK,F347241,Heavy Duty Shock Absorber,HBare,,66.0,0.0,0.0,66.0,46.0,46.0,2.0,0.033,2013.0,610.0,0
OK,80006,Lift Support,CLIFT SUPPORT,,66.0,0.0,0.0,66.0,13.0,13.0,2.0,0.033,2013.0,1616.5,0
OK,346578,Shock,BARE,,33.0,0.0,0.0,33.0,7.0,7.0,1.0,0.016,2013.0,1586.0,0
OK,1337240L,Complete Strut,FCS,,35.0,0.0,2.0,33.0,22.0,22.0,1.0,0.016,2013.0,671.0,0
OK,1355175R,Complete Strut,FCS,,33.0,0.0,0.0,33.0,34.0,34.0,1.0,0.016,2013.0,0.0,1
OK,1332340,Complete Strut,FCS,,70.0,0.0,3.0,67.0,47.0,47.0,2.0,0.033,2043.5,610.0,0
OK,335790,Strut,BARE,,67.0,0.0,0.0,67.0,52.0,52.0,2.0,0.033,2043.5,457.5,0
OK,333923R,Strut,BARE,,67.0,0.0,0.0,67.0,9.0,9.0,2.0,0.033,2043.5,1769.0,0
OK,1332330L,Complete Strut,FCS,,170.0,27.0,2.0,168.0,40.0,40.0,5.0,0.082,2049.6,1561.6,0
OK,1331597L,Complete Strut,FCS,,273.0,10.0,4.0,269.0,88.0,88.0,8.0,0.131,2051.1,1380.1,0
OK,336310L,Strut,BARE,,101.0,0.0,0.0,101.0,40.0,40.0,3.0,0.049,2053.7,1240.3,0
OK,3333987R,Complete Strut,FCS,,107.0,0.0,6.0,101.0,24.0,24.0,3.0,0.049,2053.7,1565.7,0
OK,1331760L,Complete Strut,FCS,,135.0,0.0,0.0,135.0,15.0,15.0,4.0,0.066,2058.8,1830.0,0
OK,336306,Strut,BARE,,270.0,0.0,0.0,270.0,284.0,284.0,8.0,0.131,2058.8,0.0,14
OK,331796L,Strut,BARE,,68.0,0.0,0.0,68.0,39.0,39.0,2.0,0.033,2074.0,884.5,0
OK,345459,Strut,BARE,,70.0,0.0,2.0,68.0,45.0,45.0,2.0,0.033,2074.0,701.5,0
OK,84347,Lift Support,CLIFT SUPPORT,,68.0,0.0,0.0,68.0,6.0,6.0,2.0,0.033,2074.0,1891.0,0
OK,84736,Lift Support,CLIFT SUPPORT,,34.0,0.0,0.0,34.0,13.0,13.0,1.0,0.016,2074.0,1281.0,0
OK,86149,Lift Support,CLIFT SUPPORT,,68.0,0.0,0.0,68.0,22.0,22.0,2.0,0.033,2074.0,1403.0,0
OK,86189,Lift Support,CLIFT SUPPORT,,68.0,0.0,0.0,68.0,12.0,12.0,2.0,0.033,2074.0,1708.0,0
OK,86920,LIFT SUPPORT,CLIFT SUPPORT,,136.0,0.0,0.0,136.0,17.0,17.0,4.0,0.066,2074.0,1814.8,0
OK,86777,LIFT SUPPORT,CLIFT SUPPORT,,68.0,0.0,0.0,68.0,15.0,15.0,2.0,0.033,2074.0,1616.5,0
OK,348010,Shock,BARE,,140.0,0.0,4.0,136.0,56.0,56.0,4.0,0.066,2074.0,1220.0,0
OK,331631L,Strut,BARE,,143.0,0.0,6.0,137.0,145.0,145.0,4.0,0.066,2089.2,0.0,8
OK,84161,Lift Support,CLIFT SUPPORT,,137.0,0.0,0.0,137.0,44.0,44.0,4.0,0.066,2089.2,1418.2,0
OK,84368,Lift Support,CLIFT SUPPORT,,240.0,0.0,0.0,240.0,139.0,139.0,7.0,0.115,2091.4,880.1,0
OK,2335958L,Complete Strut,FCS,,240.0,0.0,0.0,240.0,25.0,25.0,7.0,0.115,2091.4,1873.6,0
OK,345414,Strut,BARE,,347.0,90.0,3.0,344.0,256.0,256.0,10.0,0.164,2098.4,536.8,0
OK,331613L,Strut,BARE,,70.0,0.0,1.0,69.0,32.0,32.0,2.0,0.033,2104.5,1128.5,0
OK,84353,Lift Support,CLIFT SUPPORT,,69.0,0.0,0.0,69.0,9.0,9.0,2.0,0.033,2104.5,1830.0,0
OK,86481,Lift Support,CLIFT SUPPORT,,73.0,0.0,4.0,69.0,70.0,70.0,2.0,0.033,2104.5,0.0,1
OK,86733,LIFT SUPPORT,CLIFT SUPPORT,,69.0,0.0,0.0,69.0,15.0,15.0,2.0,0.033,2104.5,1647.0,0
OK,8341561,Complete Strut,FCS,,317.0,0.0,6.0,311.0,42.0,42.0,9.0,0.148,2107.9,1823.2,0
OK,342551,Shock,BARE,,211.0,0.0,3.0,208.0,152.0,152.0,6.0,0.098,2114.7,569.3,0
OK,2333319R,Complete Strut,FCS,,35.0,8.0,0.0,35.0,27.0,27.0,1.0,0.016,2135.0,488.0,0
OK,331620R,Strut,BARE,,35.0,0.0,0.0,35.0,30.0,30.0,1.0,0.016,2135.0,305.0,0
OK,331685,Strut,BARE,,105.0,0.0,0.0,105.0,60.0,60.0,3.0,0.049,2135.0,915.0,0
OK,331760R,Strut,BARE,,35.0,0.0,0.0,35.0,6.0,6.0,1.0,0.016,2135.0,1769.0,0
OK,335604L,Strut,BARE,,35.0,0.0,0.0,35.0,21.0,21.0,1.0,0.016,2135.0,854.0,0
OK,341581,Shock,BARE,,183.0,0.0,8.0,175.0,149.0,149.0,5.0,0.082,2135.0,317.2,0
OK,345461,Strut,BARE,,70.0,0.0,0.0,70.0,54.0,54.0,2.0,0.033,2135.0,488.0,0
OK,84618,Lift Support,CLIFT SUPPORT,,70.0,0.0,0.0,70.0,12.0,12.0,2.0,0.033,2135.0,1769.0,0
OK,86103,Lift Support,CLIFT SUPPORT,,177.0,0.0,2.0,175.0,46.0,46.0,5.0,0.082,2135.0,1573.8,0
OK,DG551342,Shock,BARE,,35.0,0.0,0.0,35.0,7.0,7.0,1.0,0.016,2135.0,1708.0,0
OK,84586,Lift Support,CLIFT SUPPORT,,71.0,0.0,0.0,71.0,17.0,17.0,2.0,0.033,2165.5,1647.0,0
OK,333858R,Strut,BARE,,108.0,0.0,1.0,107.0,5.0,5.0,3.0,0.049,2175.7,2074.0,0
OK,1345741R,Complete Strut,FCS,,74.0,12.0,2.0,72.0,42.0,42.0,2.0,0.033,2196.0,915.0,0
OK,333466L,Strut,BARE,,109.0,0.0,1.0,108.0,58.0,58.0,3.0,0.049,2196.0,1016.7,0
OK,84145,Lift Support,CLIFT SUPPORT,,36.0,0.0,0.0,36.0,10.0,10.0,1.0,0.016,2196.0,1586.0,0
OK,84454,Lift Support,CLIFT SUPPORT,,72.0,0.0,0.0,72.0,13.0,13.0,2.0,0.033,2196.0,1799.5,0
OK,84818,Lift Support,CLIFT SUPPORT,,72.0,0.0,0.0,72.0,10.0,10.0,2.0,0.033,2196.0,1891.0,0
OK,86135,Lift Support,CLIFT SUPPORT,,576.0,0.0,0.0,576.0,140.0,140.0,16.0,0.262,2196.0,1662.2,0
OK,86245,Lift Support,CLIFT SUPPORT,,72.0,0.0,0.0,72.0,23.0,23.0,2.0,0.033,2196.0,1494.5,0
OK,1345826R,Complete Strut,FCS,,37.0,0.0,1.0,36.0,20.0,20.0,1.0,0.016,2196.0,976.0,0
OK,333329R,Strut,BARE,,36.0,0.0,0.0,36.0,2.0,2.0,1.0,0.016,2196.0,2074.0,0
OK,99031,Air Strut,Air Suspension,,38.0,0.0,2.0,36.0,14.0,14.0,1.0,0.016,2196.0,1342.0,0
OK,E89054R,Powered lift support,Power Lift,,72.0,0.0,0.0,72.0,3.0,3.0,2.0,0.033,2196.0,2104.5,0
OK,E89073,Powered lift support,Power Lift,,72.0,0.0,0.0,72.0,2.0,2.0,2.0,0.033,2196.0,2135.0,0
OK,1335588R,Complete Strut,FCS,,109.0,0.0,0.0,109.0,22.0,22.0,3.0,0.049,2216.3,1769.0,0
OK,84024,Lift Support,CLIFT SUPPORT,,73.0,0.0,0.0,73.0,6.0,6.0,2.0,0.033,2226.5,2043.5,0
OK,86327,Lift Support,CLIFT SUPPORT,,73.0,0.0,0.0,73.0,3.0,3.0,2.0,0.033,2226.5,2135.0,0
OK,E89043L,Powered lift support,Power Lift,,73.0,0.0,0.0,73.0,2.0,2.0,2.0,0.033,2226.5,2165.5,0
OK,84131,Lift Support,CLIFT SUPPORT,,110.0,0.0,0.0,110.0,5.0,5.0,3.0,0.049,2236.7,2135.0,0
OK,335522,Strut,BARE,,37.0,0.0,0.0,37.0,39.0,39.0,1.0,0.016,2257.0,0.0,2
OK,84006,Lift Support,CLIFT SUPPORT,,38.0,0.0,1.0,37.0,11.0,11.0,1.0,0.016,2257.0,1586.0,0
OK,84051,Lift Support,CLIFT SUPPORT,,74.0,0.0,0.0,74.0,7.0,7.0,2.0,0.033,2257.0,2043.5,0
OK,84909,Lift Support,CLIFT SUPPORT,,76.0,0.0,2.0,74.0,57.0,57.0,2.0,0.033,2257.0,518.5,0
OK,86248,Lift Support,CLIFT SUPPORT,,74.0,0.0,0.0,74.0,17.0,17.0,2.0,0.033,2257.0,1738.5,0
OK,86312,Lift Support,CLIFT SUPPORT,,76.0,0.0,2.0,74.0,48.0,48.0,2.0,0.033,2257.0,793.0,0
OK,1332350R,Complete Strut,FCS,,303.0,7.0,7.0,296.0,95.0,95.0,8.0,0.131,2257.0,1532.6,0
OK,335948R,Strut,BARE,,37.0,0.0,0.0,37.0,6.0,6.0,1.0,0.016,2257.0,1891.0,0
OK,334490R,Strut,BARE,,74.0,0.0,0.0,74.0,14.0,14.0,2.0,0.033,2257.0,1830.0,0
OK,355186,Strut,BARE,,74.0,0.0,0.0,74.0,9.0,9.0,2.0,0.033,2257.0,1982.5,0
OK,E89047L,Powered lift support,Power Lift,,74.0,0.0,0.0,74.0,2.0,2.0,2.0,0.033,2257.0,2196.0,0
OK,8341631RL,Complete Strut,FCS,,113.0,0.0,1.0,112.0,37.0,37.0,3.0,0.049,2277.3,1525.0,0
OK,3331778L,Complete Strut,FCS,,75.0,15.0,0.0,75.0,10.0,10.0,2.0,0.033,2287.5,1982.5,0
OK,342463,Shock,BARE,,150.0,62.0,0.0,150.0,131.0,131.0,4.0,0.066,2287.5,289.8,0
OK,86119L,Lift Support,CLIFT SUPPORT,,75.0,0.0,0.0,75.0,14.0,14.0,2.0,0.033,2287.5,1860.5,0
OK,355180,Strut,BARE,,75.0,0.0,0.0,75.0,13.0,13.0,2.0,0.033,2287.5,1891.0,0
OK,1334416L,Complete Strut,FCS,,113.0,0.0,0.0,113.0,21.0,21.0,3.0,0.049,2297.7,1870.7,0
OK,1331697R,Complete Strut,FCS,,39.0,0.0,1.0,38.0,7.0,7.0,1.0,0.016,2318.0,1891.0,0
OK,2333354R,Complete Strut,FCS,,152.0,47.0,0.0,152.0,29.0,29.0,4.0,0.066,2318.0,1875.8,0
OK,331661R,Strut,BARE,,38.0,0.0,0.0,38.0,27.0,27.0,1.0,0.016,2318.0,671.0,0
OK,333392L,Strut,BARE,,228.0,72.0,0.0,228.0,99.0,99.0,6.0,0.098,2318.0,1311.5,0
OK,84305R,Lift Support,CLIFT SUPPORT,,38.0,0.0,0.0,38.0,9.0,9.0,1.0,0.016,2318.0,1769.0,0
OK,84322L,Lift Support,CLIFT SUPPORT,,38.0,0.0,0.0,38.0,14.0,14.0,1.0,0.016,2318.0,1464.0,0
OK,84322R,Lift Support,CLIFT SUPPORT,,38.0,0.0,0.0,38.0,15.0,15.0,1.0,0.016,2318.0,1403.0,0
OK,F347222,Heavy Duty Shock Absorber,HBare,,76.0,0.0,0.0,76.0,8.0,8.0,2.0,0.033,2318.0,2074.0,0
OK,355067,Strut,BARE,,38.0,0.0,0.0,38.0,2.0,2.0,1.0,0.016,2318.0,2196.0,0
OK,1355177R,Complete Strut,FCS,,76.0,0.0,0.0,76.0,16.0,16.0,2.0,0.033,2318.0,1830.0,0
OK,84079,Lift Support,CLIFT SUPPORT,,269.0,0.0,2.0,267.0,130.0,130.0,7.0,0.115,2326.7,1193.9,0
OK,332355R,Strut,BARE,,154.0,56.0,1.0,153.0,109.0,109.0,4.0,0.066,2333.2,671.0,0
OK,84553,Lift Support,CLIFT SUPPORT,,79.0,0.0,2.0,77.0,18.0,18.0,2.0,0.033,2348.5,1799.5,0
OK,86380,LIFT SUPPORT,CLIFT SUPPORT,,77.0,0.0,0.0,77.0,20.0,20.0,2.0,0.033,2348.5,1738.5,0
OK,1355177L,Complete Strut,FCS,,77.0,0.0,0.0,77.0,16.0,16.0,2.0,0.033,2348.5,1860.5,0
OK,331625R,Strut,BARE,,39.0,0.0,0.0,39.0,6.0,6.0,1.0,0.016,2379.0,2013.0,0
OK,84046,Lift Support,CLIFT SUPPORT,,78.0,0.0,0.0,78.0,6.0,6.0,2.0,0.033,2379.0,2196.0,0
OK,84763,Lift Support,CLIFT SUPPORT,,78.0,0.0,0.0,78.0,6.0,6.0,2.0,0.033,2379.0,2196.0,0
OK,86611,Lift Support,CLIFT SUPPORT,,78.0,0.0,0.0,78.0,62.0,62.0,2.0,0.033,2379.0,488.0,0
OK,86627,Lift Support,CLIFT SUPPORT,,78.0,0.0,0.0,78.0,1.0,1.0,2.0,0.033,2379.0,2348.5,0
OK,84324R,Lift Support,CLIFT SUPPORT,,39.0,0.0,0.0,39.0,1.0,1.0,1.0,0.016,2379.0,2318.0,0
OK,F347203,Heavy Duty Shock Absorber,HBare,,78.0,0.0,0.0,78.0,3.0,3.0,2.0,0.033,2379.0,2287.5,0
OK,337114R,Strut,BARE,,40.0,0.0,1.0,39.0,24.0,24.0,1.0,0.016,2379.0,915.0,0
OK,1337161,Complete Strut,FCS,,235.0,0.0,0.0,235.0,40.0,40.0,6.0,0.098,2389.2,1982.5,0
OK,1333299L,Complete Strut,FCS,,402.0,13.0,8.0,394.0,82.0,82.0,10.0,0.164,2403.4,1903.2,0
OK,332364,Strut,BARE,,81.0,0.0,2.0,79.0,26.0,26.0,2.0,0.033,2409.5,1616.5,0
OK,334485L,Strut,BARE,,79.0,0.0,0.0,79.0,15.0,15.0,2.0,0.033,2409.5,1952.0,0
OK,1355158L,Complete Strut,FCS,,239.0,0.0,1.0,238.0,29.0,29.0,6.0,0.098,2419.7,2124.8,0
OK,2335779R,Complete Strut,FCS,,40.0,0.0,0.0,40.0,6.0,6.0,1.0,0.016,2440.0,2074.0,0
OK,331644R,Strut,BARE,,40.0,0.0,0.0,40.0,4.0,4.0,1.0,0.016,2440.0,2196.0,0
OK,332332L,Strut,BARE,,80.0,0.0,0.0,80.0,41.0,41.0,2.0,0.033,2440.0,1189.5,0
OK,341607,Strut,BARE,,40.0,0.0,0.0,40.0,4.0,4.0,1.0,0.016,2440.0,2196.0,0
OK,345458R,Strut,BARE,,81.0,0.0,1.0,80.0,15.0,15.0,2.0,0.033,2440.0,1982.5,0
OK,84184,Lift Support,CLIFT SUPPORT,,120.0,0.0,0.0,120.0,38.0,38.0,3.0,0.049,2440.0,1667.3,0
OK,84788,Lift Support,CLIFT SUPPORT,,40.0,0.0,0.0,40.0,9.0,9.0,1.0,0.016,2440.0,1891.0,0
OK,84324L,Lift Support,CLIFT SUPPORT,,40.0,0.0,0.0,40.0,1.0,1.0,1.0,0.016,2440.0,2379.0,0
OK,345904R,Strut,BARE,,40.0,0.0,0.0,40.0,11.0,11.0,1.0,0.016,2440.0,1769.0,0
OK,87006,LIFT SUPPORT,CLIFT SUPPORT,,40.0,0.0,0.0,40.0,33.0,33.0,1.0,0.016,2440.0,427.0,0
OK,F347242,Heavy Duty Shock Absorber,HBare,,80.0,0.0,0.0,80.0,40.0,40.0,2.0,0.033,2440.0,1220.0,0
OK,4345685R,Complete Strut,FCS,,240.0,0.0,0.0,240.0,25.0,25.0,6.0,0.098,2440.0,2185.8,0
OK,8346219,Complete Strut,FCS,,80.0,0.0,0.0,80.0,12.0,12.0,2.0,0.033,2440.0,2074.0,0
OK,1355176L,Complete Strut,FCS,,40.0,0.0,0.0,40.0,11.0,11.0,1.0,0.016,2440.0,1769.0,0
OK,1332347L,Complete Strut,FCS,,282.0,4.0,0.0,282.0,22.0,22.0,7.0,0.115,2457.4,2265.7,0
OK,84295,Lift Support,CLIFT SUPPORT,,122.0,0.0,1.0,121.0,47.0,47.0,3.0,0.049,2460.3,1504.7,0
OK,Q4013,Air Spring,Air Suspension,,81.0,0.0,0.0,81.0,12.0,12.0,2.0,0.033,2470.5,2104.5,0
OK,1334485L,Complete Strut,FCS,,122.0,0.0,0.0,122.0,27.0,27.0,3.0,0.049,2480.7,1931.7,0
OK,84369,Lift Support,CLIFT SUPPORT,,206.0,0.0,2.0,204.0,102.0,102.0,5.0,0.082,2488.8,1244.4,0
OK,345683,Strut,BARE,,327.0,0.0,0.0,327.0,197.0,197.0,8.0,0.131,2493.4,991.2,0
OK,1331663L,Complete Strut,FCS,,82.0,0.0,0.0,82.0,11.0,11.0,2.0,0.033,2501.0,2165.5,0
OK,1331753L,Complete Strut,FCS,,41.0,0.0,0.0,41.0,5.0,5.0,1.0,0.016,2501.0,2196.0,0
OK,331608R,Strut,BARE,,42.0,0.0,1.0,41.0,17.0,17.0,1.0,0.016,2501.0,1464.0,0
OK,331626L,Strut,BARE,,42.0,0.0,1.0,41.0,37.0,37.0,1.0,0.016,2501.0,244.0,0
OK,331688R,Strut,BARE,,41.0,0.0,0.0,41.0,56.0,56.0,1.0,0.016,2501.0,0.0,15
OK,335892R,Strut,BARE,,41.0,0.0,0.0,41.0,21.0,21.0,1.0,0.016,2501.0,1220.0,0
OK,8341557,Complete Strut,FCS,,43.0,0.0,2.0,41.0,28.0,28.0,1.0,0.016,2501.0,793.0,0
OK,334404R,Strut,BARE,,43.0,0.0,2.0,41.0,23.0,23.0,1.0,0.016,2501.0,1098.0,0
OK,1334485R,Complete Strut,FCS,,123.0,0.0,0.0,123.0,25.0,25.0,3.0,0.049,2501.0,1992.7,0
OK,1355175L,Complete Strut,FCS,,41.0,0.0,0.0,41.0,29.0,29.0,1.0,0.016,2501.0,732.0,0
OK,84639,Lift Support,CLIFT SUPPORT,,83.0,0.0,0.0,83.0,6.0,6.0,2.0,0.033,2531.5,2348.5,0
OK,84957,Lift Support,CLIFT SUPPORT,,83.0,0.0,0.0,83.0,1.0,1.0,2.0,0.033,2531.5,2501.0,0
OK,80027,Lift Support,CLIFT SUPPORT,,83.0,0.0,0.0,83.0,14.0,14.0,2.0,0.033,2531.5,2104.5,0
OK,E89013L,Powered lift support,Power Lift,,83.0,0.0,0.0,83.0,3.0,3.0,2.0,0.033,2531.5,2440.0,0
OK,E89004,Powered lift support,Power Lift,,83.0,0.0,0.0,83.0,2.0,2.0,2.0,0.033,2531.5,2470.5,0
OK,2345842L,Complete Strut,FCS,,85.0,0.0,2.0,83.0,0.0,0.0,2.0,0.033,2531.5,2487.5,0
OK,1332327,Complete Strut,FCS,,210.0,21.0,2.0,208.0,40.0,40.0,5.0,0.082,2537.6,2049.6,0
OK,333924,Strut,BARE,,208.0,0.0,0.0,208.0,43.0,43.0,5.0,0.082,2537.6,2013.0,0
OK,346455,Shock,BARE,,125.0,0.0,0.0,125.0,114.0,114.0,3.0,0.049,2541.7,223.7,0
OK,331588L,Strut,BARE,,85.0,0.0,1.0,84.0,58.0,58.0,2.0,0.033,2562.0,793.0,0
OK,332366L,Strut,BARE,,42.0,0.0,0.0,42.0,18.0,18.0,1.0,0.016,2562.0,1464.0,0
OK,84396,Lift Support,CLIFT SUPPORT,,84.0,0.0,0.0,84.0,25.0,25.0,2.0,0.033,2562.0,1799.5,0
OK,86441,Lift Support,CLIFT SUPPORT,,42.0,0.0,0.0,42.0,9.0,9.0,1.0,0.016,2562.0,2013.0,0
OK,HS015,Susp. Ride Sensor,Air Suspension,,42.0,0.0,0.0,42.0,6.0,6.0,1.0,0.016,2562.0,2196.0,0
OK,334410R,Strut,BARE,,84.0,0.0,0.0,84.0,6.0,6.0,2.0,0.033,2562.0,2379.0,0
OK,333802L,Strut,BARE,,42.0,0.0,0.0,42.0,3.0,3.0,1.0,0.016,2562.0,2379.0,0
OK,1355176R,Complete Strut,FCS,,42.0,0.0,0.0,42.0,9.0,9.0,1.0,0.016,2562.0,2013.0,0
OK,84467,Lift Support,CLIFT SUPPORT,,127.0,0.0,0.0,127.0,40.0,40.0,3.0,0.049,2582.3,1769.0,0
OK,86354,Lift Support,CLIFT SUPPORT,,85.0,0.0,0.0,85.0,4.0,4.0,2.0,0.033,2592.5,2470.5,0
OK,333497L,Strut,BARE,,86.0,76.0,1.0,85.0,94.0,94.0,2.0,0.033,2592.5,0.0,0
OK,344316,Shock,BARE,,85.0,0.0,0.0,85.0,7.0,7.0,2.0,0.033,2592.5,2379.0,0
OK,2331579L,Complete Strut,FCS,,43.0,0.0,0.0,43.0,10.0,10.0,1.0,0.016,2623.0,2013.0,0
OK,331651R,Strut,BARE,,86.0,0.0,0.0,86.0,38.0,38.0,2.0,0.033,2623.0,1464.0,0
OK,333453R,Strut,BARE,,43.0,0.0,0.0,43.0,31.0,31.0,1.0,0.016,2623.0,732.0,0
OK,334018R,Strut,BARE,,43.0,0.0,0.0,43.0,14.0,14.0,1.0,0.016,2623.0,1769.0,0
OK,333802R,Strut,BARE,,43.0,0.0,0.0,43.0,3.0,3.0,1.0,0.016,2623.0,2440.0,0
OK,334456L,Strut,BARE,,43.0,0.0,0.0,43.0,1.0,1.0,1.0,0.016,2623.0,2562.0,0
OK,84817,Lift Support,CLIFT SUPPORT,,175.0,0.0,2.0,173.0,50.0,50.0,4.0,0.066,2638.2,1875.8,0
OK,331573L,Strut,BARE,,88.0,0.0,0.0,88.0,45.0,45.0,2.0,0.033,2684.0,1311.5,0
OK,84907,Lift Support,CLIFT SUPPORT,,44.0,0.0,0.0,44.0,6.0,6.0,1.0,0.016,2684.0,2318.0,0
OK,355158,Strut,BARE,,88.0,0.0,0.0,88.0,4.0,4.0,2.0,0.033,2684.0,2562.0,0
OK,335541,Strut,BARE,,133.0,0.0,0.0,133.0,45.0,45.0,3.0,0.049,2704.3,1789.3,0
OK,331573R,Strut,BARE,,89.0,0.0,0.0,89.0,42.0,42.0,2.0,0.033,2714.5,1433.5,0
OK,331634R,Strut,BARE,,89.0,0.0,0.0,89.0,79.0,79.0,2.0,0.033,2714.5,305.0,0
OK,332350R,Strut,BARE,,224.0,0.0,1.0,223.0,128.0,128.0,5.0,0.082,2720.6,1159.0,0
OK,333392R,Strut,BARE,,268.0,72.0,0.0,268.0,109.0,109.0,6.0,0.098,2724.7,1616.5,0
OK,345734,Strut,BARE,,134.0,0.0,0.0,134.0,73.0,73.0,3.0,0.049,2724.7,1240.3,0
OK,331596L,Strut,BARE,,45.0,0.0,0.0,45.0,16.0,16.0,1.0,0.016,2745.0,1769.0,0
OK,331619R,Strut,BARE,,47.0,0.0,2.0,45.0,18.0,18.0,1.0,0.016,2745.0,1647.0,0
OK,84060,Lift Support,CLIFT SUPPORT,,45.0,0.0,0.0,45.0,5.0,5.0,1.0,0.016,2745.0,2440.0,0
OK,84105,Lift Support,CLIFT SUPPORT,,45.0,0.0,0.0,45.0,9.0,9.0,1.0,0.016,2745.0,2196.0,0
OK,84566,Lift Support,CLIFT SUPPORT,,90.0,0.0,0.0,90.0,23.0,23.0,2.0,0.033,2745.0,2043.5,0
OK,86364,Lift Support,CLIFT SUPPORT,,47.0,0.0,2.0,45.0,18.0,18.0,1.0,0.016,2745.0,1647.0,0
OK,86927,Lift Support,CLIFT SUPPORT,,45.0,0.0,0.0,45.0,10.0,10.0,1.0,0.016,2745.0,2135.0,0
OK,99063,Electronic Air Strut,Air Suspension,,48.0,0.0,3.0,45.0,19.0,19.0,1.0,0.016,2745.0,1586.0,0
OK,334592L,Strut,BARE,,45.0,0.0,0.0,45.0,0.0,0.0,1.0,0.016,2745.0,2701.0,0
OK,334592R,Strut,BARE,,45.0,0.0,0.0,45.0,0.0,0.0,1.0,0.016,2745.0,2701.0,0
OK,334597L,Strut,BARE,,45.0,0.0,0.0,45.0,0.0,0.0,1.0,0.016,2745.0,2701.0,0
OK,334597R,Strut,BARE,,45.0,0.0,0.0,45.0,0.0,0.0,1.0,0.016,2745.0,2701.0,0
OK,355210L,Strut,BARE,,45.0,0.0,0.0,45.0,0.0,0.0,1.0,0.016,2745.0,2701.0,0
OK,355210R,Strut,BARE,,45.0,0.0,0.0,45.0,0.0,0.0,1.0,0.016,2745.0,2701.0,0
OK,2337235L,Complete Strut,FCS,,136.0,0.0,0.0,136.0,20.0,20.0,3.0,0.049,2765.3,2358.7,0
OK,84635,Lift Support,CLIFT SUPPORT,,91.0,0.0,0.0,91.0,11.0,11.0,2.0,0.033,2775.5,2440.0,0
OK,F344359,Heavy Duty Shock Absorber,HBare,,92.0,0.0,0.0,92.0,4.0,4.0,2.0,0.033,2806.0,2684.0,0
OK,1332350L,Complete Strut,FCS,,331.0,45.0,6.0,325.0,92.0,92.0,7.0,0.115,2832.1,2030.4,0
OK,1332337R,Complete Strut,FCS,,93.0,0.0,0.0,93.0,19.0,19.0,2.0,0.033,2836.5,2257.0,0
OK,8346769,Complete Strut,FCS,,93.0,0.0,0.0,93.0,0.0,0.0,2.0,0.033,2836.5,2792.5,0
OK,1334593R,Complete Strut,FCS,,93.0,0.0,0.0,93.0,0.0,0.0,2.0,0.033,2836.5,2792.5,0
OK,1334593L,Complete Strut,FCS,,93.0,0.0,0.0,93.0,0.0,0.0,2.0,0.033,2836.5,2792.5,0
OK,331802R,Strut,BARE,,47.0,0.0,0.0,47.0,4.0,4.0,1.0,0.016,2867.0,2623.0,0
OK,84342,Lift Support,CLIFT SUPPORT,,49.0,0.0,2.0,47.0,9.0,9.0,1.0,0.016,2867.0,2318.0,0
OK,333790R,Strut,BARE,,47.0,0.0,0.0,47.0,42.0,42.0,1.0,0.016,2867.0,305.0,0
OK,F347198,Heavy Duty Shock Absorber,HBare,,94.0,0.0,0.0,94.0,10.0,10.0,2.0,0.033,2867.0,2562.0,0
OK,F343376,Heavy Duty Shock Absorber,HBare,,94.0,0.0,0.0,94.0,46.0,46.0,2.0,0.033,2867.0,1464.0,0
OK,Q4007,Air Spring,Air Suspension,,49.0,0.0,2.0,47.0,35.0,35.0,1.0,0.016,2867.0,732.0,0
OK,334432L,Strut,BARE,,47.0,0.0,0.0,47.0,1.0,1.0,1.0,0.016,2867.0,2806.0,0
OK,334432R,Strut,BARE,,47.0,0.0,0.0,47.0,1.0,1.0,1.0,0.016,2867.0,2806.0,0
OK,334448L,Strut,BARE,,47.0,0.0,0.0,47.0,8.0,8.0,1.0,0.016,2867.0,2379.0,0
OK,1333406L,Complete Strut,FCS,,190.0,10.0,0.0,190.0,21.0,21.0,4.0,0.066,2897.5,2577.2,0
OK,331019L,Strut,BARE,,48.0,0.0,0.0,48.0,13.0,13.0,1.0,0.016,2928.0,2135.0,0
OK,333270R,Strut,BARE,,241.0,0.0,1.0,240.0,157.0,157.0,5.0,0.082,2928.0,1012.6,0
OK,3335582R,Complete Strut,FCS,,49.0,0.0,1.0,48.0,27.0,27.0,1.0,0.016,2928.0,1281.0,0
OK,346582,Shock,BARE,,48.0,0.0,0.0,48.0,6.0,6.0,1.0,0.016,2928.0,2562.0,0
OK,80042,Lift Support,CLIFT SUPPORT,,625.0,0.0,0.0,625.0,92.0,92.0,13.0,0.213,2932.7,2501.0,0
OK,DT342938,Shock,BARE,,97.0,0.0,0.0,97.0,50.0,50.0,2.0,0.033,2958.5,1433.5,0
OK,334028R,Strut,BARE,,97.0,0.0,0.0,97.0,12.0,12.0,2.0,0.033,2958.5,2592.5,0
OK,86316,Lift Support,CLIFT SUPPORT,,49.0,0.0,0.0,49.0,16.0,16.0,1.0,0.016,2989.0,2013.0,0
OK,1332365R,Complete Strut,FCS,,98.0,0.0,0.0,98.0,14.0,14.0,2.0,0.033,2989.0,2562.0,0
OK,1331666,Complete Strut,FCS,,98.0,0.0,0.0,98.0,8.0,8.0,2.0,0.033,2989.0,2745.0,0
OK,1345969L,Complete Strut,FCS,,49.0,0.0,0.0,49.0,28.0,28.0,1.0,0.016,2989.0,1281.0,0
OK,334142L,Strut,BARE,,99.0,0.0,1.0,98.0,59.0,59.0,2.0,0.033,2989.0,1189.5,0
OK,337163,Strut,BARE,,200.0,0.0,2.0,198.0,13.0,13.0,4.0,0.066,3019.5,2821.2,0
OK,2331778L,Complete Strut,FCS,,149.0,48.0,0.0,149.0,19.0,19.0,3.0,0.049,3029.7,2643.3,0
OK,331631R,Strut,BARE,,153.0,0.0,4.0,149.0,145.0,145.0,3.0,0.049,3029.7,81.3,0
OK,332312,Strut,BARE,,51.0,0.0,1.0,50.0,48.0,48.0,1.0,0.016,3050.0,122.0,0
OK,84132,Lift Support,CLIFT SUPPORT,,100.0,0.0,0.0,100.0,3.0,3.0,2.0,0.033,3050.0,2958.5,0
OK,84915,Lift Support,CLIFT SUPPORT,,50.0,0.0,0.0,50.0,1.0,1.0,1.0,0.016,3050.0,2989.0,0
OK,86952,Lift Support,CLIFT SUPPORT,,52.0,0.0,2.0,50.0,12.0,12.0,1.0,0.016,3050.0,2318.0,0
OK,334448R,Strut,BARE,,50.0,0.0,0.0,50.0,10.0,10.0,1.0,0.016,3050.0,2440.0,0
OK,1345990R,Complete Strut,FCS,,101.0,0.0,0.0,101.0,12.0,12.0,2.0,0.033,3080.5,2714.5,0
OK,2335779L,Complete Strut,FCS,,51.0,0.0,0.0,51.0,4.0,4.0,1.0,0.016,3111.0,2867.0,0
OK,335543L,Strut,BARE,,154.0,0.0,0.0,154.0,61.0,61.0,3.0,0.049,3131.3,1891.0,0
OK,1355148R,Complete Strut,FCS,,156.0,0.0,1.0,155.0,21.0,21.0,3.0,0.049,3151.7,2724.7,0
OK,331752R,Strut,BARE,,52.0,0.0,0.0,52.0,3.0,3.0,1.0,0.016,3172.0,2989.0,0
OK,333379R,Strut,BARE,,52.0,0.0,0.0,52.0,10.0,10.0,1.0,0.016,3172.0,2562.0,0
OK,84053,Lift Support,CLIFT SUPPORT,,52.0,0.0,0.0,52.0,23.0,23.0,1.0,0.016,3172.0,1769.0,0
OK,84916,Lift Support,CLIFT SUPPORT,,52.0,0.0,0.0,52.0,1.0,1.0,1.0,0.016,3172.0,3111.0,0
OK,84303L,Lift Support,CLIFT SUPPORT,,52.0,0.0,0.0,52.0,5.0,5.0,1.0,0.016,3172.0,2867.0,0
OK,99067,Electronic Air Strut,Air Suspension,,56.0,0.0,4.0,52.0,21.0,21.0,1.0,0.016,3172.0,1891.0,0
OK,1345990L,Complete Strut,FCS,,104.0,0.0,0.0,104.0,10.0,10.0,2.0,0.033,3172.0,2867.0,0
OK,355148,Strut,BARE,,104.0,0.0,0.0,104.0,11.0,11.0,2.0,0.033,3172.0,2836.5,0
OK,332355L,Strut,BARE,,158.0,12.0,1.0,157.0,136.0,136.0,3.0,0.049,3192.3,427.0,0
OK,331588R,Strut,BARE,,106.0,0.0,1.0,105.0,61.0,61.0,2.0,0.033,3202.5,1342.0,0
OK,86770,Lift Support,CLIFT SUPPORT,,107.0,0.0,2.0,105.0,50.0,50.0,2.0,0.033,3202.5,1677.5,0
OK,355041,Strut,BARE,,105.0,0.0,0.0,105.0,9.0,9.0,2.0,0.033,3202.5,2928.0,0
OK,335801L,Strut,BARE,,53.0,0.0,0.0,53.0,27.0,27.0,1.0,0.016,3233.0,1586.0,0
OK,2333841R,Complete Strut,FCS,,161.0,0.0,2.0,159.0,23.0,23.0,3.0,0.049,3233.0,2765.3,0
OK,1345969R,Complete Strut,FCS,,53.0,0.0,0.0,53.0,30.0,30.0,1.0,0.016,3233.0,1403.0,0
OK,347534,Shock,BARE,,319.0,0.0,0.0,319.0,45.0,45.0,6.0,0.098,3243.2,2785.7,0
OK,4345685L,Complete Strut,FCS,,268.0,0.0,0.0,268.0,17.0,17.0,5.0,0.082,3269.6,3062.2,0
OK,1345823L,Complete Strut,FCS,,55.0,0.0,1.0,54.0,33.0,33.0,1.0,0.016,3294.0,1281.0,0
OK,3345984R,Complete Strut,FCS,,108.0,0.0,0.0,108.0,19.0,19.0,2.0,0.033,3294.0,2714.5,0
OK,84204,Lift Support,CLIFT SUPPORT,,326.0,0.0,0.0,326.0,24.0,24.0,6.0,0.098,3314.3,3070.3,0
OK,84865,Lift Support,CLIFT SUPPORT,,163.0,0.0,0.0,163.0,8.0,8.0,3.0,0.049,3314.3,3151.7,0
OK,331666,Strut,BARE,,109.0,0.0,0.0,109.0,2.0,2.0,2.0,0.033,3324.5,3263.5,0
OK,1335661,Complete Strut,FCS,,111.0,0.0,2.0,109.0,84.0,84.0,2.0,0.033,3324.5,762.5,0
OK,2335832L,Complete Strut,FCS,,274.0,0.0,1.0,273.0,21.0,21.0,5.0,0.082,3330.6,3074.4,0
OK,1331663R,Complete Strut,FCS,,55.0,0.0,0.0,55.0,13.0,13.0,1.0,0.016,3355.0,2562.0,0
OK,331608L,Strut,BARE,,55.0,0.0,0.0,55.0,18.0,18.0,1.0,0.016,3355.0,2257.0,0
OK,86869,LIFT SUPPORT,CLIFT SUPPORT,,113.0,0.0,3.0,110.0,70.0,70.0,2.0,0.033,3355.0,1220.0,0
OK,346947,Shock,BARE,,110.0,0.0,0.0,110.0,23.0,23.0,2.0,0.033,3355.0,2653.5,0
OK,F346635,HD Shock Absorber,HBare,,55.0,0.0,0.0,55.0,11.0,11.0,1.0,0.016,3355.0,2684.0,0
OK,8346940,Complete Strut,FCS,,111.0,0.0,1.0,110.0,19.0,19.0,2.0,0.033,3355.0,2775.5,0
OK,332341R,Strut,BARE,,221.0,0.0,0.0,221.0,76.0,76.0,4.0,0.066,3370.2,2211.2,0
OK,1355148L,Complete Strut,FCS,,169.0,0.0,2.0,167.0,16.0,16.0,3.0,0.049,3395.7,3070.3,0
OK,84625,Lift Support,CLIFT SUPPORT,,58.0,0.0,2.0,56.0,19.0,19.0,1.0,0.016,3416.0,2257.0,0
OK,84968,Lift Support,CLIFT SUPPORT,,112.0,0.0,0.0,112.0,31.0,31.0,2.0,0.033,3416.0,2470.5,0
OK,HS012,Susp. Ride Sensor,Air Suspension,,56.0,0.0,0.0,56.0,30.0,30.0,1.0,0.016,3416.0,1586.0,0
OK,346987,Shock,BARE,,56.0,0.0,0.0,56.0,8.0,8.0,1.0,0.016,3416.0,2928.0,0
OK,345471,Strut,BARE,,171.0,0.0,2.0,169.0,45.0,45.0,3.0,0.049,3436.3,2521.3,0
OK,86532,Lift Support,CLIFT SUPPORT,,57.0,0.0,0.0,57.0,11.0,11.0,1.0,0.016,3477.0,2806.0,0
OK,343362L,Strut,BARE,,57.0,0.0,0.0,57.0,17.0,17.0,1.0,0.016,3477.0,2440.0,0
OK,DT348015,Shock,BARE,,285.0,0.0,0.0,285.0,58.0,58.0,5.0,0.082,3477.0,2769.4,0
OK,331644L,Strut,BARE,,58.0,0.0,0.0,58.0,2.0,2.0,1.0,0.016,3538.0,3416.0,0
OK,333379L,Strut,BARE,,58.0,0.0,0.0,58.0,9.0,9.0,1.0,0.016,3538.0,2989.0,0
OK,84836,Lift Support,CLIFT SUPPORT,,58.0,0.0,0.0,58.0,4.0,4.0,1.0,0.016,3538.0,3294.0,0
OK,1333928L,Complete Strut,FCS,,59.0,0.0,1.0,58.0,22.0,22.0,1.0,0.016,3538.0,2196.0,0
OK,355134,Strut,BARE,,118.0,0.0,2.0,116.0,17.0,17.0,2.0,0.033,3538.0,3019.5,0
OK,1334416R,Complete Strut,FCS,,116.0,0.0,0.0,116.0,24.0,24.0,2.0,0.033,3538.0,2806.0,0
OK,86619,Lift Support,CLIFT SUPPORT,,117.0,0.0,0.0,117.0,27.0,27.0,2.0,0.033,3568.5,2745.0,0
OK,337170,Strut,BARE,,117.0,0.0,0.0,117.0,27.0,27.0,2.0,0.033,3568.5,2745.0,0
OK,1337171L,Complete Strut,FCS,,177.0,0.0,0.0,177.0,7.0,7.0,3.0,0.049,3599.0,3456.7,0
OK,84464,Lift Support,CLIFT SUPPORT,,120.0,0.0,0.0,120.0,9.0,9.0,2.0,0.033,3660.0,3385.5,0
OK,84951R,Lift Support,CLIFT SUPPORT,,60.0,0.0,0.0,60.0,12.0,12.0,1.0,0.016,3660.0,2928.0,0
OK,F347247,Heavy Duty Shock Absorber,HBare,,60.0,0.0,0.0,60.0,25.0,25.0,1.0,0.016,3660.0,2135.0,0
OK,KY002,Air Compressor,Air Suspension,,60.0,0.0,0.0,60.0,29.0,29.0,1.0,0.016,3660.0,1891.0,0
OK,1337236L,Complete Strut,FCS,,60.0,0.0,0.0,60.0,22.0,22.0,1.0,0.016,3660.0,2318.0,0
OK,1337236R,Complete Strut,FCS,,61.0,0.0,1.0,60.0,21.0,21.0,1.0,0.016,3660.0,2379.0,0
OK,86938,Lift Support,CLIFT SUPPORT,,121.0,0.0,0.0,121.0,1.0,1.0,2.0,0.033,3690.5,3660.0,0
OK,336317,Strut,BARE,,122.0,0.0,0.0,122.0,74.0,74.0,2.0,0.033,3721.0,1464.0,0
OK,84247,Lift Support,CLIFT SUPPORT,,122.0,0.0,0.0,122.0,6.0,6.0,2.0,0.033,3721.0,3538.0,0
OK,84283R,Lift Support,CLIFT SUPPORT,,61.0,0.0,0.0,61.0,19.0,19.0,1.0,0.016,3721.0,2562.0,0
OK,86007,LIFT SUPPORT,CLIFT SUPPORT,,61.0,0.0,0.0,61.0,28.0,28.0,1.0,0.016,3721.0,2013.0,0
OK,86686,LIFT SUPPORT,CLIFT SUPPORT,,62.0,0.0,1.0,61.0,21.0,21.0,1.0,0.016,3721.0,2440.0,0
OK,345411R,Strut,BARE,,123.0,0.0,0.0,123.0,62.0,62.0,2.0,0.033,3751.5,1860.5,0
OK,F346634,Heavy Duty Shock Absorber,HBare,,123.0,0.0,0.0,123.0,34.0,34.0,2.0,0.033,3751.5,2714.5,0
OK,334319R,Strut,BARE,,128.0,0.0,5.0,123.0,84.0,84.0,2.0,0.033,3751.5,1189.5,0
OK,1331597R,Complete Strut,FCS,,251.0,16.0,3.0,248.0,93.0,93.0,4.0,0.066,3782.0,2363.8,0
OK,335527L,Strut,BARE,,62.0,0.0,0.0,62.0,37.0,37.0,1.0,0.016,3782.0,1525.0,0
OK,86173,Lift Support,CLIFT SUPPORT,,65.0,0.0,3.0,62.0,26.0,26.0,1.0,0.016,3782.0,2196.0,0
OK,86531,Lift Support,CLIFT SUPPORT,,62.0,0.0,0.0,62.0,5.0,5.0,1.0,0.016,3782.0,3477.0,0
OK,84951L,Lift Support,CLIFT SUPPORT,,62.0,0.0,0.0,62.0,15.0,15.0,1.0,0.016,3782.0,2867.0,0
OK,KY023,Air Compressor,Air Suspension,,62.0,0.0,0.0,62.0,12.0,12.0,1.0,0.016,3782.0,3050.0,0
OK,345409,Strut,BARE,,251.0,0.0,0.0,251.0,49.0,49.0,4.0,0.066,3827.8,3080.5,0
OK,84118,Lift Support,CLIFT SUPPORT,,189.0,0.0,0.0,189.0,108.0,108.0,3.0,0.049,3843.0,1647.0,0
OK,84283L,Lift Support,CLIFT SUPPORT,,63.0,0.0,0.0,63.0,17.0,17.0,1.0,0.016,3843.0,2806.0,0
OK,335980L,Strut,BARE,,64.0,0.0,1.0,63.0,30.0,30.0,1.0,0.016,3843.0,2013.0,0
OK,334411R,Strut,BARE,,63.0,0.0,0.0,63.0,3.0,3.0,1.0,0.016,3843.0,3660.0,0
OK,334332L,Strut,BARE,,63.0,0.0,0.0,63.0,2.0,2.0,1.0,0.016,3843.0,3721.0,0
OK,334489L,Strut,BARE,,65.0,0.0,2.0,63.0,13.0,13.0,1.0,0.016,3843.0,3050.0,0
OK,346597,Shock,BARE,,192.0,0.0,2.0,190.0,12.0,12.0,3.0,0.049,3863.3,3619.3,0
OK,342840,Shock,BARE,,388.0,0.0,4.0,384.0,286.0,286.0,6.0,0.098,3904.0,996.3,0
OK,84869L,Lift Support,CLIFT SUPPORT,,65.0,0.0,1.0,64.0,39.0,39.0,1.0,0.016,3904.0,1525.0,0
OK,1332351L,Complete Strut,FCS,,196.0,82.0,4.0,192.0,27.0,27.0,3.0,0.049,3904.0,3355.0,0
OK,335899R,Strut,BARE,,64.0,0.0,0.0,64.0,2.0,2.0,1.0,0.016,3904.0,3782.0,0
OK,86759,LIFT SUPPORT,CLIFT SUPPORT,,128.0,0.0,0.0,128.0,21.0,21.0,2.0,0.033,3904.0,3263.5,0
OK,334411L,Strut,BARE,,64.0,0.0,0.0,64.0,2.0,2.0,1.0,0.016,3904.0,3782.0,0
OK,332324R,Strut,BARE,,516.0,0.0,1.0,515.0,314.0,314.0,8.0,0.131,3926.9,1532.6,0
OK,86941,Lift Support,CLIFT SUPPORT,,129.0,0.0,0.0,129.0,14.0,14.0,2.0,0.033,3934.5,3507.5,0
OK,F347319,Heavy Duty Shock Absorber,HBare,,129.0,0.0,0.0,129.0,4.0,4.0,2.0,0.033,3934.5,3812.5,0
OK,335434,Strut,BARE,,129.0,0.0,0.0,129.0,20.0,20.0,2.0,0.033,3934.5,3324.5,0
OK,335899L,Strut,BARE,,65.0,0.0,0.0,65.0,3.0,3.0,1.0,0.016,3965.0,3782.0,0
OK,84869R,Lift Support,CLIFT SUPPORT,,67.0,0.0,1.0,66.0,35.0,35.0,1.0,0.016,4026.0,1891.0,0
OK,331439,Strut,BARE,,132.0,0.0,0.0,132.0,3.0,3.0,2.0,0.033,4026.0,3934.5,0
OK,DT346853,Shock,BARE,,132.0,0.0,0.0,132.0,21.0,21.0,2.0,0.033,4026.0,3385.5,0
OK,342536,Shock,BARE,,134.0,0.0,0.0,134.0,47.0,47.0,2.0,0.033,4087.0,2653.5,0
OK,334303L,Strut,BARE,,134.0,0.0,0.0,134.0,46.0,46.0,2.0,0.033,4087.0,2684.0,0
OK,332350L,Strut,BARE,,271.0,0.0,1.0,270.0,104.0,104.0,4.0,0.066,4117.5,2531.5,0
OK,332323R,Strut,BARE,,611.0,0.0,2.0,609.0,331.0,331.0,9.0,0.148,4127.7,1884.2,0
OK,84776,Lift Support,CLIFT SUPPORT,,68.0,0.0,0.0,68.0,8.0,8.0,1.0,0.016,4148.0,3660.0,0
OK,84306,Lift Support,CLIFT SUPPORT,,71.0,0.0,2.0,69.0,28.0,28.0,1.0,0.016,4209.0,2501.0,0
OK,2331741L,Complete Strut,FCS,,73.0,0.0,4.0,69.0,34.0,34.0,1.0,0.016,4209.0,2135.0,0
OK,E89011L,Powered lift support,Power Lift,,69.0,0.0,0.0,69.0,13.0,13.0,1.0,0.016,4209.0,3416.0,0
OK,331799R,Strut,BARE,,70.0,0.0,0.0,70.0,24.0,24.0,1.0,0.016,4270.0,2806.0,0
OK,2331741R,Complete Strut,FCS,,74.0,0.0,4.0,70.0,33.0,33.0,1.0,0.016,4270.0,2257.0,0
OK,331716R,Strut,BARE,,72.0,0.0,1.0,71.0,30.0,30.0,1.0,0.016,4331.0,2501.0,0
OK,333709L,Strut,BARE,,71.0,0.0,0.0,71.0,5.0,5.0,1.0,0.016,4331.0,4026.0,0
OK,2335832R,Complete Strut,FCS,,284.0,0.0,0.0,284.0,22.0,22.0,4.0,0.066,4331.0,3995.5,0
OK,1334573L,Complete Strut,FCS,,71.0,0.0,0.0,71.0,0.0,0.0,1.0,0.016,4331.0,4287.0,0
OK,331648L,Strut,BARE,,214.0,0.0,0.0,214.0,180.0,180.0,3.0,0.049,4351.3,691.3,0
OK,2336305R,Complete Strut,FCS,,72.0,0.0,0.0,72.0,26.0,26.0,1.0,0.016,4392.0,2806.0,0
OK,335980R,Strut,BARE,,73.0,0.0,1.0,72.0,29.0,29.0,1.0,0.016,4392.0,2623.0,0
OK,95028,Air Conv. Kit,Air Suspension,,72.0,0.0,0.0,72.0,13.0,13.0,1.0,0.016,4392.0,3599.0,0
OK,334440L,Strut,BARE,,78.0,0.0,6.0,72.0,23.0,23.0,1.0,0.016,4392.0,2989.0,0
OK,2334573R,Complete Strut,FCS,,72.0,0.0,0.0,72.0,0.0,0.0,1.0,0.016,4392.0,4348.0,0
OK,E89029,Powered lift support,Power Lift,,147.0,0.0,2.0,145.0,3.0,3.0,2.0,0.033,4422.5,4331.0,0
OK,335527R,Strut,BARE,,73.0,0.0,0.0,73.0,38.0,38.0,1.0,0.016,4453.0,2135.0,0
OK,84128,Lift Support,CLIFT SUPPORT,,73.0,0.0,0.0,73.0,6.0,6.0,1.0,0.016,4453.0,4087.0,0
OK,F442790,Heavy Duty Shock Absorber,HBare,,146.0,0.0,0.0,146.0,27.0,27.0,2.0,0.033,4453.0,3629.5,0
OK,1334484R,Complete Strut,FCS,,73.0,0.0,0.0,73.0,18.0,18.0,1.0,0.016,4453.0,3355.0,0
OK,E89069L,Powered lift support,Power Lift,,73.0,0.0,0.0,73.0,1.0,1.0,1.0,0.016,4453.0,4392.0,0
OK,E89002R,Powered lift support,Power Lift,,73.0,0.0,0.0,73.0,3.0,3.0,1.0,0.016,4453.0,4270.0,0
OK,1334573R,Complete Strut,FCS,,73.0,0.0,0.0,73.0,0.0,0.0,1.0,0.016,4453.0,4409.0,0
OK,331605L,Strut,BARE,,369.0,0.0,0.0,369.0,191.0,191.0,5.0,0.082,4501.8,2171.6,0
OK,84567,Lift Support,CLIFT SUPPORT,,75.0,0.0,1.0,74.0,39.0,39.0,1.0,0.016,4514.0,2135.0,0
OK,86324,Lift Support,CLIFT SUPPORT,,153.0,0.0,5.0,148.0,93.0,93.0,2.0,0.033,4514.0,1677.5,0
OK,333858L,Strut,BARE,,75.0,0.0,1.0,74.0,2.0,2.0,1.0,0.016,4514.0,4392.0,0
OK,E89018L,Powered lift support,Power Lift,,74.0,0.0,0.0,74.0,2.0,2.0,1.0,0.016,4514.0,4392.0,0
OK,E89018R,Powered lift support,Power Lift,,74.0,0.0,0.0,74.0,2.0,2.0,1.0,0.016,4514.0,4392.0,0
OK,84423,Lift Support,CLIFT SUPPORT,,223.0,0.0,0.0,223.0,24.0,24.0,3.0,0.049,4534.3,4046.3,0
OK,1345741L,Complete Strut,FCS,,78.0,0.0,3.0,75.0,36.0,36.0,1.0,0.016,4575.0,2379.0,0
OK,333709R,Strut,BARE,,75.0,0.0,0.0,75.0,4.0,4.0,1.0,0.016,4575.0,4331.0,0
OK,334099L,Strut,BARE,,77.0,0.0,2.0,75.0,18.0,18.0,1.0,0.016,4575.0,3477.0,0
OK,332324L,Strut,BARE,,455.0,0.0,1.0,454.0,311.0,311.0,6.0,0.098,4615.7,1453.8,0
OK,334225L,Strut,BARE,,76.0,0.0,0.0,76.0,31.0,31.0,1.0,0.016,4636.0,2745.0,0
OK,DT355128L,Strut,BARE,,76.0,0.0,0.0,76.0,5.0,5.0,1.0,0.016,4636.0,4331.0,0
OK,E89096R,Powered lift support,Power Lift,,76.0,0.0,0.0,76.0,2.0,2.0,1.0,0.016,4636.0,4514.0,0
OK,E89006,Powered lift support,Power Lift,,80.0,0.0,3.0,77.0,5.0,5.0,1.0,0.016,4697.0,4392.0,0
OK,2333926R,Complete Strut,FCS,,470.0,0.0,7.0,463.0,46.0,46.0,6.0,0.098,4707.2,4239.5,0
OK,334490L,Strut,BARE,,78.0,0.0,0.0,78.0,11.0,11.0,1.0,0.016,4758.0,4087.0,0
OK,331762L,Strut,BARE,,79.0,0.0,0.0,79.0,12.0,12.0,1.0,0.016,4819.0,4087.0,0
OK,331762R,Strut,BARE,,79.0,0.0,0.0,79.0,13.0,13.0,1.0,0.016,4819.0,4026.0,0
OK,347512,Shock,BARE,,158.0,0.0,0.0,158.0,17.0,17.0,2.0,0.033,4819.0,4300.5,0
OK,DT355128R,Strut,BARE,,80.0,0.0,0.0,80.0,5.0,5.0,1.0,0.016,4880.0,4575.0,0
OK,333582R,Strut,BARE,,81.0,0.0,0.0,81.0,9.0,9.0,1.0,0.016,4941.0,4392.0,0
OK,331757L,Strut,BARE,,82.0,0.0,0.0,82.0,9.0,9.0,1.0,0.016,5002.0,4453.0,0
OK,334485R,Strut,BARE,,82.0,0.0,0.0,82.0,13.0,13.0,1.0,0.016,5002.0,4209.0,0
OK,1331908R,Complete Strut,FCS,,336.0,0.0,7.0,329.0,69.0,69.0,4.0,0.066,5017.2,3965.0,0
OK,342502,Shock,BARE,,88.0,0.0,5.0,83.0,22.0,22.0,1.0,0.016,5063.0,3721.0,0
OK,84037,Lift Support,CLIFT SUPPORT,,83.0,0.0,0.0,83.0,1.0,1.0,1.0,0.016,5063.0,5002.0,0
OK,333582L,Strut,BARE,,83.0,0.0,0.0,83.0,7.0,7.0,1.0,0.016,5063.0,4636.0,0
OK,345477,Strut,BARE,,500.0,0.0,0.0,500.0,15.0,15.0,6.0,0.098,5083.3,4930.8,0
OK,8346993,Complete Strut,FCS,,167.0,0.0,0.0,167.0,17.0,17.0,2.0,0.033,5093.5,4575.0,0
OK,331651L,Strut,BARE,,84.0,0.0,0.0,84.0,39.0,39.0,1.0,0.016,5124.0,2745.0,0
OK,84593,Lift Support,CLIFT SUPPORT,,86.0,0.0,2.0,84.0,13.0,13.0,1.0,0.016,5124.0,4331.0,0
OK,334099R,Strut,BARE,,85.0,0.0,1.0,84.0,20.0,20.0,1.0,0.016,5124.0,3904.0,0
OK,334473R,Strut,BARE,,84.0,0.0,0.0,84.0,7.0,7.0,1.0,0.016,5124.0,4697.0,0
OK,E89037R,Powered lift support,Power Lift,,85.0,0.0,0.0,85.0,1.0,1.0,1.0,0.016,5185.0,5124.0,0
OK,1337171R,Complete Strut,FCS,,172.0,0.0,1.0,171.0,6.0,6.0,2.0,0.033,5215.5,5032.5,0
OK,1331659L,Complete Strut,FCS,,89.0,0.0,3.0,86.0,13.0,13.0,1.0,0.016,5246.0,4453.0,0
OK,E89014L,Powered lift support,Power Lift,,86.0,0.0,0.0,86.0,1.0,1.0,1.0,0.016,5246.0,5185.0,0
OK,E89037L,Powered lift support,Power Lift,,86.0,0.0,0.0,86.0,1.0,1.0,1.0,0.016,5246.0,5185.0,0
OK,E89014R,Powered lift support,Power Lift,,86.0,0.0,0.0,86.0,1.0,1.0,1.0,0.016,5246.0,5185.0,0
OK,84656,Lift Support,CLIFT SUPPORT,,88.0,0.0,0.0,88.0,26.0,26.0,1.0,0.016,5368.0,3782.0,0
OK,1331697L,Complete Strut,FCS,,90.0,0.0,1.0,89.0,7.0,7.0,1.0,0.016,5429.0,5002.0,0
OK,331603L,Strut,BARE,,91.0,0.0,1.0,90.0,26.0,26.0,1.0,0.016,5490.0,3904.0,0
OK,86154,Lift Support,CLIFT SUPPORT,,90.0,0.0,0.0,90.0,17.0,17.0,1.0,0.016,5490.0,4453.0,0
OK,84866L,Lift Support,CLIFT SUPPORT,,90.0,0.0,0.0,90.0,4.0,4.0,1.0,0.016,5490.0,5246.0,0
OK,84866R,Lift Support,CLIFT SUPPORT,,90.0,0.0,0.0,90.0,4.0,4.0,1.0,0.016,5490.0,5246.0,0
OK,1333406R,Complete Strut,FCS,,273.0,10.0,0.0,273.0,27.0,27.0,3.0,0.049,5551.0,5002.0,0
OK,84096,Lift Support,CLIFT SUPPORT,,91.0,0.0,0.0,91.0,3.0,3.0,1.0,0.016,5551.0,5368.0,0
OK,8346707,Complete Strut,FCS,,94.0,0.0,0.0,94.0,4.0,4.0,1.0,0.016,5734.0,5490.0,0
OK,3335801L,Complete Strut,FCS,,283.0,0.0,0.0,283.0,13.0,13.0,3.0,0.049,5754.3,5490.0,0
OK,3333406L,Complete Strut,FCS,,193.0,25.0,3.0,190.0,9.0,9.0,2.0,0.033,5795.0,5520.5,0
OK,2333926L,Complete Strut,FCS,,490.0,0.0,7.0,483.0,47.0,47.0,5.0,0.082,5892.6,5319.2,0
OK,2331796R,Complete Strut,FCS,,97.0,0.0,0.0,97.0,4.0,4.0,1.0,0.016,5917.0,5673.0,0
OK,332342R,Strut,BARE,,197.0,0.0,0.0,197.0,68.0,68.0,2.0,0.033,6008.5,3934.5,0
OK,1355210R,Complete Strut,FCS,,100.0,0.0,0.0,100.0,0.0,0.0,1.0,0.016,6100.0,6056.0,0
OK,1355210L,Complete Strut,FCS,,100.0,0.0,0.0,100.0,0.0,0.0,1.0,0.016,6100.0,6056.0,0
OK,334028L,Strut,BARE,,102.0,0.0,0.0,102.0,12.0,12.0,1.0,0.016,6222.0,5490.0,0
OK,3335801R,Complete Strut,FCS,,309.0,0.0,2.0,307.0,14.0,14.0,3.0,0.049,6242.3,5957.7,0
OK,2333354L,Complete Strut,FCS,,205.0,41.0,0.0,205.0,27.0,27.0,2.0,0.033,6252.5,5429.0,0
OK,332332R,Strut,BARE,,103.0,0.0,0.0,103.0,42.0,42.0,1.0,0.016,6283.0,3721.0,0
OK,86688,LIFT SUPPORT,CLIFT SUPPORT,,103.0,0.0,0.0,103.0,34.0,34.0,1.0,0.016,6283.0,4209.0,0
OK,333548R,Strut,BARE,,104.0,0.0,0.0,104.0,6.0,6.0,1.0,0.016,6344.0,5978.0,0
OK,SC00039,Complete Strut,FCS,,107.0,0.0,0.0,107.0,9.0,9.0,1.0,0.016,6527.0,5978.0,0
OK,F347261,Heavy Duty Shock Absorber,HBare,,220.0,0.0,2.0,218.0,19.0,19.0,2.0,0.033,6649.0,6069.5,0
OK,336338,Strut,BARE,,656.0,0.0,0.0,656.0,91.0,91.0,6.0,0.098,6669.3,5744.2,0
OK,86412,Lift Support,CLIFT SUPPORT,,113.0,0.0,0.0,113.0,45.0,45.0,1.0,0.016,6893.0,4148.0,0
OK,DT345681,Strut,BARE,,344.0,0.0,0.0,344.0,13.0,13.0,3.0,0.049,6994.7,6730.3,0
OK,3333406R,Complete Strut,FCS,,117.0,14.0,2.0,115.0,8.0,8.0,1.0,0.016,7015.0,6527.0,0
OK,333548L,Strut,BARE,,115.0,0.0,0.0,115.0,4.0,4.0,1.0,0.016,7015.0,6771.0,0
OK,86754,LIFT SUPPORT,CLIFT SUPPORT,,462.0,0.0,0.0,462.0,51.0,51.0,4.0,0.066,7045.5,6267.8,0
OK,331605R,Strut,BARE,,465.0,0.0,0.0,465.0,193.0,193.0,4.0,0.066,7091.2,4148.0,0
OK,DT355122,Strut,BARE,,356.0,0.0,0.0,356.0,25.0,25.0,3.0,0.049,7238.7,6730.3,0
OK,332335,Strut,BARE,,244.0,0.0,0.0,244.0,117.0,117.0,2.0,0.033,7442.0,3873.5,0
OK,1355067L,Complete Strut,FCS,,123.0,0.0,0.0,123.0,2.0,2.0,1.0,0.016,7503.0,7381.0,0
OK,332323L,Strut,BARE,,618.0,0.0,1.0,617.0,311.0,311.0,5.0,0.082,7527.4,3733.2,0
OK,334018L,Strut,BARE,,127.0,0.0,0.0,127.0,14.0,14.0,1.0,0.016,7747.0,6893.0,0
OK,332301,Strut,BARE,,128.0,0.0,0.0,128.0,105.0,105.0,1.0,0.016,7808.0,1403.0,0
OK,1355067R,Complete Strut,FCS,,130.0,0.0,0.0,130.0,2.0,2.0,1.0,0.016,7930.0,7808.0,0
OK,3345984L,Complete Strut,FCS,,131.0,0.0,0.0,131.0,19.0,19.0,1.0,0.016,7991.0,6832.0,0
OK,1332351R,Complete Strut,FCS,,270.0,49.0,5.0,265.0,33.0,33.0,2.0,0.033,8082.5,7076.0,0
OK,84174L,Lift Support,CLIFT SUPPORT,,136.0,0.0,0.0,136.0,64.0,64.0,1.0,0.016,8296.0,4392.0,0
OK,2331579R,Complete Strut,FCS,,150.0,0.0,0.0,150.0,10.0,10.0,1.0,0.016,9150.0,8540.0,0
OK,1331772L,Complete Strut,FCS,,308.0,0.0,0.0,308.0,14.0,14.0,2.0,0.033,9394.0,8967.0,0
OK,84279,Lift Support,CLIFT SUPPORT,,154.0,0.0,0.0,154.0,4.0,4.0,1.0,0.016,9394.0,9150.0,0
OK,1333299R,Complete Strut,FCS,,480.0,7.0,3.0,477.0,75.0,75.0,3.0,0.049,9699.0,8174.0,0
OK,1331772R,Complete Strut,FCS,,283.0,0.0,0.0,283.0,12.0,12.0,-1.0,0.0,9999,9999,0
OK,1333495,Complete Strut,FCS,,72.0,0.0,2.0,70.0,10.0,10.0,-2.0,0.0,9999,9999,0
OK,3331821R,Complete Strut,FCS,,19.0,0.0,0.0,19.0,15.0,15.0,-1.0,0.0,9999,9999,0
OK,4331821R,Complete Strut,FCS,,56.0,0.0,5.0,51.0,42.0,42.0,-1.0,0.0,9999,9999,0
OK,4335543L,Complete Strut,FCS,,22.0,0.0,0.0,22.0,6.0,6.0,-1.0,0.0,9999,9999,0
OK,4335543R,Complete Strut,FCS,,21.0,0.0,1.0,20.0,6.0,6.0,-1.0,0.0,9999,9999,0
OK,331715L,Strut,BARE,,18.0,0.0,1.0,17.0,15.0,15.0,-2.0,0.0,9999,9999,0
OK,331715R,Strut,BARE,,24.0,0.0,1.0,23.0,13.0,13.0,-4.0,0.0,9999,9999,0
OK,331733,Strut,BARE,,15.0,0.0,0.0,15.0,5.0,5.0,-2.0,0.0,9999,9999,0
OK,36C367,Cartridge,BARE,,38.0,0.0,0.0,38.0,10.0,10.0,-1.0,0.0,9999,9999,0
OK,84248,Lift Support,CLIFT SUPPORT,,109.0,0.0,0.0,109.0,26.0,26.0,-2.0,0.0,9999,9999,0
OK,DT551380,Shock,BARE,,32.0,0.0,0.0,32.0,4.0,4.0,-4.0,0.0,9999,9999,0
OK,4335582,Complete Strut,FCS,,39.0,0.0,0.0,39.0,2.0,2.0,-2.0,0.0,9999,9999,0
OK,346348,Shock,BARE,,40.0,0.0,0.0,40.0,18.0,18.0,-1.0,0.0,9999,9999,0
OK,1333330R,Complete Strut,FCS,,21.0,0.0,1.0,20.0,9.0,9.0,-1.0,0.0,9999,9999,0
OK,1333330L,Complete Strut,FCS,,27.0,1.0,2.0,25.0,8.0,8.0,-1.0,0.0,9999,9999,0
OK,333372L,Strut,BARE,,34.0,56.0,0.0,34.0,14.0,14.0,-1.0,0.0,9999,9999,0
OK,333372R,Strut,BARE,,21.0,56.0,0.0,21.0,12.0,12.0,-1.0,0.0,9999,9999,0
OK,345706,Shock,BARE,,39.0,0.0,0.0,39.0,8.0,8.0,-4.0,0.0,9999,9999,0
OK,DT346419,Shock,BARE,,37.0,0.0,0.0,37.0,36.0,36.0,-2.0,0.0,9999,9999,0
OK,2331761R,Complete Strut,FCS,,24.0,0.0,1.0,23.0,12.0,12.0,-1.0,0.0,9999,9999,0
OK,2331761L,Complete Strut,FCS,,41.0,0.0,2.0,39.0,9.0,9.0,-1.0,0.0,9999,9999,0
OK,1345936,Complete Strut,FCS,,40.0,0.0,0.0,40.0,7.0,7.0,-1.0,0.0,9999,9999,0
OK,86859,LIFT SUPPORT,CLIFT SUPPORT,,40.0,0.0,2.0,38.0,11.0,11.0,-1.0,0.0,9999,9999,0
OK,335992R,Strut,BARE,,1.0,0.0,1.0,0.0,9.0,9.0,-1.0,0.0,9999,9999,9
OK,345948,Strut,BARE,,120.0,0.0,0.0,120.0,27.0,27.0,-1.0,0.0,9999,9999,0
OK,355004,Strut,BARE,,29.0,0.0,4.0,25.0,18.0,18.0,-1.0,0.0,9999,9999,0
OK,333923L,Strut,BARE,,66.0,0.0,0.0,66.0,7.0,7.0,-1.0,0.0,9999,9999,0
OK,1333928R,Complete Strut,FCS,,56.0,0.0,1.0,55.0,27.0,27.0,-3.0,0.0,9999,9999,0
OK,DT346427,Shock,BARE,,52.0,0.0,2.0,50.0,17.0,17.0,-1.0,0.0,9999,9999,0
OK,335818,Strut,BARE,,85.0,0.0,0.0,85.0,53.0,53.0,-1.0,0.0,9999,9999,0
OK,F347200,Heavy Duty Shock Absorber,HBare,,96.0,32.0,0.0,96.0,57.0,57.0,-2.0,0.0,9999,9999,0
OK,F347221,Heavy Duty Shock Absorber,HBare,,68.0,0.0,0.0,68.0,2.0,2.0,-2.0,0.0,9999,9999,0
OK,DT355027,Strut,BARE,,187.0,0.0,0.0,187.0,1.0,1.0,-1.0,0.0,9999,9999,0
OK,F347274,Heavy Duty Shock Absorber,HBare,,81.0,0.0,0.0,81.0,9.0,9.0,-2.0,0.0,9999,9999,0
OK,F347218,Heavy Duty Shock Absorber,HBare,,42.0,0.0,0.0,42.0,28.0,28.0,-2.0,0.0,9999,9999,0
OK,F347252,Heavy Duty Shock Absorber,HBare,,62.0,0.0,2.0,60.0,17.0,17.0,-2.0,0.0,9999,9999,0
OK,F347234,Heavy Duty Shock Absorber,HBare,,108.0,0.0,0.0,108.0,13.0,13.0,-3.0,0.0,9999,9999,0
OK,F344360,Heavy Duty Shock Absorber,HBare,,44.0,0.0,0.0,44.0,3.0,3.0,-2.0,0.0,9999,9999,0
OK,F344357,Heavy Duty Shock Absorber,HBare,,42.0,30.0,0.0,42.0,32.0,32.0,-2.0,0.0,9999,9999,0
OK,346704,Shock,BARE,,35.0,0.0,3.0,32.0,45.0,45.0,-3.0,0.0,9999,9999,13
OK,346711,Shock,BARE,,87.0,0.0,0.0,87.0,9.0,9.0,-3.0,0.0,9999,9999,0
OK,Q4008,Air Spring,Air Suspension,,13.0,0.0,0.0,13.0,11.0,11.0,-1.0,0.0,9999,9999,0
OK,94019,Electronic Shock Assy,Air Suspension,,20.0,0.0,0.0,20.0,4.0,4.0,-1.0,0.0,9999,9999,0
OK,F442822,HD Shock Absorber,HBare,,102.0,0.0,0.0,102.0,23.0,23.0,-4.0,0.0,9999,9999,0
OK,334497R,Strut,BARE,,173.0,0.0,0.0,173.0,17.0,17.0,1.0,0.016,10553.0,9516.0,0
OK,1331908L,Complete Strut,FCS,,365.0,2.0,2.0,363.0,55.0,55.0,2.0,0.033,11071.5,9394.0,0
OK,1355107,Complete Strut,FCS,,606.0,0.0,0.0,606.0,39.0,39.0,3.0,0.049,12322.0,11529.0,0
OK,1336338,Complete Strut,FCS,,209.0,14.0,2.0,207.0,25.0,25.0,1.0,0.016,12627.0,11102.0,0
OK,332342L,Strut,BARE,,208.0,0.0,0.0,208.0,65.0,65.0,1.0,0.016,12688.0,8723.0,0
OK,1345558R,Complete Strut,FCS,,492.0,24.0,1.0,491.0,41.0,41.0,2.0,0.033,14975.5,13725.0,0
OK,2335893R,Complete Strut,FCS,,259.0,0.0,0.0,259.0,3.0,3.0,1.0,0.016,15799.0,15616.0,0
OK,86305,Lift Support,CLIFT SUPPORT,,354.0,0.0,3.0,351.0,79.0,79.0,1.0,0.016,21411.0,16592.0,0
SLOW_MOVER,1331705L,Complete Strut,FCS,,148.0,0.0,0.0,148.0,5.0,5.0,0.0,0.0,9999,9999,0
SLOW_MOVER,1331705R,Complete Strut,FCS,,136.0,0.0,0.0,136.0,6.0,6.0,0.0,0.0,9999,9999,0
SLOW_MOVER,1331752L,Complete Strut,FCS,,121.0,0.0,0.0,121.0,1.0,1.0,0.0,0.0,9999,9999,0
SLOW_MOVER,1331752R,Complete Strut,FCS,,114.0,0.0,0.0,114.0,1.0,1.0,0.0,0.0,9999,9999,0
SLOW_MOVER,1331802L,Complete Strut,FCS,,6.0,0.0,0.0,6.0,6.0,6.0,0.0,0.0,9999,9999,0
SLOW_MOVER,1331802R,Complete Strut,FCS,,34.0,0.0,0.0,34.0,6.0,6.0,0.0,0.0,9999,9999,0
SLOW_MOVER,1331826L,Complete Strut,FCS,,47.0,15.0,3.0,44.0,20.0,20.0,0.0,0.0,9999,9999,0
SLOW_MOVER,1331826R,Complete Strut,FCS,,43.0,15.0,2.0,41.0,24.0,24.0,0.0,0.0,9999,9999,0
SLOW_MOVER,1336336,Complete Strut,FCS,,140.0,20.0,0.0,140.0,4.0,4.0,0.0,0.0,9999,9999,0
SLOW_MOVER,2331794L,Complete Strut,FCS,,13.0,0.0,0.0,13.0,7.0,7.0,0.0,0.0,9999,9999,0
SLOW_MOVER,2331794R,Complete Strut,FCS,,52.0,0.0,5.0,47.0,7.0,7.0,0.0,0.0,9999,9999,0
SLOW_MOVER,2331796L,Complete Strut,FCS,,50.0,0.0,0.0,50.0,4.0,4.0,0.0,0.0,9999,9999,0
SLOW_MOVER,2335849L,Complete Strut,FCS,,47.0,0.0,1.0,46.0,15.0,15.0,0.0,0.0,9999,9999,0
SLOW_MOVER,2345458L,Complete Strut,FCS,,77.0,0.0,0.0,77.0,1.0,1.0,0.0,0.0,9999,9999,0
SLOW_MOVER,2345458R,Complete Strut,FCS,,74.0,0.0,0.0,74.0,1.0,1.0,0.0,0.0,9999,9999,0
SLOW_MOVER,3331821L,Complete Strut,FCS,,20.0,0.0,0.0,20.0,13.0,13.0,0.0,0.0,9999,9999,0
SLOW_MOVER,3333414R,Complete Strut,FCS,,59.0,0.0,0.0,59.0,26.0,26.0,0.0,0.0,9999,9999,0
SLOW_MOVER,331591L,Strut,BARE,,8.0,0.0,0.0,8.0,5.0,5.0,0.0,0.0,9999,9999,0
SLOW_MOVER,331591R,Strut,BARE,,60.0,0.0,0.0,60.0,10.0,10.0,0.0,0.0,9999,9999,0
SLOW_MOVER,331592L,Strut,BARE,,27.0,0.0,0.0,27.0,9.0,9.0,0.0,0.0,9999,9999,0
SLOW_MOVER,331592R,Strut,BARE,,35.0,0.0,0.0,35.0,9.0,9.0,0.0,0.0,9999,9999,0
SLOW_MOVER,331597L,Strut,BARE,,65.0,0.0,0.0,65.0,30.0,30.0,0.0,0.0,9999,9999,0
SLOW_MOVER,331597R,Strut,BARE,,73.0,0.0,0.0,73.0,36.0,36.0,0.0,0.0,9999,9999,0
SLOW_MOVER,331625L,Strut,BARE,,42.0,0.0,0.0,42.0,10.0,10.0,0.0,0.0,9999,9999,0
SLOW_MOVER,331646L,Strut,BARE,,122.0,0.0,0.0,122.0,6.0,6.0,0.0,0.0,9999,9999,0
SLOW_MOVER,331646R,Strut,BARE,,125.0,0.0,0.0,125.0,6.0,6.0,0.0,0.0,9999,9999,0
SLOW_MOVER,331650L,Strut,BARE,,204.0,0.0,0.0,204.0,36.0,36.0,0.0,0.0,9999,9999,0
SLOW_MOVER,331650R,Strut,BARE,,193.0,0.0,0.0,193.0,30.0,30.0,0.0,0.0,9999,9999,0
SLOW_MOVER,331658L,Strut,BARE,,5.0,0.0,2.0,3.0,11.0,11.0,0.0,0.0,9999,9999,8
SLOW_MOVER,331658R,Strut,BARE,,14.0,0.0,3.0,11.0,12.0,12.0,0.0,0.0,9999,9999,1
SLOW_MOVER,331663L,Strut,BARE,,51.0,0.0,0.0,51.0,12.0,12.0,0.0,0.0,9999,9999,0
SLOW_MOVER,331663R,Strut,BARE,,49.0,0.0,0.0,49.0,17.0,17.0,0.0,0.0,9999,9999,0
SLOW_MOVER,331667,Strut,BARE,,188.0,0.0,0.0,188.0,63.0,63.0,0.0,0.0,9999,9999,0
SLOW_MOVER,331675L,Strut,BARE,,35.0,0.0,0.0,35.0,12.0,12.0,0.0,0.0,9999,9999,0
SLOW_MOVER,331675R,Strut,BARE,,46.0,0.0,0.0,46.0,14.0,14.0,0.0,0.0,9999,9999,0
SLOW_MOVER,331688L,Strut,BARE,,35.0,0.0,0.0,35.0,63.0,63.0,0.0,0.0,9999,9999,28
SLOW_MOVER,331693L,Strut,BARE,,111.0,0.0,0.0,111.0,14.0,14.0,0.0,0.0,9999,9999,0
SLOW_MOVER,331693R,Strut,BARE,,111.0,0.0,0.0,111.0,14.0,14.0,0.0,0.0,9999,9999,0
SLOW_MOVER,331701L,Strut,BARE,,72.0,0.0,0.0,72.0,1.0,1.0,0.0,0.0,9999,9999,0
SLOW_MOVER,331701R,Strut,BARE,,68.0,0.0,0.0,68.0,1.0,1.0,0.0,0.0,9999,9999,0
SLOW_MOVER,331702L,Strut,BARE,,48.0,0.0,0.0,48.0,10.0,10.0,0.0,0.0,9999,9999,0
SLOW_MOVER,331702R,Strut,BARE,,38.0,0.0,0.0,38.0,10.0,10.0,0.0,0.0,9999,9999,0
SLOW_MOVER,331703L,Strut,BARE,,18.0,0.0,0.0,18.0,0.0,0.0,0.0,0.0,9999,9999,0
SLOW_MOVER,331703R,Strut,BARE,,44.0,0.0,0.0,44.0,2.0,2.0,0.0,0.0,9999,9999,0
SLOW_MOVER,331705L,Strut,BARE,,51.0,0.0,0.0,51.0,11.0,11.0,0.0,0.0,9999,9999,0
SLOW_MOVER,331705R,Strut,BARE,,3.0,0.0,0.0,3.0,13.0,13.0,0.0,0.0,9999,9999,10
SLOW_MOVER,331706L,Strut,BARE,,38.0,0.0,0.0,38.0,1.0,1.0,0.0,0.0,9999,9999,0
SLOW_MOVER,331706R,Strut,BARE,,26.0,0.0,0.0,26.0,2.0,2.0,0.0,0.0,9999,9999,0
SLOW_MOVER,331707L,Strut,BARE,,9.0,0.0,0.0,9.0,4.0,4.0,0.0,0.0,9999,9999,0
SLOW_MOVER,331709L,Strut,BARE,,17.0,0.0,0.0,17.0,3.0,3.0,0.0,0.0,9999,9999,0
SLOW_MOVER,331709R,Strut,BARE,,26.0,0.0,0.0,26.0,3.0,3.0,0.0,0.0,9999,9999,0
SLOW_MOVER,331731,Strut,BARE,,14.0,0.0,0.0,14.0,11.0,11.0,0.0,0.0,9999,9999,0
SLOW_MOVER,331739L,Strut,BARE,,16.0,0.0,0.0,16.0,11.0,11.0,0.0,0.0,9999,9999,0
SLOW_MOVER,331749L,Strut,BARE,,17.0,0.0,1.0,16.0,15.0,15.0,0.0,0.0,9999,9999,0
SLOW_MOVER,331749R,Strut,BARE,,8.0,24.0,0.0,8.0,14.0,14.0,0.0,0.0,9999,9999,0
SLOW_MOVER,331750R,Strut,BARE,,1.0,0.0,0.0,1.0,5.0,5.0,0.0,0.0,9999,9999,4
SLOW_MOVER,331752L,Strut,BARE,,52.0,0.0,0.0,52.0,3.0,3.0,0.0,0.0,9999,9999,0
SLOW_MOVER,331753L,Strut,BARE,,24.0,0.0,0.0,24.0,3.0,3.0,0.0,0.0,9999,9999,0
SLOW_MOVER,331753R,Strut,BARE,,15.0,0.0,0.0,15.0,3.0,3.0,0.0,0.0,9999,9999,0
SLOW_MOVER,331754L,Strut,BARE,,21.0,0.0,0.0,21.0,2.0,2.0,0.0,0.0,9999,9999,0
SLOW_MOVER,331754R,Strut,BARE,,9.0,0.0,0.0,9.0,2.0,2.0,0.0,0.0,9999,9999,0
SLOW_MOVER,331757R,Strut,BARE,,34.0,40.0,0.0,34.0,8.0,8.0,0.0,0.0,9999,9999,0
SLOW_MOVER,331760L,Strut,BARE,,33.0,0.0,0.0,33.0,5.0,5.0,0.0,0.0,9999,9999,0
SLOW_MOVER,331763L,Strut,BARE,,25.0,0.0,0.0,25.0,7.0,7.0,0.0,0.0,9999,9999,0
SLOW_MOVER,331763R,Strut,BARE,,17.0,0.0,1.0,16.0,7.0,7.0,0.0,0.0,9999,9999,0
SLOW_MOVER,331767L,Strut,BARE,,43.0,0.0,0.0,43.0,7.0,7.0,0.0,0.0,9999,9999,0
SLOW_MOVER,331767R,Strut,BARE,,14.0,0.0,0.0,14.0,9.0,9.0,0.0,0.0,9999,9999,0
SLOW_MOVER,331771L,Strut,BARE,,21.0,0.0,0.0,21.0,1.0,1.0,0.0,0.0,9999,9999,0
SLOW_MOVER,331771R,Strut,BARE,,22.0,0.0,0.0,22.0,1.0,1.0,0.0,0.0,9999,9999,0
SLOW_MOVER,331774R,Strut,BARE,,48.0,72.0,0.0,48.0,17.0,17.0,0.0,0.0,9999,9999,0
SLOW_MOVER,331776L,Strut,BARE,,72.0,0.0,0.0,72.0,6.0,6.0,0.0,0.0,9999,9999,0
SLOW_MOVER,331776R,Strut,BARE,,42.0,0.0,0.0,42.0,9.0,9.0,0.0,0.0,9999,9999,0
SLOW_MOVER,331790L,Strut,BARE,,106.0,0.0,0.0,106.0,2.0,2.0,0.0,0.0,9999,9999,0
SLOW_MOVER,331790R,Strut,BARE,,104.0,0.0,0.0,104.0,4.0,4.0,0.0,0.0,9999,9999,0
SLOW_MOVER,331792L,Strut,BARE,,58.0,0.0,0.0,58.0,4.0,4.0,0.0,0.0,9999,9999,0
SLOW_MOVER,331792R,Strut,BARE,,49.0,0.0,0.0,49.0,4.0,4.0,0.0,0.0,9999,9999,0
SLOW_MOVER,331793L,Strut,BARE,,5.0,0.0,0.0,5.0,1.0,1.0,0.0,0.0,9999,9999,0
SLOW_MOVER,331793R,Strut,BARE,,6.0,0.0,0.0,6.0,1.0,1.0,0.0,0.0,9999,9999,0
SLOW_MOVER,331798,Strut,BARE,,32.0,0.0,0.0,32.0,4.0,4.0,0.0,0.0,9999,9999,0
SLOW_MOVER,331802L,Strut,BARE,,39.0,0.0,0.0,39.0,5.0,5.0,0.0,0.0,9999,9999,0
SLOW_MOVER,331826R,Strut,BARE,,1.0,0.0,0.0,1.0,4.0,4.0,0.0,0.0,9999,9999,3
SLOW_MOVER,332307,Strut,BARE,,102.0,0.0,0.0,102.0,63.0,63.0,0.0,0.0,9999,9999,0
SLOW_MOVER,332321L,Strut,BARE,,3.0,0.0,0.0,3.0,3.0,3.0,0.0,0.0,9999,9999,0
SLOW_MOVER,332321R,Strut,BARE,,3.0,0.0,0.0,3.0,3.0,3.0,0.0,0.0,9999,9999,0
SLOW_MOVER,332325L,Strut,BARE,,19.0,48.0,0.0,19.0,18.0,18.0,0.0,0.0,9999,9999,0
SLOW_MOVER,332325R,Strut,BARE,,107.0,0.0,0.0,107.0,30.0,30.0,0.0,0.0,9999,9999,0
SLOW_MOVER,333449L,Strut,BARE,,78.0,0.0,0.0,78.0,0.0,0.0,0.0,0.0,9999,9999,0
SLOW_MOVER,333449R,Strut,BARE,,76.0,0.0,0.0,76.0,1.0,1.0,0.0,0.0,9999,9999,0
SLOW_MOVER,333450L,Strut,BARE,,97.0,0.0,0.0,97.0,42.0,42.0,0.0,0.0,9999,9999,0
SLOW_MOVER,333450R,Strut,BARE,,105.0,0.0,0.0,105.0,46.0,46.0,0.0,0.0,9999,9999,0
SLOW_MOVER,333503L,Strut,BARE,,63.0,0.0,0.0,63.0,8.0,8.0,0.0,0.0,9999,9999,0
SLOW_MOVER,333503R,Strut,BARE,,56.0,0.0,0.0,56.0,9.0,9.0,0.0,0.0,9999,9999,0
SLOW_MOVER,335419L,Strut,BARE,,18.0,0.0,1.0,17.0,27.0,27.0,0.0,0.0,9999,9999,10
SLOW_MOVER,335419R,Strut,BARE,,66.0,0.0,1.0,65.0,27.0,27.0,0.0,0.0,9999,9999,0
SLOW_MOVER,335557L,Strut,BARE,,33.0,0.0,2.0,31.0,20.0,20.0,0.0,0.0,9999,9999,0
SLOW_MOVER,335561,Strut,BARE,,67.0,0.0,0.0,67.0,2.0,2.0,0.0,0.0,9999,9999,0
SLOW_MOVER,335574,Strut,BARE,,118.0,0.0,0.0,118.0,3.0,3.0,0.0,0.0,9999,9999,0
SLOW_MOVER,335579L,Strut,BARE,,319.0,0.0,0.0,319.0,9.0,9.0,0.0,0.0,9999,9999,0
SLOW_MOVER,335579R,Strut,BARE,,314.0,0.0,0.0,314.0,8.0,8.0,0.0,0.0,9999,9999,0
SLOW_MOVER,335586,Strut,BARE,,32.0,0.0,0.0,32.0,1.0,1.0,0.0,0.0,9999,9999,0
SLOW_MOVER,335588L,Strut,BARE,,58.0,0.0,0.0,58.0,1.0,1.0,0.0,0.0,9999,9999,0
SLOW_MOVER,335588R,Strut,BARE,,62.0,0.0,0.0,62.0,1.0,1.0,0.0,0.0,9999,9999,0
SLOW_MOVER,335589L,Strut,BARE,,46.0,0.0,0.0,46.0,8.0,8.0,0.0,0.0,9999,9999,0
SLOW_MOVER,335589R,Strut,BARE,,86.0,0.0,0.0,86.0,7.0,7.0,0.0,0.0,9999,9999,0
SLOW_MOVER,335848L,Strut,BARE,,45.0,0.0,0.0,45.0,1.0,1.0,0.0,0.0,9999,9999,0
SLOW_MOVER,335848R,Strut,BARE,,48.0,0.0,0.0,48.0,1.0,1.0,0.0,0.0,9999,9999,0
SLOW_MOVER,335892L,Strut,BARE,,39.0,0.0,0.0,39.0,19.0,19.0,0.0,0.0,9999,9999,0
SLOW_MOVER,335894R,Strut,BARE,,1.0,0.0,1.0,0.0,5.0,5.0,0.0,0.0,9999,9999,5
SLOW_MOVER,336301L,Strut,BARE,,351.0,0.0,0.0,351.0,183.0,183.0,0.0,0.0,9999,9999,0
SLOW_MOVER,336301R,Strut,BARE,,362.0,0.0,0.0,362.0,194.0,194.0,0.0,0.0,9999,9999,0
SLOW_MOVER,336303,Strut,BARE,,157.0,0.0,0.0,157.0,85.0,85.0,0.0,0.0,9999,9999,0
SLOW_MOVER,336309,Strut,BARE,,20.0,0.0,2.0,18.0,2.0,2.0,0.0,0.0,9999,9999,0
SLOW_MOVER,336314,Strut,BARE,,11.0,0.0,0.0,11.0,2.0,2.0,0.0,0.0,9999,9999,0
SLOW_MOVER,341347,Shock,BARE,,1.0,0.0,0.0,1.0,0.0,0.0,0.0,0.0,9999,9999,0
SLOW_MOVER,341527,Shock,BARE,,2.0,0.0,0.0,2.0,0.0,0.0,0.0,0.0,9999,9999,0
SLOW_MOVER,341564,Shock,BARE,,22.0,0.0,0.0,22.0,4.0,4.0,0.0,0.0,9999,9999,0
SLOW_MOVER,341573,Shock,BARE,,7.0,80.0,0.0,7.0,8.0,8.0,0.0,0.0,9999,9999,0
SLOW_MOVER,341590,Shock,BARE,,29.0,0.0,0.0,29.0,1.0,1.0,0.0,0.0,9999,9999,0
SLOW_MOVER,345395,Strut,BARE,,64.0,0.0,0.0,64.0,17.0,17.0,0.0,0.0,9999,9999,0
SLOW_MOVER,345401,Strut,BARE,,41.0,0.0,0.0,41.0,23.0,23.0,0.0,0.0,9999,9999,0
SLOW_MOVER,345407,Strut,BARE,,36.0,0.0,2.0,34.0,12.0,12.0,0.0,0.0,9999,9999,0
SLOW_MOVER,345413,Strut,BARE,,48.0,0.0,0.0,48.0,1.0,1.0,0.0,0.0,9999,9999,0
SLOW_MOVER,345423,Strut,BARE,,27.0,0.0,0.0,27.0,16.0,16.0,0.0,0.0,9999,9999,0
SLOW_MOVER,345430,Strut,BARE,,67.0,0.0,0.0,67.0,26.0,26.0,0.0,0.0,9999,9999,0
SLOW_MOVER,345444,Strut,BARE,,18.0,24.0,0.0,18.0,13.0,13.0,0.0,0.0,9999,9999,0
SLOW_MOVER,345468,Strut,BARE,,50.0,0.0,0.0,50.0,13.0,13.0,0.0,0.0,9999,9999,0
SLOW_MOVER,345482,Strut,BARE,,32.0,0.0,0.0,32.0,1.0,1.0,0.0,0.0,9999,9999,0
SLOW_MOVER,345488,Strut,BARE,,11.0,0.0,0.0,11.0,1.0,1.0,0.0,0.0,9999,9999,0
SLOW_MOVER,345489,Strut,BARE,,26.0,0.0,0.0,26.0,1.0,1.0,0.0,0.0,9999,9999,0
SLOW_MOVER,345504,Strut,BARE,,4.0,24.0,0.0,4.0,12.0,12.0,0.0,0.0,9999,9999,0
SLOW_MOVER,345568,Strut,BARE,,31.0,0.0,0.0,31.0,5.0,5.0,0.0,0.0,9999,9999,0
SLOW_MOVER,345762,Strut,BARE,,22.0,0.0,0.0,22.0,5.0,5.0,0.0,0.0,9999,9999,0
SLOW_MOVER,345764L,Strut,BARE,,10.0,0.0,0.0,10.0,4.0,4.0,0.0,0.0,9999,9999,0
SLOW_MOVER,345764R,Strut,BARE,,4.0,0.0,0.0,4.0,3.0,3.0,0.0,0.0,9999,9999,0
SLOW_MOVER,345782L,Strut,BARE,,9.0,0.0,0.0,9.0,7.0,7.0,0.0,0.0,9999,9999,0
SLOW_MOVER,345782R,Strut,BARE,,37.0,0.0,0.0,37.0,5.0,5.0,0.0,0.0,9999,9999,0
SLOW_MOVER,346088,Shock,BARE,,2.0,0.0,0.0,2.0,0.0,0.0,0.0,0.0,9999,9999,0
SLOW_MOVER,36C366,Cartridge,BARE,,59.0,0.0,0.0,59.0,1.0,1.0,0.0,0.0,9999,9999,0
SLOW_MOVER,36C450,Cartridge,BARE,,8.0,0.0,0.0,8.0,11.0,11.0,0.0,0.0,9999,9999,3
SLOW_MOVER,84000,Lift Support,CLIFT SUPPORT,,61.0,0.0,0.0,61.0,11.0,11.0,0.0,0.0,9999,9999,0
SLOW_MOVER,84004,Lift Support,CLIFT SUPPORT,,93.0,0.0,0.0,93.0,1.0,1.0,0.0,0.0,9999,9999,0
SLOW_MOVER,84023,Lift Support,CLIFT SUPPORT,,11.0,0.0,0.0,11.0,2.0,2.0,0.0,0.0,9999,9999,0
SLOW_MOVER,84025,Lift Support,CLIFT SUPPORT,,31.0,0.0,0.0,31.0,10.0,10.0,0.0,0.0,9999,9999,0
SLOW_MOVER,84028,Lift Support,CLIFT SUPPORT,,50.0,0.0,0.0,50.0,1.0,1.0,0.0,0.0,9999,9999,0
SLOW_MOVER,84035,Lift Support,CLIFT SUPPORT,,94.0,0.0,0.0,94.0,1.0,1.0,0.0,0.0,9999,9999,0
SLOW_MOVER,84036,Lift Support,CLIFT SUPPORT,,77.0,0.0,0.0,77.0,1.0,1.0,0.0,0.0,9999,9999,0
SLOW_MOVER,84038,Lift Support,CLIFT SUPPORT,,96.0,0.0,0.0,96.0,1.0,1.0,0.0,0.0,9999,9999,0
SLOW_MOVER,84042,Lift Support,CLIFT SUPPORT,,66.0,0.0,0.0,66.0,1.0,1.0,0.0,0.0,9999,9999,0
SLOW_MOVER,84043,Lift Support,CLIFT SUPPORT,,63.0,0.0,0.0,63.0,17.0,17.0,0.0,0.0,9999,9999,0
SLOW_MOVER,84044,Lift Support,CLIFT SUPPORT,,78.0,0.0,0.0,78.0,2.0,2.0,0.0,0.0,9999,9999,0
SLOW_MOVER,84045,Lift Support,CLIFT SUPPORT,,98.0,0.0,0.0,98.0,15.0,15.0,0.0,0.0,9999,9999,0
SLOW_MOVER,84047,Lift Support,CLIFT SUPPORT,,82.0,0.0,0.0,82.0,2.0,2.0,0.0,0.0,9999,9999,0
SLOW_MOVER,84054,Lift Support,CLIFT SUPPORT,,39.0,0.0,0.0,39.0,16.0,16.0,0.0,0.0,9999,9999,0
SLOW_MOVER,84059,Lift Support,CLIFT SUPPORT,,46.0,0.0,0.0,46.0,4.0,4.0,0.0,0.0,9999,9999,0
SLOW_MOVER,84061,Lift Support,CLIFT SUPPORT,,81.0,0.0,0.0,81.0,1.0,1.0,0.0,0.0,9999,9999,0
SLOW_MOVER,84062,Lift Support,CLIFT SUPPORT,,86.0,0.0,0.0,86.0,3.0,3.0,0.0,0.0,9999,9999,0
SLOW_MOVER,84082,Lift Support,CLIFT SUPPORT,,43.0,0.0,0.0,43.0,8.0,8.0,0.0,0.0,9999,9999,0
SLOW_MOVER,84095,Lift Support,CLIFT SUPPORT,,43.0,0.0,0.0,43.0,7.0,7.0,0.0,0.0,9999,9999,0
SLOW_MOVER,84107,Lift Support,CLIFT SUPPORT,,28.0,0.0,0.0,28.0,1.0,1.0,0.0,0.0,9999,9999,0
SLOW_MOVER,84112,Lift Support,CLIFT SUPPORT,,61.0,0.0,0.0,61.0,6.0,6.0,0.0,0.0,9999,9999,0
SLOW_MOVER,84113,Lift Support,CLIFT SUPPORT,,67.0,0.0,0.0,67.0,4.0,4.0,0.0,0.0,9999,9999,0
SLOW_MOVER,84114,Lift Support,CLIFT SUPPORT,,28.0,0.0,0.0,28.0,1.0,1.0,0.0,0.0,9999,9999,0
SLOW_MOVER,84123,Lift Support,CLIFT SUPPORT,,22.0,0.0,0.0,22.0,1.0,1.0,0.0,0.0,9999,9999,0
SLOW_MOVER,84127,Lift Support,CLIFT SUPPORT,,69.0,0.0,0.0,69.0,6.0,6.0,0.0,0.0,9999,9999,0
SLOW_MOVER,84133,Lift Support,CLIFT SUPPORT,,91.0,0.0,0.0,91.0,3.0,3.0,0.0,0.0,9999,9999,0
SLOW_MOVER,84138,Lift Support,CLIFT SUPPORT,,6.0,0.0,0.0,6.0,12.0,12.0,0.0,0.0,9999,9999,6
SLOW_MOVER,84144,Lift Support,CLIFT SUPPORT,,68.0,0.0,0.0,68.0,3.0,3.0,0.0,0.0,9999,9999,0
SLOW_MOVER,84169,Lift Support,CLIFT SUPPORT,,27.0,0.0,0.0,27.0,14.0,14.0,0.0,0.0,9999,9999,0
SLOW_MOVER,84176,Lift Support,CLIFT SUPPORT,,22.0,0.0,0.0,22.0,4.0,4.0,0.0,0.0,9999,9999,0
SLOW_MOVER,84201,Lift Support,CLIFT SUPPORT,,22.0,0.0,0.0,22.0,2.0,2.0,0.0,0.0,9999,9999,0
SLOW_MOVER,84203,Lift Support,CLIFT SUPPORT,,50.0,0.0,0.0,50.0,1.0,1.0,0.0,0.0,9999,9999,0
SLOW_MOVER,84212,Lift Support,CLIFT SUPPORT,,82.0,0.0,0.0,82.0,4.0,4.0,0.0,0.0,9999,9999,0
SLOW_MOVER,84214,Lift Support,CLIFT SUPPORT,,54.0,0.0,0.0,54.0,1.0,1.0,0.0,0.0,9999,9999,0
SLOW_MOVER,84215,Lift Support,CLIFT SUPPORT,,46.0,0.0,0.0,46.0,1.0,1.0,0.0,0.0,9999,9999,0
SLOW_MOVER,84216,Lift Support,CLIFT SUPPORT,,103.0,0.0,0.0,103.0,1.0,1.0,0.0,0.0,9999,9999,0
SLOW_MOVER,84220,Lift Support,CLIFT SUPPORT,,111.0,0.0,2.0,109.0,12.0,12.0,0.0,0.0,9999,9999,0
SLOW_MOVER,84255,Lift Support,CLIFT SUPPORT,,62.0,0.0,0.0,62.0,4.0,4.0,0.0,0.0,9999,9999,0
SLOW_MOVER,84271,Lift Support,CLIFT SUPPORT,,31.0,0.0,0.0,31.0,1.0,1.0,0.0,0.0,9999,9999,0
SLOW_MOVER,84273,Lift Support,CLIFT SUPPORT,,48.0,0.0,0.0,48.0,1.0,1.0,0.0,0.0,9999,9999,0
SLOW_MOVER,84281,Lift Support,CLIFT SUPPORT,,50.0,0.0,0.0,50.0,0.0,0.0,0.0,0.0,9999,9999,0
SLOW_MOVER,84282,Lift Support,CLIFT SUPPORT,,29.0,0.0,0.0,29.0,3.0,3.0,0.0,0.0,9999,9999,0
SLOW_MOVER,84289,Lift Support,CLIFT SUPPORT,,42.0,0.0,0.0,42.0,1.0,1.0,0.0,0.0,9999,9999,0
SLOW_MOVER,84292,Lift Support,CLIFT SUPPORT,,63.0,0.0,0.0,63.0,6.0,6.0,0.0,0.0,9999,9999,0
SLOW_MOVER,84293,Lift Support,CLIFT SUPPORT,,49.0,0.0,0.0,49.0,9.0,9.0,0.0,0.0,9999,9999,0
SLOW_MOVER,84308,Lift Support,CLIFT SUPPORT,,94.0,0.0,0.0,94.0,1.0,1.0,0.0,0.0,9999,9999,0
SLOW_MOVER,84331,Lift Support,CLIFT SUPPORT,,31.0,0.0,0.0,31.0,3.0,3.0,0.0,0.0,9999,9999,0
SLOW_MOVER,84332,Lift Support,CLIFT SUPPORT,,93.0,0.0,0.0,93.0,1.0,1.0,0.0,0.0,9999,9999,0
SLOW_MOVER,84337,Lift Support,CLIFT SUPPORT,,65.0,0.0,0.0,65.0,1.0,1.0,0.0,0.0,9999,9999,0
SLOW_MOVER,84338,Lift Support,CLIFT SUPPORT,,55.0,0.0,0.0,55.0,5.0,5.0,0.0,0.0,9999,9999,0
SLOW_MOVER,84340,Lift Support,CLIFT SUPPORT,,81.0,0.0,0.0,81.0,2.0,2.0,0.0,0.0,9999,9999,0
SLOW_MOVER,84350,Lift Support,CLIFT SUPPORT,,84.0,0.0,0.0,84.0,1.0,1.0,0.0,0.0,9999,9999,0
SLOW_MOVER,84356,Lift Support,CLIFT SUPPORT,,67.0,0.0,0.0,67.0,2.0,2.0,0.0,0.0,9999,9999,0
SLOW_MOVER,84367,Lift Support,CLIFT SUPPORT,,98.0,0.0,0.0,98.0,1.0,1.0,0.0,0.0,9999,9999,0
SLOW_MOVER,84374,Lift Support,CLIFT SUPPORT,,83.0,0.0,0.0,83.0,1.0,1.0,0.0,0.0,9999,9999,0
SLOW_MOVER,84380,Lift Support,CLIFT SUPPORT,,55.0,0.0,0.0,55.0,4.0,4.0,0.0,0.0,9999,9999,0
SLOW_MOVER,84384,Lift Support,CLIFT SUPPORT,,92.0,0.0,0.0,92.0,11.0,11.0,0.0,0.0,9999,9999,0
SLOW_MOVER,84387,Lift Support,CLIFT SUPPORT,,52.0,0.0,0.0,52.0,5.0,5.0,0.0,0.0,9999,9999,0
SLOW_MOVER,84402,Lift Support,CLIFT SUPPORT,,83.0,0.0,0.0,83.0,6.0,6.0,0.0,0.0,9999,9999,0
SLOW_MOVER,84408,Lift Support,CLIFT SUPPORT,,53.0,0.0,0.0,53.0,6.0,6.0,0.0,0.0,9999,9999,0
SLOW_MOVER,84409,Lift Support,CLIFT SUPPORT,,58.0,0.0,0.0,58.0,8.0,8.0,0.0,0.0,9999,9999,0
SLOW_MOVER,84419,Lift Support,CLIFT SUPPORT,,114.0,0.0,0.0,114.0,7.0,7.0,0.0,0.0,9999,9999,0
SLOW_MOVER,84421,Lift Support,CLIFT SUPPORT,,73.0,0.0,0.0,73.0,5.0,5.0,0.0,0.0,9999,9999,0
SLOW_MOVER,84426,Lift Support,CLIFT SUPPORT,,79.0,0.0,0.0,79.0,24.0,24.0,0.0,0.0,9999,9999,0
SLOW_MOVER,84430,Lift Support,CLIFT SUPPORT,,73.0,0.0,0.0,73.0,1.0,1.0,0.0,0.0,9999,9999,0
SLOW_MOVER,84437,Lift Support,CLIFT SUPPORT,,71.0,0.0,2.0,69.0,6.0,6.0,0.0,0.0,9999,9999,0
SLOW_MOVER,84440,Lift Support,CLIFT SUPPORT,,42.0,0.0,0.0,42.0,15.0,15.0,0.0,0.0,9999,9999,0
SLOW_MOVER,84445,Lift Support,CLIFT SUPPORT,,97.0,0.0,0.0,97.0,1.0,1.0,0.0,0.0,9999,9999,0
SLOW_MOVER,84450,Lift Support,CLIFT SUPPORT,,98.0,0.0,0.0,98.0,1.0,1.0,0.0,0.0,9999,9999,0
SLOW_MOVER,84452,Lift Support,CLIFT SUPPORT,,77.0,0.0,0.0,77.0,1.0,1.0,0.0,0.0,9999,9999,0
SLOW_MOVER,84453,Lift Support,CLIFT SUPPORT,,76.0,0.0,0.0,76.0,4.0,4.0,0.0,0.0,9999,9999,0
SLOW_MOVER,84455,Lift Support,CLIFT SUPPORT,,79.0,0.0,0.0,79.0,3.0,3.0,0.0,0.0,9999,9999,0
SLOW_MOVER,84458,Lift Support,CLIFT SUPPORT,,85.0,0.0,0.0,85.0,3.0,3.0,0.0,0.0,9999,9999,0
SLOW_MOVER,84460,Lift Support,CLIFT SUPPORT,,65.0,0.0,0.0,65.0,1.0,1.0,0.0,0.0,9999,9999,0
SLOW_MOVER,84468,Lift Support,CLIFT SUPPORT,,120.0,0.0,0.0,120.0,25.0,25.0,0.0,0.0,9999,9999,0
SLOW_MOVER,84471,Lift Support,CLIFT SUPPORT,,45.0,0.0,0.0,45.0,6.0,6.0,0.0,0.0,9999,9999,0
SLOW_MOVER,84472,Lift Support,CLIFT SUPPORT,,27.0,0.0,0.0,27.0,18.0,18.0,0.0,0.0,9999,9999,0
SLOW_MOVER,84475,Lift Support,CLIFT SUPPORT,,51.0,0.0,0.0,51.0,6.0,6.0,0.0,0.0,9999,9999,0
SLOW_MOVER,84479,Lift Support,CLIFT SUPPORT,,66.0,0.0,0.0,66.0,7.0,7.0,0.0,0.0,9999,9999,0
SLOW_MOVER,84484,Lift Support,CLIFT SUPPORT,,100.0,0.0,0.0,100.0,1.0,1.0,0.0,0.0,9999,9999,0
SLOW_MOVER,84488,Lift Support,CLIFT SUPPORT,,29.0,0.0,0.0,29.0,7.0,7.0,0.0,0.0,9999,9999,0
SLOW_MOVER,84490,Lift Support,CLIFT SUPPORT,,29.0,0.0,0.0,29.0,5.0,5.0,0.0,0.0,9999,9999,0
SLOW_MOVER,84499,Lift Support,CLIFT SUPPORT,,40.0,0.0,0.0,40.0,4.0,4.0,0.0,0.0,9999,9999,0
SLOW_MOVER,84500,Lift Support,CLIFT SUPPORT,,85.0,0.0,0.0,85.0,17.0,17.0,0.0,0.0,9999,9999,0
SLOW_MOVER,84506,Lift Support,CLIFT SUPPORT,,32.0,0.0,0.0,32.0,1.0,1.0,0.0,0.0,9999,9999,0
SLOW_MOVER,84507,Lift Support,CLIFT SUPPORT,,29.0,0.0,2.0,27.0,3.0,3.0,0.0,0.0,9999,9999,0
SLOW_MOVER,84511,Lift Support,CLIFT SUPPORT,,56.0,0.0,0.0,56.0,7.0,7.0,0.0,0.0,9999,9999,0
SLOW_MOVER,84512,Lift Support,CLIFT SUPPORT,,78.0,0.0,0.0,78.0,1.0,1.0,0.0,0.0,9999,9999,0
SLOW_MOVER,84513,Lift Support,CLIFT SUPPORT,,74.0,0.0,0.0,74.0,4.0,4.0,0.0,0.0,9999,9999,0
SLOW_MOVER,84514,Lift Support,CLIFT SUPPORT,,24.0,0.0,0.0,24.0,18.0,18.0,0.0,0.0,9999,9999,0
SLOW_MOVER,84517,Lift Support,CLIFT SUPPORT,,48.0,0.0,0.0,48.0,8.0,8.0,0.0,0.0,9999,9999,0
SLOW_MOVER,84521,Lift Support,CLIFT SUPPORT,,71.0,0.0,0.0,71.0,2.0,2.0,0.0,0.0,9999,9999,0
SLOW_MOVER,84556,Lift Support,CLIFT SUPPORT,,67.0,0.0,0.0,67.0,2.0,2.0,0.0,0.0,9999,9999,0
SLOW_MOVER,84559,Lift Support,CLIFT SUPPORT,,69.0,0.0,0.0,69.0,6.0,6.0,0.0,0.0,9999,9999,0
SLOW_MOVER,84563,Lift Support,CLIFT SUPPORT,,88.0,0.0,0.0,88.0,1.0,1.0,0.0,0.0,9999,9999,0
SLOW_MOVER,84568,Lift Support,CLIFT SUPPORT,,52.0,0.0,0.0,52.0,1.0,1.0,0.0,0.0,9999,9999,0
SLOW_MOVER,84570,Lift Support,CLIFT SUPPORT,,50.0,0.0,0.0,50.0,1.0,1.0,0.0,0.0,9999,9999,0
SLOW_MOVER,84571,Lift Support,CLIFT SUPPORT,,33.0,0.0,0.0,33.0,2.0,2.0,0.0,0.0,9999,9999,0
SLOW_MOVER,84588,Lift Support,CLIFT SUPPORT,,73.0,0.0,2.0,71.0,11.0,11.0,0.0,0.0,9999,9999,0
SLOW_MOVER,84601,Lift Support,CLIFT SUPPORT,,49.0,0.0,0.0,49.0,8.0,8.0,0.0,0.0,9999,9999,0
SLOW_MOVER,84602,Lift Support,CLIFT SUPPORT,,54.0,0.0,0.0,54.0,17.0,17.0,0.0,0.0,9999,9999,0
SLOW_MOVER,84604,Lift Support,CLIFT SUPPORT,,326.0,0.0,0.0,326.0,5.0,5.0,0.0,0.0,9999,9999,0
SLOW_MOVER,84610,Lift Support,CLIFT SUPPORT,,20.0,0.0,0.0,20.0,1.0,1.0,0.0,0.0,9999,9999,0
SLOW_MOVER,84612,Lift Support,CLIFT SUPPORT,,54.0,0.0,0.0,54.0,2.0,2.0,0.0,0.0,9999,9999,0
SLOW_MOVER,84613,Lift Support,CLIFT SUPPORT,,92.0,0.0,0.0,92.0,1.0,1.0,0.0,0.0,9999,9999,0
SLOW_MOVER,84614,Lift Support,CLIFT SUPPORT,,40.0,0.0,0.0,40.0,8.0,8.0,0.0,0.0,9999,9999,0
SLOW_MOVER,84616,Lift Support,CLIFT SUPPORT,,91.0,0.0,0.0,91.0,15.0,15.0,0.0,0.0,9999,9999,0
SLOW_MOVER,84617,Lift Support,CLIFT SUPPORT,,37.0,0.0,0.0,37.0,11.0,11.0,0.0,0.0,9999,9999,0
SLOW_MOVER,84621,Lift Support,CLIFT SUPPORT,,39.0,0.0,0.0,39.0,2.0,2.0,0.0,0.0,9999,9999,0
SLOW_MOVER,84622,Lift Support,CLIFT SUPPORT,,94.0,0.0,0.0,94.0,1.0,1.0,0.0,0.0,9999,9999,0
SLOW_MOVER,84623,Lift Support,CLIFT SUPPORT,,89.0,0.0,0.0,89.0,1.0,1.0,0.0,0.0,9999,9999,0
SLOW_MOVER,84628,Lift Support,CLIFT SUPPORT,,75.0,0.0,0.0,75.0,4.0,4.0,0.0,0.0,9999,9999,0
SLOW_MOVER,84633,Lift Support,CLIFT SUPPORT,,92.0,0.0,0.0,92.0,1.0,1.0,0.0,0.0,9999,9999,0
SLOW_MOVER,84638,Lift Support,CLIFT SUPPORT,,99.0,0.0,0.0,99.0,1.0,1.0,0.0,0.0,9999,9999,0
SLOW_MOVER,84640,Lift Support,CLIFT SUPPORT,,63.0,0.0,0.0,63.0,2.0,2.0,0.0,0.0,9999,9999,0
SLOW_MOVER,84645,Lift Support,CLIFT SUPPORT,,76.0,0.0,0.0,76.0,3.0,3.0,0.0,0.0,9999,9999,0
SLOW_MOVER,84646,Lift Support,CLIFT SUPPORT,,152.0,0.0,0.0,152.0,5.0,5.0,0.0,0.0,9999,9999,0
SLOW_MOVER,84647,Lift Support,CLIFT SUPPORT,,72.0,0.0,0.0,72.0,4.0,4.0,0.0,0.0,9999,9999,0
SLOW_MOVER,84650,Lift Support,CLIFT SUPPORT,,84.0,0.0,0.0,84.0,21.0,21.0,0.0,0.0,9999,9999,0
SLOW_MOVER,84652,Lift Support,CLIFT SUPPORT,,36.0,0.0,0.0,36.0,12.0,12.0,0.0,0.0,9999,9999,0
SLOW_MOVER,84654,Lift Support,CLIFT SUPPORT,,615.0,0.0,4.0,611.0,27.0,27.0,0.0,0.0,9999,9999,0
SLOW_MOVER,84668,Lift Support,CLIFT SUPPORT,,75.0,0.0,0.0,75.0,14.0,14.0,0.0,0.0,9999,9999,0
SLOW_MOVER,84670,Lift Support,CLIFT SUPPORT,,69.0,0.0,0.0,69.0,18.0,18.0,0.0,0.0,9999,9999,0
SLOW_MOVER,84671,Lift Support,CLIFT SUPPORT,,88.0,0.0,0.0,88.0,3.0,3.0,0.0,0.0,9999,9999,0
SLOW_MOVER,84672,Lift Support,CLIFT SUPPORT,,64.0,0.0,0.0,64.0,1.0,1.0,0.0,0.0,9999,9999,0
SLOW_MOVER,84673,Lift Support,CLIFT SUPPORT,,61.0,0.0,1.0,60.0,4.0,4.0,0.0,0.0,9999,9999,0
SLOW_MOVER,84674,Lift Support,CLIFT SUPPORT,,81.0,0.0,0.0,81.0,1.0,1.0,0.0,0.0,9999,9999,0
SLOW_MOVER,84677,Lift Support,CLIFT SUPPORT,,95.0,0.0,0.0,95.0,1.0,1.0,0.0,0.0,9999,9999,0
SLOW_MOVER,84681,Lift Support,CLIFT SUPPORT,,30.0,0.0,0.0,30.0,1.0,1.0,0.0,0.0,9999,9999,0
SLOW_MOVER,84689,Lift Support,CLIFT SUPPORT,,104.0,0.0,0.0,104.0,1.0,1.0,0.0,0.0,9999,9999,0
SLOW_MOVER,84692,Lift Support,CLIFT SUPPORT,,73.0,0.0,0.0,73.0,2.0,2.0,0.0,0.0,9999,9999,0
SLOW_MOVER,84698,Lift Support,CLIFT SUPPORT,,104.0,0.0,0.0,104.0,1.0,1.0,0.0,0.0,9999,9999,0
SLOW_MOVER,84708,Lift Support,CLIFT SUPPORT,,75.0,0.0,0.0,75.0,10.0,10.0,0.0,0.0,9999,9999,0
SLOW_MOVER,84713,Lift Support,CLIFT SUPPORT,,73.0,0.0,0.0,73.0,10.0,10.0,0.0,0.0,9999,9999,0
SLOW_MOVER,84714,Lift Support,CLIFT SUPPORT,,62.0,0.0,0.0,62.0,2.0,2.0,0.0,0.0,9999,9999,0
SLOW_MOVER,84717,Lift Support,CLIFT SUPPORT,,77.0,0.0,0.0,77.0,1.0,1.0,0.0,0.0,9999,9999,0
SLOW_MOVER,84719,Lift Support,CLIFT SUPPORT,,87.0,0.0,0.0,87.0,1.0,1.0,0.0,0.0,9999,9999,0
SLOW_MOVER,84720,Lift Support,CLIFT SUPPORT,,102.0,0.0,0.0,102.0,1.0,1.0,0.0,0.0,9999,9999,0
SLOW_MOVER,84721,Lift Support,CLIFT SUPPORT,,99.0,0.0,0.0,99.0,1.0,1.0,0.0,0.0,9999,9999,0
SLOW_MOVER,84725,Lift Support,CLIFT SUPPORT,,99.0,0.0,0.0,99.0,1.0,1.0,0.0,0.0,9999,9999,0
SLOW_MOVER,84726,Lift Support,CLIFT SUPPORT,,23.0,0.0,0.0,23.0,2.0,2.0,0.0,0.0,9999,9999,0
SLOW_MOVER,84728,Lift Support,CLIFT SUPPORT,,97.0,0.0,0.0,97.0,1.0,1.0,0.0,0.0,9999,9999,0
SLOW_MOVER,84729,Lift Support,CLIFT SUPPORT,,14.0,0.0,0.0,14.0,6.0,6.0,0.0,0.0,9999,9999,0
SLOW_MOVER,84730,Lift Support,CLIFT SUPPORT,,43.0,0.0,0.0,43.0,1.0,1.0,0.0,0.0,9999,9999,0
SLOW_MOVER,84732,Lift Support,CLIFT SUPPORT,,48.0,0.0,0.0,48.0,2.0,2.0,0.0,0.0,9999,9999,0
SLOW_MOVER,84733,Lift Support,CLIFT SUPPORT,,95.0,0.0,0.0,95.0,1.0,1.0,0.0,0.0,9999,9999,0
SLOW_MOVER,84735,Lift Support,CLIFT SUPPORT,,95.0,0.0,0.0,95.0,1.0,1.0,0.0,0.0,9999,9999,0
SLOW_MOVER,84737,Lift Support,CLIFT SUPPORT,,97.0,0.0,0.0,97.0,1.0,1.0,0.0,0.0,9999,9999,0
SLOW_MOVER,84738,Lift Support,CLIFT SUPPORT,,60.0,0.0,0.0,60.0,6.0,6.0,0.0,0.0,9999,9999,0
SLOW_MOVER,84740,Lift Support,CLIFT SUPPORT,,129.0,0.0,0.0,129.0,12.0,12.0,0.0,0.0,9999,9999,0
SLOW_MOVER,84741,Lift Support,CLIFT SUPPORT,,101.0,0.0,0.0,101.0,1.0,1.0,0.0,0.0,9999,9999,0
SLOW_MOVER,84742,Lift Support,CLIFT SUPPORT,,138.0,0.0,0.0,138.0,9.0,9.0,0.0,0.0,9999,9999,0
SLOW_MOVER,84743,Lift Support,CLIFT SUPPORT,,100.0,0.0,0.0,100.0,1.0,1.0,0.0,0.0,9999,9999,0
SLOW_MOVER,84746,Lift Support,CLIFT SUPPORT,,105.0,0.0,0.0,105.0,1.0,1.0,0.0,0.0,9999,9999,0
SLOW_MOVER,84747,Lift Support,CLIFT SUPPORT,,105.0,0.0,0.0,105.0,1.0,1.0,0.0,0.0,9999,9999,0
SLOW_MOVER,84750,Lift Support,CLIFT SUPPORT,,90.0,0.0,0.0,90.0,1.0,1.0,0.0,0.0,9999,9999,0
SLOW_MOVER,84751,Lift Support,CLIFT SUPPORT,,100.0,0.0,0.0,100.0,1.0,1.0,0.0,0.0,9999,9999,0
SLOW_MOVER,84752,Lift Support,CLIFT SUPPORT,,96.0,0.0,0.0,96.0,1.0,1.0,0.0,0.0,9999,9999,0
SLOW_MOVER,84753,Lift Support,CLIFT SUPPORT,,48.0,0.0,0.0,48.0,1.0,1.0,0.0,0.0,9999,9999,0
SLOW_MOVER,84759,Lift Support,CLIFT SUPPORT,,77.0,0.0,0.0,77.0,2.0,2.0,0.0,0.0,9999,9999,0
SLOW_MOVER,84760,Lift Support,CLIFT SUPPORT,,65.0,0.0,0.0,65.0,6.0,6.0,0.0,0.0,9999,9999,0
SLOW_MOVER,84764,Lift Support,CLIFT SUPPORT,,42.0,0.0,0.0,42.0,1.0,1.0,0.0,0.0,9999,9999,0
SLOW_MOVER,84772,Lift Support,CLIFT SUPPORT,,56.0,0.0,0.0,56.0,7.0,7.0,0.0,0.0,9999,9999,0
SLOW_MOVER,84775,Lift Support,CLIFT SUPPORT,,71.0,0.0,2.0,69.0,18.0,18.0,0.0,0.0,9999,9999,0
SLOW_MOVER,84778,Lift Support,CLIFT SUPPORT,,38.0,0.0,0.0,38.0,2.0,2.0,0.0,0.0,9999,9999,0
SLOW_MOVER,84779,Lift Support,CLIFT SUPPORT,,40.0,0.0,2.0,38.0,8.0,8.0,0.0,0.0,9999,9999,0
SLOW_MOVER,84784,Lift Support,CLIFT SUPPORT,,29.0,0.0,0.0,29.0,1.0,1.0,0.0,0.0,9999,9999,0
SLOW_MOVER,84786,Lift Support,CLIFT SUPPORT,,45.0,0.0,0.0,45.0,1.0,1.0,0.0,0.0,9999,9999,0
SLOW_MOVER,84787,Lift Support,CLIFT SUPPORT,,37.0,0.0,0.0,37.0,1.0,1.0,0.0,0.0,9999,9999,0
SLOW_MOVER,84819,Lift Support,CLIFT SUPPORT,,87.0,0.0,0.0,87.0,2.0,2.0,0.0,0.0,9999,9999,0
SLOW_MOVER,84820,Lift Support,CLIFT SUPPORT,,88.0,0.0,0.0,88.0,2.0,2.0,0.0,0.0,9999,9999,0
SLOW_MOVER,84822,Lift Support,CLIFT SUPPORT,,31.0,0.0,0.0,31.0,0.0,0.0,0.0,0.0,9999,9999,0
SLOW_MOVER,84823,Lift Support,CLIFT SUPPORT,,26.0,0.0,0.0,26.0,2.0,2.0,0.0,0.0,9999,9999,0
SLOW_MOVER,84831,Lift Support,CLIFT SUPPORT,,60.0,0.0,0.0,60.0,4.0,4.0,0.0,0.0,9999,9999,0
SLOW_MOVER,84834,Lift Support,CLIFT SUPPORT,,41.0,0.0,0.0,41.0,1.0,1.0,0.0,0.0,9999,9999,0
SLOW_MOVER,84837,Lift Support,CLIFT SUPPORT,,23.0,0.0,0.0,23.0,4.0,4.0,0.0,0.0,9999,9999,0
SLOW_MOVER,84838,Lift Support,CLIFT SUPPORT,,78.0,0.0,0.0,78.0,1.0,1.0,0.0,0.0,9999,9999,0
SLOW_MOVER,84849,Lift Support,CLIFT SUPPORT,,61.0,0.0,0.0,61.0,4.0,4.0,0.0,0.0,9999,9999,0
SLOW_MOVER,84850,Lift Support,CLIFT SUPPORT,,42.0,0.0,0.0,42.0,1.0,1.0,0.0,0.0,9999,9999,0
SLOW_MOVER,84851,Lift Support,CLIFT SUPPORT,,48.0,0.0,0.0,48.0,2.0,2.0,0.0,0.0,9999,9999,0
SLOW_MOVER,84852,Lift Support,CLIFT SUPPORT,,47.0,0.0,0.0,47.0,1.0,1.0,0.0,0.0,9999,9999,0
SLOW_MOVER,84853,Lift Support,CLIFT SUPPORT,,28.0,0.0,0.0,28.0,6.0,6.0,0.0,0.0,9999,9999,0
SLOW_MOVER,84875,Lift Support,CLIFT SUPPORT,,64.0,0.0,0.0,64.0,4.0,4.0,0.0,0.0,9999,9999,0
SLOW_MOVER,84876,Lift Support,CLIFT SUPPORT,,99.0,0.0,0.0,99.0,1.0,1.0,0.0,0.0,9999,9999,0
SLOW_MOVER,84877,Lift Support,CLIFT SUPPORT,,104.0,0.0,0.0,104.0,1.0,1.0,0.0,0.0,9999,9999,0
SLOW_MOVER,84880,Lift Support,CLIFT SUPPORT,,96.0,0.0,0.0,96.0,1.0,1.0,0.0,0.0,9999,9999,0
SLOW_MOVER,84881,Lift Support,CLIFT SUPPORT,,91.0,0.0,0.0,91.0,8.0,8.0,0.0,0.0,9999,9999,0
SLOW_MOVER,84899,Lift Support,CLIFT SUPPORT,,33.0,0.0,0.0,33.0,2.0,2.0,0.0,0.0,9999,9999,0
SLOW_MOVER,84901,Lift Support,CLIFT SUPPORT,,47.0,0.0,0.0,47.0,1.0,1.0,0.0,0.0,9999,9999,0
SLOW_MOVER,84902,Lift Support,CLIFT SUPPORT,,32.0,0.0,0.0,32.0,2.0,2.0,0.0,0.0,9999,9999,0
SLOW_MOVER,84905,Lift Support,CLIFT SUPPORT,,91.0,0.0,0.0,91.0,2.0,2.0,0.0,0.0,9999,9999,0
SLOW_MOVER,84906,Lift Support,CLIFT SUPPORT,,93.0,0.0,0.0,93.0,1.0,1.0,0.0,0.0,9999,9999,0
SLOW_MOVER,84908,Lift Support,CLIFT SUPPORT,,20.0,0.0,0.0,20.0,4.0,4.0,0.0,0.0,9999,9999,0
SLOW_MOVER,84911,Lift Support,CLIFT SUPPORT,,62.0,0.0,0.0,62.0,10.0,10.0,0.0,0.0,9999,9999,0
SLOW_MOVER,84912,Lift Support,CLIFT SUPPORT,,55.0,0.0,0.0,55.0,10.0,10.0,0.0,0.0,9999,9999,0
SLOW_MOVER,84933,Lift Support,CLIFT SUPPORT,,93.0,0.0,0.0,93.0,1.0,1.0,0.0,0.0,9999,9999,0
SLOW_MOVER,84934,Lift Support,CLIFT SUPPORT,,93.0,0.0,0.0,93.0,1.0,1.0,0.0,0.0,9999,9999,0
SLOW_MOVER,84938,Lift Support,CLIFT SUPPORT,,99.0,0.0,0.0,99.0,1.0,1.0,0.0,0.0,9999,9999,0
SLOW_MOVER,84939,Lift Support,CLIFT SUPPORT,,99.0,0.0,0.0,99.0,1.0,1.0,0.0,0.0,9999,9999,0
SLOW_MOVER,84941,Lift Support,CLIFT SUPPORT,,36.0,0.0,0.0,36.0,4.0,4.0,0.0,0.0,9999,9999,0
SLOW_MOVER,84942,Lift Support,CLIFT SUPPORT,,79.0,0.0,0.0,79.0,5.0,5.0,0.0,0.0,9999,9999,0
SLOW_MOVER,84958,Lift Support,CLIFT SUPPORT,,69.0,0.0,0.0,69.0,7.0,7.0,0.0,0.0,9999,9999,0
SLOW_MOVER,84962,Lift Support,CLIFT SUPPORT,,54.0,0.0,0.0,54.0,1.0,1.0,0.0,0.0,9999,9999,0
SLOW_MOVER,84980,Lift Support,CLIFT SUPPORT,,95.0,0.0,0.0,95.0,1.0,1.0,0.0,0.0,9999,9999,0
SLOW_MOVER,84981,Lift Support,CLIFT SUPPORT,,50.0,0.0,0.0,50.0,1.0,1.0,0.0,0.0,9999,9999,0
SLOW_MOVER,84984,Lift Support,CLIFT SUPPORT,,85.0,0.0,0.0,85.0,15.0,15.0,0.0,0.0,9999,9999,0
SLOW_MOVER,84985,Lift Support,CLIFT SUPPORT,,47.0,0.0,0.0,47.0,1.0,1.0,0.0,0.0,9999,9999,0
SLOW_MOVER,86101,Lift Support,CLIFT SUPPORT,,23.0,0.0,0.0,23.0,4.0,4.0,0.0,0.0,9999,9999,0
SLOW_MOVER,86121,Lift Support,CLIFT SUPPORT,,72.0,0.0,2.0,70.0,18.0,18.0,0.0,0.0,9999,9999,0
SLOW_MOVER,86132,Lift Support,CLIFT SUPPORT,,97.0,0.0,0.0,97.0,1.0,1.0,0.0,0.0,9999,9999,0
SLOW_MOVER,86170,Lift Support,CLIFT SUPPORT,,58.0,0.0,0.0,58.0,9.0,9.0,0.0,0.0,9999,9999,0
SLOW_MOVER,86174,Lift Support,CLIFT SUPPORT,,64.0,0.0,2.0,62.0,3.0,3.0,0.0,0.0,9999,9999,0
SLOW_MOVER,86180,Lift Support,CLIFT SUPPORT,,49.0,0.0,2.0,47.0,21.0,21.0,0.0,0.0,9999,9999,0
SLOW_MOVER,86185,Lift Support,CLIFT SUPPORT,,40.0,0.0,0.0,40.0,6.0,6.0,0.0,0.0,9999,9999,0
SLOW_MOVER,86202,Lift Support,CLIFT SUPPORT,,44.0,0.0,0.0,44.0,1.0,1.0,0.0,0.0,9999,9999,0
SLOW_MOVER,86216,Lift Support,CLIFT SUPPORT,,69.0,0.0,0.0,69.0,14.0,14.0,0.0,0.0,9999,9999,0
SLOW_MOVER,86217,Lift Support,CLIFT SUPPORT,,91.0,0.0,0.0,91.0,1.0,1.0,0.0,0.0,9999,9999,0
SLOW_MOVER,86225,Lift Support,CLIFT SUPPORT,,77.0,0.0,0.0,77.0,1.0,1.0,0.0,0.0,9999,9999,0
SLOW_MOVER,86234,Lift Support,CLIFT SUPPORT,,105.0,0.0,0.0,105.0,1.0,1.0,0.0,0.0,9999,9999,0
SLOW_MOVER,86256,Lift Support,CLIFT SUPPORT,,63.0,0.0,0.0,63.0,1.0,1.0,0.0,0.0,9999,9999,0
SLOW_MOVER,86265,Lift Support,CLIFT SUPPORT,,100.0,0.0,0.0,100.0,1.0,1.0,0.0,0.0,9999,9999,0
SLOW_MOVER,86266,Lift Support,CLIFT SUPPORT,,88.0,0.0,0.0,88.0,1.0,1.0,0.0,0.0,9999,9999,0
SLOW_MOVER,86270,Lift Support,CLIFT SUPPORT,,68.0,0.0,0.0,68.0,4.0,4.0,0.0,0.0,9999,9999,0
SLOW_MOVER,86274,Lift Support,CLIFT SUPPORT,,66.0,0.0,0.0,66.0,5.0,5.0,0.0,0.0,9999,9999,0
SLOW_MOVER,86276,Lift Support,CLIFT SUPPORT,,92.0,0.0,0.0,92.0,0.0,0.0,0.0,0.0,9999,9999,0
SLOW_MOVER,86279,Lift Support,CLIFT SUPPORT,,48.0,0.0,0.0,48.0,5.0,5.0,0.0,0.0,9999,9999,0
SLOW_MOVER,86280,Lift Support,CLIFT SUPPORT,,60.0,0.0,0.0,60.0,6.0,6.0,0.0,0.0,9999,9999,0
SLOW_MOVER,86284,Lift Support,CLIFT SUPPORT,,98.0,0.0,0.0,98.0,1.0,1.0,0.0,0.0,9999,9999,0
SLOW_MOVER,86285,Lift Support,CLIFT SUPPORT,,102.0,0.0,0.0,102.0,1.0,1.0,0.0,0.0,9999,9999,0
SLOW_MOVER,86287,Lift Support,CLIFT SUPPORT,,19.0,0.0,0.0,19.0,1.0,1.0,0.0,0.0,9999,9999,0
SLOW_MOVER,86291,Lift Support,CLIFT SUPPORT,,75.0,0.0,0.0,75.0,10.0,10.0,0.0,0.0,9999,9999,0
SLOW_MOVER,86293,Lift Support,CLIFT SUPPORT,,19.0,0.0,0.0,19.0,1.0,1.0,0.0,0.0,9999,9999,0
SLOW_MOVER,86311,Lift Support,CLIFT SUPPORT,,32.0,0.0,0.0,32.0,9.0,9.0,0.0,0.0,9999,9999,0
SLOW_MOVER,86313,Lift Support,CLIFT SUPPORT,,51.0,0.0,0.0,51.0,14.0,14.0,0.0,0.0,9999,9999,0
SLOW_MOVER,86315,Lift Support,CLIFT SUPPORT,,319.0,0.0,0.0,319.0,1.0,1.0,0.0,0.0,9999,9999,0
SLOW_MOVER,86317,Lift Support,CLIFT SUPPORT,,51.0,0.0,0.0,51.0,18.0,18.0,0.0,0.0,9999,9999,0
SLOW_MOVER,86329,Lift Support,CLIFT SUPPORT,,49.0,0.0,0.0,49.0,10.0,10.0,0.0,0.0,9999,9999,0
SLOW_MOVER,86340,Lift Support,CLIFT SUPPORT,,42.0,0.0,0.0,42.0,2.0,2.0,0.0,0.0,9999,9999,0
SLOW_MOVER,86346,Lift Support,CLIFT SUPPORT,,51.0,0.0,0.0,51.0,7.0,7.0,0.0,0.0,9999,9999,0
SLOW_MOVER,86350,Lift Support,CLIFT SUPPORT,,35.0,0.0,4.0,31.0,32.0,32.0,0.0,0.0,9999,9999,1
SLOW_MOVER,86353,Lift Support,CLIFT SUPPORT,,44.0,0.0,0.0,44.0,7.0,7.0,0.0,0.0,9999,9999,0
SLOW_MOVER,86363,Lift Support,CLIFT SUPPORT,,76.0,0.0,0.0,76.0,6.0,6.0,0.0,0.0,9999,9999,0
SLOW_MOVER,86368,Lift Support,CLIFT SUPPORT,,25.0,0.0,0.0,25.0,2.0,2.0,0.0,0.0,9999,9999,0
SLOW_MOVER,86369,Lift Support,CLIFT SUPPORT,,100.0,0.0,0.0,100.0,1.0,1.0,0.0,0.0,9999,9999,0
SLOW_MOVER,86370,Lift Support,CLIFT SUPPORT,,99.0,0.0,0.0,99.0,1.0,1.0,0.0,0.0,9999,9999,0
SLOW_MOVER,86371,Lift Support,CLIFT SUPPORT,,48.0,0.0,0.0,48.0,1.0,1.0,0.0,0.0,9999,9999,0
SLOW_MOVER,86383,Lift Support,CLIFT SUPPORT,,19.0,0.0,0.0,19.0,1.0,1.0,0.0,0.0,9999,9999,0
SLOW_MOVER,86403,Lift Support,CLIFT SUPPORT,,80.0,0.0,0.0,80.0,11.0,11.0,0.0,0.0,9999,9999,0
SLOW_MOVER,86407,Lift Support,CLIFT SUPPORT,,50.0,0.0,0.0,50.0,2.0,2.0,0.0,0.0,9999,9999,0
SLOW_MOVER,86413,Lift Support,CLIFT SUPPORT,,51.0,0.0,0.0,51.0,4.0,4.0,0.0,0.0,9999,9999,0
SLOW_MOVER,86414,Lift Support,CLIFT SUPPORT,,126.0,0.0,0.0,126.0,1.0,1.0,0.0,0.0,9999,9999,0
SLOW_MOVER,86418,Lift Support,CLIFT SUPPORT,,78.0,0.0,0.0,78.0,4.0,4.0,0.0,0.0,9999,9999,0
SLOW_MOVER,86419,Lift Support,CLIFT SUPPORT,,25.0,0.0,0.0,25.0,11.0,11.0,0.0,0.0,9999,9999,0
SLOW_MOVER,86426,Lift Support,CLIFT SUPPORT,,95.0,0.0,0.0,95.0,1.0,1.0,0.0,0.0,9999,9999,0
SLOW_MOVER,86427,Lift Support,CLIFT SUPPORT,,39.0,0.0,0.0,39.0,12.0,12.0,0.0,0.0,9999,9999,0
SLOW_MOVER,86431,Lift Support,CLIFT SUPPORT,,70.0,0.0,0.0,70.0,8.0,8.0,0.0,0.0,9999,9999,0
SLOW_MOVER,86432,Lift Support,CLIFT SUPPORT,,74.0,0.0,0.0,74.0,4.0,4.0,0.0,0.0,9999,9999,0
SLOW_MOVER,86435,Lift Support,CLIFT SUPPORT,,77.0,0.0,0.0,77.0,3.0,3.0,0.0,0.0,9999,9999,0
SLOW_MOVER,86437,Lift Support,CLIFT SUPPORT,,89.0,0.0,0.0,89.0,29.0,29.0,0.0,0.0,9999,9999,0
SLOW_MOVER,86438,Lift Support,CLIFT SUPPORT,,46.0,0.0,0.0,46.0,1.0,1.0,0.0,0.0,9999,9999,0
SLOW_MOVER,86442,Lift Support,CLIFT SUPPORT,,49.0,0.0,0.0,49.0,8.0,8.0,0.0,0.0,9999,9999,0
SLOW_MOVER,86447,Lift Support,CLIFT SUPPORT,,26.0,0.0,0.0,26.0,3.0,3.0,0.0,0.0,9999,9999,0
SLOW_MOVER,86455,Lift Support,CLIFT SUPPORT,,69.0,0.0,0.0,69.0,5.0,5.0,0.0,0.0,9999,9999,0
SLOW_MOVER,86472,Lift Support,CLIFT SUPPORT,,40.0,0.0,2.0,38.0,14.0,14.0,0.0,0.0,9999,9999,0
SLOW_MOVER,86486,Lift Support,CLIFT SUPPORT,,85.0,0.0,0.0,85.0,13.0,13.0,0.0,0.0,9999,9999,0
SLOW_MOVER,86501,Lift Support,CLIFT SUPPORT,,62.0,0.0,0.0,62.0,10.0,10.0,0.0,0.0,9999,9999,0
SLOW_MOVER,86504,Lift Support,CLIFT SUPPORT,,102.0,0.0,0.0,102.0,1.0,1.0,0.0,0.0,9999,9999,0
SLOW_MOVER,86514,Lift Support,CLIFT SUPPORT,,88.0,0.0,0.0,88.0,1.0,1.0,0.0,0.0,9999,9999,0
SLOW_MOVER,86518,Lift Support,CLIFT SUPPORT,,132.0,0.0,0.0,132.0,22.0,22.0,0.0,0.0,9999,9999,0
SLOW_MOVER,86519,Lift Support,CLIFT SUPPORT,,304.0,0.0,0.0,304.0,9.0,9.0,0.0,0.0,9999,9999,0
SLOW_MOVER,86523,Lift Support,CLIFT SUPPORT,,31.0,0.0,4.0,27.0,1.0,1.0,0.0,0.0,9999,9999,0
SLOW_MOVER,86525,Lift Support,CLIFT SUPPORT,,63.0,0.0,0.0,63.0,6.0,6.0,0.0,0.0,9999,9999,0
SLOW_MOVER,86526,Lift Support,CLIFT SUPPORT,,89.0,0.0,0.0,89.0,3.0,3.0,0.0,0.0,9999,9999,0
SLOW_MOVER,86529,Lift Support,CLIFT SUPPORT,,52.0,0.0,0.0,52.0,1.0,1.0,0.0,0.0,9999,9999,0
SLOW_MOVER,86530,Lift Support,CLIFT SUPPORT,,71.0,0.0,0.0,71.0,2.0,2.0,0.0,0.0,9999,9999,0
SLOW_MOVER,86533,Lift Support,CLIFT SUPPORT,,54.0,0.0,0.0,54.0,11.0,11.0,0.0,0.0,9999,9999,0
SLOW_MOVER,86534,Lift Support,CLIFT SUPPORT,,99.0,0.0,0.0,99.0,1.0,1.0,0.0,0.0,9999,9999,0
SLOW_MOVER,86556,Lift Support,CLIFT SUPPORT,,23.0,0.0,0.0,23.0,13.0,13.0,0.0,0.0,9999,9999,0
SLOW_MOVER,86559,Lift Support,CLIFT SUPPORT,,65.0,0.0,0.0,65.0,21.0,21.0,0.0,0.0,9999,9999,0
SLOW_MOVER,86570,Lift Support,CLIFT SUPPORT,,94.0,0.0,0.0,94.0,1.0,1.0,0.0,0.0,9999,9999,0
SLOW_MOVER,86571,Lift Support,CLIFT SUPPORT,,87.0,0.0,0.0,87.0,2.0,2.0,0.0,0.0,9999,9999,0
SLOW_MOVER,86572,Lift Support,CLIFT SUPPORT,,50.0,0.0,0.0,50.0,1.0,1.0,0.0,0.0,9999,9999,0
SLOW_MOVER,86577,Lift Support,CLIFT SUPPORT,,22.0,0.0,0.0,22.0,4.0,4.0,0.0,0.0,9999,9999,0
SLOW_MOVER,86578,Lift Support,CLIFT SUPPORT,,95.0,0.0,0.0,95.0,1.0,1.0,0.0,0.0,9999,9999,0
SLOW_MOVER,86580,Lift Support,CLIFT SUPPORT,,84.0,0.0,0.0,84.0,2.0,2.0,0.0,0.0,9999,9999,0
SLOW_MOVER,86581,Lift Support,CLIFT SUPPORT,,64.0,0.0,0.0,64.0,3.0,3.0,0.0,0.0,9999,9999,0
SLOW_MOVER,86583,Lift Support,CLIFT SUPPORT,,99.0,0.0,0.0,99.0,6.0,6.0,0.0,0.0,9999,9999,0
SLOW_MOVER,86588,Lift Support,CLIFT SUPPORT,,66.0,0.0,0.0,66.0,2.0,2.0,0.0,0.0,9999,9999,0
SLOW_MOVER,86589,Lift Support,CLIFT SUPPORT,,90.0,0.0,0.0,90.0,1.0,1.0,0.0,0.0,9999,9999,0
SLOW_MOVER,86590,Lift Support,CLIFT SUPPORT,,103.0,0.0,0.0,103.0,1.0,1.0,0.0,0.0,9999,9999,0
SLOW_MOVER,86591,Lift Support,CLIFT SUPPORT,,94.0,0.0,0.0,94.0,1.0,1.0,0.0,0.0,9999,9999,0
SLOW_MOVER,86592,Lift Support,CLIFT SUPPORT,,76.0,0.0,0.0,76.0,2.0,2.0,0.0,0.0,9999,9999,0
SLOW_MOVER,86594,Lift Support,CLIFT SUPPORT,,54.0,0.0,0.0,54.0,5.0,5.0,0.0,0.0,9999,9999,0
SLOW_MOVER,86595,Lift Support,CLIFT SUPPORT,,87.0,0.0,0.0,87.0,4.0,4.0,0.0,0.0,9999,9999,0
SLOW_MOVER,86597,Lift Support,CLIFT SUPPORT,,86.0,0.0,0.0,86.0,4.0,4.0,0.0,0.0,9999,9999,0
SLOW_MOVER,86599,Lift Support,CLIFT SUPPORT,,95.0,0.0,0.0,95.0,0.0,0.0,0.0,0.0,9999,9999,0
SLOW_MOVER,86605,Lift Support,CLIFT SUPPORT,,35.0,0.0,0.0,35.0,1.0,1.0,0.0,0.0,9999,9999,0
SLOW_MOVER,86617,Lift Support,CLIFT SUPPORT,,64.0,0.0,0.0,64.0,5.0,5.0,0.0,0.0,9999,9999,0
SLOW_MOVER,86618,Lift Support,CLIFT SUPPORT,,97.0,0.0,0.0,97.0,1.0,1.0,0.0,0.0,9999,9999,0
SLOW_MOVER,86620,Lift Support,CLIFT SUPPORT,,78.0,0.0,0.0,78.0,2.0,2.0,0.0,0.0,9999,9999,0
SLOW_MOVER,86622,Lift Support,CLIFT SUPPORT,,89.0,0.0,0.0,89.0,1.0,1.0,0.0,0.0,9999,9999,0
SLOW_MOVER,86625,Lift Support,CLIFT SUPPORT,,102.0,0.0,0.0,102.0,1.0,1.0,0.0,0.0,9999,9999,0
SLOW_MOVER,86628,Lift Support,CLIFT SUPPORT,,94.0,0.0,0.0,94.0,1.0,1.0,0.0,0.0,9999,9999,0
SLOW_MOVER,86629,Lift Support,CLIFT SUPPORT,,59.0,0.0,0.0,59.0,23.0,23.0,0.0,0.0,9999,9999,0
SLOW_MOVER,86670,Lift Support,CLIFT SUPPORT,,35.0,0.0,0.0,35.0,1.0,1.0,0.0,0.0,9999,9999,0
SLOW_MOVER,86671,Lift Support,CLIFT SUPPORT,,35.0,0.0,0.0,35.0,2.0,2.0,0.0,0.0,9999,9999,0
SLOW_MOVER,86676,Lift Support,CLIFT SUPPORT,,12.0,0.0,0.0,12.0,12.0,12.0,0.0,0.0,9999,9999,0
SLOW_MOVER,86684,Lift Support,CLIFT SUPPORT,,72.0,0.0,0.0,72.0,28.0,28.0,0.0,0.0,9999,9999,0
SLOW_MOVER,86685,Lift Support,CLIFT SUPPORT,,30.0,0.0,0.0,30.0,2.0,2.0,0.0,0.0,9999,9999,0
SLOW_MOVER,86708,Lift Support,CLIFT SUPPORT,,65.0,0.0,0.0,65.0,16.0,16.0,0.0,0.0,9999,9999,0
SLOW_MOVER,86901,Lift Support,CLIFT SUPPORT,,30.0,0.0,0.0,30.0,1.0,1.0,0.0,0.0,9999,9999,0
SLOW_MOVER,86904,Lift Support,CLIFT SUPPORT,,67.0,0.0,0.0,67.0,6.0,6.0,0.0,0.0,9999,9999,0
SLOW_MOVER,86923,Lift Support,CLIFT SUPPORT,,127.0,0.0,0.0,127.0,1.0,1.0,0.0,0.0,9999,9999,0
SLOW_MOVER,86924,Lift Support,CLIFT SUPPORT,,58.0,0.0,2.0,56.0,13.0,13.0,0.0,0.0,9999,9999,0
SLOW_MOVER,86925,Lift Support,CLIFT SUPPORT,,67.0,0.0,0.0,67.0,7.0,7.0,0.0,0.0,9999,9999,0
SLOW_MOVER,86926,Lift Support,CLIFT SUPPORT,,121.0,0.0,1.0,120.0,46.0,46.0,0.0,0.0,9999,9999,0
SLOW_MOVER,86932,Lift Support,CLIFT SUPPORT,,45.0,0.0,1.0,44.0,8.0,8.0,0.0,0.0,9999,9999,0
SLOW_MOVER,86944,Lift Support,CLIFT SUPPORT,,31.0,0.0,0.0,31.0,1.0,1.0,0.0,0.0,9999,9999,0
SLOW_MOVER,86947,Lift Support,CLIFT SUPPORT,,101.0,0.0,0.0,101.0,1.0,1.0,0.0,0.0,9999,9999,0
SLOW_MOVER,8SA3000,Stud Kit,CLIFT SUPPORT,,79.0,0.0,0.0,79.0,1.0,1.0,0.0,0.0,9999,9999,0
SLOW_MOVER,8SA3001,Stud Kit,CLIFT SUPPORT,,131.0,0.0,0.0,131.0,1.0,1.0,0.0,0.0,9999,9999,0
SLOW_MOVER,8SA3100,Assist Bracket,CLIFT SUPPORT,,200.0,0.0,0.0,200.0,1.0,1.0,0.0,0.0,9999,9999,0
SLOW_MOVER,8SA3101,Assist Bracket,CLIFT SUPPORT,,199.0,0.0,0.0,199.0,1.0,1.0,0.0,0.0,9999,9999,0
SLOW_MOVER,8SA3102,Assist Bracket,CLIFT SUPPORT,,201.0,0.0,0.0,201.0,1.0,1.0,0.0,0.0,9999,9999,0
SLOW_MOVER,84319L,Lift Support,CLIFT SUPPORT,,62.0,0.0,1.0,61.0,6.0,6.0,0.0,0.0,9999,9999,0
SLOW_MOVER,84319R,Lift Support,CLIFT SUPPORT,,110.0,0.0,1.0,109.0,7.0,7.0,0.0,0.0,9999,9999,0
SLOW_MOVER,84382R,Lift Support,CLIFT SUPPORT,,11.0,0.0,0.0,11.0,3.0,3.0,0.0,0.0,9999,9999,0
SLOW_MOVER,84548L,Lift Support,CLIFT SUPPORT,,19.0,0.0,0.0,19.0,5.0,5.0,0.0,0.0,9999,9999,0
SLOW_MOVER,84548R,Lift Support,CLIFT SUPPORT,,22.0,0.0,0.0,22.0,5.0,5.0,0.0,0.0,9999,9999,0
SLOW_MOVER,84569L,Lift Support,CLIFT SUPPORT,,40.0,0.0,0.0,40.0,1.0,1.0,0.0,0.0,9999,9999,0
SLOW_MOVER,84569R,Lift Support,CLIFT SUPPORT,,39.0,0.0,0.0,39.0,1.0,1.0,0.0,0.0,9999,9999,0
SLOW_MOVER,84961L,Lift Support,CLIFT SUPPORT,,70.0,0.0,0.0,70.0,3.0,3.0,0.0,0.0,9999,9999,0
SLOW_MOVER,84961R,Lift Support,CLIFT SUPPORT,,73.0,0.0,0.0,73.0,3.0,3.0,0.0,0.0,9999,9999,0
SLOW_MOVER,84998L,Lift Support,CLIFT SUPPORT,,43.0,0.0,0.0,43.0,1.0,1.0,0.0,0.0,9999,9999,0
SLOW_MOVER,84998R,Lift Support,CLIFT SUPPORT,,42.0,0.0,0.0,42.0,1.0,1.0,0.0,0.0,9999,9999,0
SLOW_MOVER,86146L,Lift Support,CLIFT SUPPORT,,25.0,0.0,0.0,25.0,1.0,1.0,0.0,0.0,9999,9999,0
SLOW_MOVER,86146R,Lift Support,CLIFT SUPPORT,,26.0,0.0,0.0,26.0,1.0,1.0,0.0,0.0,9999,9999,0
SLOW_MOVER,86203L,Lift Support,CLIFT SUPPORT,,79.0,0.0,1.0,78.0,13.0,13.0,0.0,0.0,9999,9999,0
SLOW_MOVER,86203R,Lift Support,CLIFT SUPPORT,,116.0,0.0,1.0,115.0,11.0,11.0,0.0,0.0,9999,9999,0
SLOW_MOVER,86219L,Lift Support,CLIFT SUPPORT,,53.0,0.0,0.0,53.0,2.0,2.0,0.0,0.0,9999,9999,0
SLOW_MOVER,86219R,Lift Support,CLIFT SUPPORT,,56.0,0.0,0.0,56.0,1.0,1.0,0.0,0.0,9999,9999,0
SLOW_MOVER,86220L,Lift Support,CLIFT SUPPORT,,44.0,0.0,0.0,44.0,1.0,1.0,0.0,0.0,9999,9999,0
SLOW_MOVER,86220R,Lift Support,CLIFT SUPPORT,,42.0,0.0,0.0,42.0,1.0,1.0,0.0,0.0,9999,9999,0
SLOW_MOVER,86517L,Lift Support,CLIFT SUPPORT,,71.0,0.0,0.0,71.0,4.0,4.0,0.0,0.0,9999,9999,0
SLOW_MOVER,86517R,Lift Support,CLIFT SUPPORT,,74.0,0.0,0.0,74.0,4.0,4.0,0.0,0.0,9999,9999,0
SLOW_MOVER,1332365L,Complete Strut,FCS,,40.0,0.0,0.0,40.0,17.0,17.0,0.0,0.0,9999,9999,0
SLOW_MOVER,1345558L,Complete Strut,FCS,,445.0,21.0,1.0,444.0,23.0,23.0,0.0,0.0,9999,9999,0
SLOW_MOVER,333533L,Strut,BARE,,21.0,0.0,0.0,21.0,1.0,1.0,0.0,0.0,9999,9999,0
SLOW_MOVER,333533R,Strut,BARE,,22.0,0.0,0.0,22.0,1.0,1.0,0.0,0.0,9999,9999,0
SLOW_MOVER,2336324,Complete Strut,FCS,,124.0,0.0,0.0,124.0,2.0,2.0,0.0,0.0,9999,9999,0
SLOW_MOVER,DT346181,Shock,BARE,,30.0,0.0,0.0,30.0,21.0,21.0,0.0,0.0,9999,9999,0
SLOW_MOVER,2331663L,Complete Strut,FCS,,166.0,0.0,0.0,166.0,1.0,1.0,0.0,0.0,9999,9999,0
SLOW_MOVER,2331663R,Complete Strut,FCS,,118.0,0.0,0.0,118.0,2.0,2.0,0.0,0.0,9999,9999,0
SLOW_MOVER,2333562L,Complete Strut,FCS,,40.0,0.0,3.0,37.0,56.0,56.0,0.0,0.0,9999,9999,19
SLOW_MOVER,345823,Strut,BARE,,3.0,0.0,3.0,0.0,34.0,34.0,0.0,0.0,9999,9999,34
SLOW_MOVER,333380L,Strut,BARE,,7.0,0.0,0.0,7.0,2.0,2.0,0.0,0.0,9999,9999,0
SLOW_MOVER,333378L,Strut,BARE,,9.0,0.0,0.0,9.0,5.0,5.0,0.0,0.0,9999,9999,0
SLOW_MOVER,333378R,Strut,BARE,,11.0,0.0,0.0,11.0,5.0,5.0,0.0,0.0,9999,9999,0
SLOW_MOVER,1345409,Complete Strut,FCS,,8.0,0.0,0.0,8.0,0.0,0.0,0.0,0.0,9999,9999,0
SLOW_MOVER,333586R,Strut,BARE,,6.0,0.0,0.0,6.0,0.0,0.0,0.0,0.0,9999,9999,0
SLOW_MOVER,333586L,Strut,BARE,,7.0,0.0,0.0,7.0,0.0,0.0,0.0,0.0,9999,9999,0
SLOW_MOVER,346240,Shock,BARE,,90.0,0.0,0.0,90.0,3.0,3.0,0.0,0.0,9999,9999,0
SLOW_MOVER,346237,Shock,BARE,,12.0,0.0,2.0,10.0,11.0,11.0,0.0,0.0,9999,9999,1
SLOW_MOVER,DG551343,Shock,BARE,,48.0,0.0,1.0,47.0,12.0,12.0,0.0,0.0,9999,9999,0
SLOW_MOVER,335587L,Strut,BARE,,43.0,0.0,0.0,43.0,23.0,23.0,0.0,0.0,9999,9999,0
SLOW_MOVER,335587R,Strut,BARE,,51.0,0.0,0.0,51.0,24.0,24.0,0.0,0.0,9999,9999,0
SLOW_MOVER,1345844,Complete Strut,FCS,,79.0,0.0,0.0,79.0,8.0,8.0,0.0,0.0,9999,9999,0
SLOW_MOVER,333591L,Strut,BARE,,9.0,0.0,0.0,9.0,4.0,4.0,0.0,0.0,9999,9999,0
SLOW_MOVER,335924R,Strut,BARE,,3.0,0.0,0.0,3.0,1.0,1.0,0.0,0.0,9999,9999,0
SLOW_MOVER,346251,Shock,BARE,,6.0,0.0,0.0,6.0,8.0,8.0,0.0,0.0,9999,9999,2
SLOW_MOVER,DT346330,Shock,BARE,,4.0,0.0,0.0,4.0,2.0,2.0,0.0,0.0,9999,9999,0
SLOW_MOVER,331780,Strut,BARE,,13.0,0.0,0.0,13.0,1.0,1.0,0.0,0.0,9999,9999,0
SLOW_MOVER,333160,Strut,BARE,,1.0,0.0,0.0,1.0,1.0,1.0,0.0,0.0,9999,9999,0
SLOW_MOVER,345848,Strut,BARE,,31.0,0.0,0.0,31.0,6.0,6.0,0.0,0.0,9999,9999,0
SLOW_MOVER,346335,Shock,BARE,,6.0,0.0,0.0,6.0,7.0,7.0,0.0,0.0,9999,9999,1
SLOW_MOVER,335924L,Strut,BARE,,7.0,0.0,0.0,7.0,2.0,2.0,0.0,0.0,9999,9999,0
SLOW_MOVER,333591R,Strut,BARE,,14.0,0.0,0.0,14.0,1.0,1.0,0.0,0.0,9999,9999,0
SLOW_MOVER,99001,Air Strut,Air Suspension,,20.0,0.0,0.0,20.0,2.0,2.0,0.0,0.0,9999,9999,0
SLOW_MOVER,99002,Electronic Air Strut,Air Suspension,,16.0,0.0,0.0,16.0,1.0,1.0,0.0,0.0,9999,9999,0
SLOW_MOVER,99003,Electronic Air Strut,Air Suspension,,16.0,0.0,0.0,16.0,1.0,1.0,0.0,0.0,9999,9999,0
SLOW_MOVER,99004,Electronic Air Strut,Air Suspension,,19.0,0.0,0.0,19.0,1.0,1.0,0.0,0.0,9999,9999,0
SLOW_MOVER,99005,Electronic Air Strut,Air Suspension,,15.0,0.0,0.0,15.0,1.0,1.0,0.0,0.0,9999,9999,0
SLOW_MOVER,99035,Electronic Air Strut,Air Suspension,,18.0,0.0,0.0,18.0,8.0,8.0,0.0,0.0,9999,9999,0
SLOW_MOVER,99036,Electronic Air Strut,Air Suspension,,28.0,0.0,0.0,28.0,4.0,4.0,0.0,0.0,9999,9999,0
SLOW_MOVER,99007,Electronic Air Strut,Air Suspension,,23.0,0.0,0.0,23.0,1.0,1.0,0.0,0.0,9999,9999,0
SLOW_MOVER,99008,Electronic Air Strut,Air Suspension,,23.0,0.0,0.0,23.0,1.0,1.0,0.0,0.0,9999,9999,0
SLOW_MOVER,99009,Electronic Air Strut,Air Suspension,,27.0,0.0,0.0,27.0,1.0,1.0,0.0,0.0,9999,9999,0
SLOW_MOVER,99013,Electronic Air Strut,Air Suspension,,3.0,0.0,0.0,3.0,1.0,1.0,0.0,0.0,9999,9999,0
SLOW_MOVER,99014,Electronic Air Strut,Air Suspension,,4.0,0.0,0.0,4.0,1.0,1.0,0.0,0.0,9999,9999,0
SLOW_MOVER,99023,Air Strut,Air Suspension,,13.0,0.0,0.0,13.0,1.0,1.0,0.0,0.0,9999,9999,0
SLOW_MOVER,99024,Air Strut,Air Suspension,,11.0,0.0,0.0,11.0,1.0,1.0,0.0,0.0,9999,9999,0
SLOW_MOVER,99045,Electronic Air Strut,Air Suspension,,18.0,0.0,0.0,18.0,5.0,5.0,0.0,0.0,9999,9999,0
SLOW_MOVER,99057,Electronic Shock Assy,Air Suspension,,32.0,0.0,0.0,32.0,8.0,8.0,0.0,0.0,9999,9999,0
SLOW_MOVER,345792R,Strut,BARE,,124.0,0.0,0.0,124.0,1.0,1.0,0.0,0.0,9999,9999,0
SLOW_MOVER,345792L,Strut,BARE,,127.0,0.0,0.0,127.0,1.0,1.0,0.0,0.0,9999,9999,0
SLOW_MOVER,333330L,Strut,BARE,,59.0,0.0,0.0,59.0,5.0,5.0,0.0,0.0,9999,9999,0
SLOW_MOVER,333330R,Strut,BARE,,31.0,0.0,0.0,31.0,5.0,5.0,0.0,0.0,9999,9999,0
SLOW_MOVER,333712L,Strut,BARE,,52.0,0.0,0.0,52.0,5.0,5.0,0.0,0.0,9999,9999,0
SLOW_MOVER,333712R,Strut,BARE,,67.0,0.0,0.0,67.0,6.0,6.0,0.0,0.0,9999,9999,0
SLOW_MOVER,2331583R,Complete Strut,FCS,,6.0,0.0,0.0,6.0,18.0,18.0,0.0,0.0,9999,9999,12
SLOW_MOVER,2331583L,Complete Strut,FCS,,4.0,0.0,0.0,4.0,20.0,20.0,0.0,0.0,9999,9999,16
SLOW_MOVER,333715L,Strut,BARE,,70.0,0.0,0.0,70.0,40.0,40.0,0.0,0.0,9999,9999,0
SLOW_MOVER,331580R,Bare,BARE,,1.0,0.0,0.0,1.0,0.0,0.0,0.0,0.0,9999,9999,0
SLOW_MOVER,1333159,Complete Strut,FCS,,33.0,0.0,0.0,33.0,21.0,21.0,0.0,0.0,9999,9999,0
SLOW_MOVER,DG341513,Bare,BARE,,2.0,0.0,0.0,2.0,0.0,0.0,0.0,0.0,9999,9999,0
SLOW_MOVER,2335893L,Complete Strut,FCS,,280.0,0.0,0.0,280.0,3.0,3.0,0.0,0.0,9999,9999,0
SLOW_MOVER,331053,Strut,BARE,,53.0,0.0,0.0,53.0,10.0,10.0,0.0,0.0,9999,9999,0
SLOW_MOVER,345919,Strut,BARE,,2.0,24.0,0.0,2.0,9.0,9.0,0.0,0.0,9999,9999,0
SLOW_MOVER,341720,Shock,BARE,,36.0,0.0,0.0,36.0,14.0,14.0,0.0,0.0,9999,9999,0
SLOW_MOVER,335701L,Strut,BARE,,91.0,0.0,0.0,91.0,15.0,15.0,0.0,0.0,9999,9999,0
SLOW_MOVER,335701R,Strut,BARE,,79.0,0.0,0.0,79.0,15.0,15.0,0.0,0.0,9999,9999,0
SLOW_MOVER,333329L,Strut,BARE,,44.0,0.0,0.0,44.0,2.0,2.0,0.0,0.0,9999,9999,0
SLOW_MOVER,333815L,Strut,BARE,,33.0,0.0,0.0,33.0,3.0,3.0,0.0,0.0,9999,9999,0
SLOW_MOVER,345933,Strut,BARE,,95.0,0.0,2.0,93.0,43.0,43.0,0.0,0.0,9999,9999,0
SLOW_MOVER,345936,Strut,BARE,,16.0,0.0,0.0,16.0,1.0,1.0,0.0,0.0,9999,9999,0
SLOW_MOVER,333817R,Strut,BARE,,40.0,0.0,0.0,40.0,1.0,1.0,0.0,0.0,9999,9999,0
SLOW_MOVER,333817L,Strut,BARE,,37.0,0.0,0.0,37.0,1.0,1.0,0.0,0.0,9999,9999,0
SLOW_MOVER,86646,Lift Support,CLIFT SUPPORT,,108.0,0.0,5.0,103.0,65.0,65.0,0.0,0.0,9999,9999,0
SLOW_MOVER,87072,Lift Support,CLIFT SUPPORT,,71.0,0.0,4.0,67.0,30.0,30.0,0.0,0.0,9999,9999,0
SLOW_MOVER,99073,Electronic Air Strut,Air Suspension,,5.0,0.0,0.0,5.0,3.0,3.0,0.0,0.0,9999,9999,0
SLOW_MOVER,99072,Electronic Air Strut,Air Suspension,,11.0,0.0,0.0,11.0,1.0,1.0,0.0,0.0,9999,9999,0
SLOW_MOVER,99070,Electronic Air Strut,Air Suspension,,22.0,0.0,0.0,22.0,6.0,6.0,0.0,0.0,9999,9999,0
SLOW_MOVER,99066,Electronic Air Strut,Air Suspension,,29.0,0.0,0.0,29.0,6.0,6.0,0.0,0.0,9999,9999,0
SLOW_MOVER,99021,Electronic Air Strut,Air Suspension,,16.0,0.0,0.0,16.0,1.0,1.0,0.0,0.0,9999,9999,0
SLOW_MOVER,99019,Air Strut,Air Suspension,,9.0,0.0,0.0,9.0,1.0,1.0,0.0,0.0,9999,9999,0
SLOW_MOVER,99020,Air Strut,Air Suspension,,8.0,0.0,0.0,8.0,1.0,1.0,0.0,0.0,9999,9999,0
SLOW_MOVER,99075,Electronic Air Strut,Air Suspension,,5.0,0.0,0.0,5.0,1.0,1.0,0.0,0.0,9999,9999,0
SLOW_MOVER,99074,Electronic Air Strut,Air Suspension,,7.0,0.0,0.0,7.0,1.0,1.0,0.0,0.0,9999,9999,0
SLOW_MOVER,99017,Electronic Air Strut,Air Suspension,,9.0,0.0,0.0,9.0,1.0,1.0,0.0,0.0,9999,9999,0
SLOW_MOVER,99018,Electronic Air Strut,Air Suspension,,13.0,0.0,0.0,13.0,1.0,1.0,0.0,0.0,9999,9999,0
SLOW_MOVER,99037,Air Strut,Air Suspension,,65.0,0.0,0.0,65.0,18.0,18.0,0.0,0.0,9999,9999,0
SLOW_MOVER,99038,Air Strut,Air Suspension,,54.0,0.0,0.0,54.0,22.0,22.0,0.0,0.0,9999,9999,0
SLOW_MOVER,99065,Electronic Shock Assy,Air Suspension,,34.0,0.0,0.0,34.0,12.0,12.0,0.0,0.0,9999,9999,0
SLOW_MOVER,84129,Lift Support,CLIFT SUPPORT,,103.0,0.0,0.0,103.0,2.0,2.0,0.0,0.0,9999,9999,0
SLOW_MOVER,86372,Lift Support,CLIFT SUPPORT,,73.0,0.0,0.0,73.0,21.0,21.0,0.0,0.0,9999,9999,0
SLOW_MOVER,86780,Lift Support,CLIFT SUPPORT,,37.0,0.0,0.0,37.0,16.0,16.0,0.0,0.0,9999,9999,0
SLOW_MOVER,86843,Lift Support,CLIFT SUPPORT,,37.0,0.0,0.0,37.0,12.0,12.0,0.0,0.0,9999,9999,0
SLOW_MOVER,86849,Lift Support,CLIFT SUPPORT,,54.0,0.0,0.0,54.0,1.0,1.0,0.0,0.0,9999,9999,0
SLOW_MOVER,86916,Lift Support,CLIFT SUPPORT,,50.0,0.0,0.0,50.0,3.0,3.0,0.0,0.0,9999,9999,0
SLOW_MOVER,86918,Lift Support,CLIFT SUPPORT,,86.0,0.0,0.0,86.0,3.0,3.0,0.0,0.0,9999,9999,0
SLOW_MOVER,86970,Lift Support,CLIFT SUPPORT,,106.0,0.0,0.0,106.0,1.0,1.0,0.0,0.0,9999,9999,0
SLOW_MOVER,86979,Lift Support,CLIFT SUPPORT,,3.0,0.0,0.0,3.0,0.0,0.0,0.0,0.0,9999,9999,0
SLOW_MOVER,333831R,Strut,BARE,,47.0,0.0,0.0,47.0,6.0,6.0,0.0,0.0,9999,9999,0
SLOW_MOVER,345959,Strut,BARE,,36.0,0.0,0.0,36.0,16.0,16.0,0.0,0.0,9999,9999,0
SLOW_MOVER,345958,Strut,BARE,,3.0,0.0,0.0,3.0,11.0,11.0,0.0,0.0,9999,9999,8
SLOW_MOVER,84039,LIFT SUPPORT,CLIFT SUPPORT,,49.0,0.0,0.0,49.0,1.0,1.0,0.0,0.0,9999,9999,0
SLOW_MOVER,86475,LIFT SUPPORT,CLIFT SUPPORT,,50.0,0.0,0.0,50.0,14.0,14.0,0.0,0.0,9999,9999,0
SLOW_MOVER,86541,LIFT SUPPORT,CLIFT SUPPORT,,38.0,0.0,0.0,38.0,1.0,1.0,0.0,0.0,9999,9999,0
SLOW_MOVER,86661,LIFT SUPPORT,CLIFT SUPPORT,,24.0,0.0,0.0,24.0,10.0,10.0,0.0,0.0,9999,9999,0
SLOW_MOVER,86695,LIFT SUPPORT,CLIFT SUPPORT,,34.0,0.0,0.0,34.0,2.0,2.0,0.0,0.0,9999,9999,0
SLOW_MOVER,86735,LIFT SUPPORT,CLIFT SUPPORT,,46.0,0.0,0.0,46.0,17.0,17.0,0.0,0.0,9999,9999,0
SLOW_MOVER,86773,LIFT SUPPORT,CLIFT SUPPORT,,42.0,0.0,0.0,42.0,1.0,1.0,0.0,0.0,9999,9999,0
SLOW_MOVER,86919,LIFT SUPPORT,CLIFT SUPPORT,,180.0,0.0,0.0,180.0,2.0,2.0,0.0,0.0,9999,9999,0
SLOW_MOVER,86928,LIFT SUPPORT,CLIFT SUPPORT,,44.0,0.0,0.0,44.0,2.0,2.0,0.0,0.0,9999,9999,0
SLOW_MOVER,86929,LIFT SUPPORT,CLIFT SUPPORT,,64.0,0.0,0.0,64.0,6.0,6.0,0.0,0.0,9999,9999,0
SLOW_MOVER,86930,LIFT SUPPORT,CLIFT SUPPORT,,29.0,0.0,0.0,29.0,1.0,1.0,0.0,0.0,9999,9999,0
SLOW_MOVER,86931,LIFT SUPPORT,CLIFT SUPPORT,,168.0,0.0,0.0,168.0,6.0,6.0,0.0,0.0,9999,9999,0
SLOW_MOVER,86934,LIFT SUPPORT,CLIFT SUPPORT,,148.0,0.0,0.0,148.0,7.0,7.0,0.0,0.0,9999,9999,0
SLOW_MOVER,86935,LIFT SUPPORT,CLIFT SUPPORT,,180.0,0.0,0.0,180.0,1.0,1.0,0.0,0.0,9999,9999,0
SLOW_MOVER,86936,LIFT SUPPORT,CLIFT SUPPORT,,46.0,0.0,0.0,46.0,1.0,1.0,0.0,0.0,9999,9999,0
SLOW_MOVER,86937,LIFT SUPPORT,CLIFT SUPPORT,,67.0,0.0,0.0,67.0,5.0,5.0,0.0,0.0,9999,9999,0
SLOW_MOVER,86939,LIFT SUPPORT,CLIFT SUPPORT,,186.0,0.0,0.0,186.0,1.0,1.0,0.0,0.0,9999,9999,0
SLOW_MOVER,86942,LIFT SUPPORT,CLIFT SUPPORT,,175.0,0.0,1.0,174.0,1.0,1.0,0.0,0.0,9999,9999,0
SLOW_MOVER,86943,LIFT SUPPORT,CLIFT SUPPORT,,50.0,0.0,0.0,50.0,0.0,0.0,0.0,0.0,9999,9999,0
SLOW_MOVER,86948,LIFT SUPPORT,CLIFT SUPPORT,,158.0,0.0,0.0,158.0,7.0,7.0,0.0,0.0,9999,9999,0
SLOW_MOVER,8SA3002,Stud Kit,CLIFT SUPPORT,,88.0,0.0,0.0,88.0,1.0,1.0,0.0,0.0,9999,9999,0
SLOW_MOVER,86747,LIFT SUPPORT,CLIFT SUPPORT,,53.0,0.0,0.0,53.0,5.0,5.0,0.0,0.0,9999,9999,0
SLOW_MOVER,86702R,LIFT SUPPORT,CLIFT SUPPORT,,64.0,0.0,0.0,64.0,10.0,10.0,0.0,0.0,9999,9999,0
SLOW_MOVER,86292,LIFT SUPPORT,CLIFT SUPPORT,,43.0,0.0,0.0,43.0,2.0,2.0,0.0,0.0,9999,9999,0
SLOW_MOVER,84855,LIFT SUPPORT,CLIFT SUPPORT,,45.0,0.0,0.0,45.0,1.0,1.0,0.0,0.0,9999,9999,0
SLOW_MOVER,86492,LIFT SUPPORT,CLIFT SUPPORT,,50.0,0.0,0.0,50.0,0.0,0.0,0.0,0.0,9999,9999,0
SLOW_MOVER,86495,LIFT SUPPORT,CLIFT SUPPORT,,48.0,0.0,0.0,48.0,1.0,1.0,0.0,0.0,9999,9999,0
SLOW_MOVER,86457,LIFT SUPPORT,CLIFT SUPPORT,,17.0,0.0,0.0,17.0,9.0,9.0,0.0,0.0,9999,9999,0
SLOW_MOVER,86884,LIFT SUPPORT,CLIFT SUPPORT,,28.0,0.0,0.0,28.0,8.0,8.0,0.0,0.0,9999,9999,0
SLOW_MOVER,86850,LIFT SUPPORT,CLIFT SUPPORT,,32.0,0.0,0.0,32.0,2.0,2.0,0.0,0.0,9999,9999,0
SLOW_MOVER,86161,LIFT SUPPORT,CLIFT SUPPORT,,28.0,0.0,0.0,28.0,1.0,1.0,0.0,0.0,9999,9999,0
SLOW_MOVER,86498,LIFT SUPPORT,CLIFT SUPPORT,,43.0,0.0,0.0,43.0,1.0,1.0,0.0,0.0,9999,9999,0
SLOW_MOVER,86579,LIFT SUPPORT,CLIFT SUPPORT,,70.0,0.0,0.0,70.0,8.0,8.0,0.0,0.0,9999,9999,0
SLOW_MOVER,86693,LIFT SUPPORT,CLIFT SUPPORT,,64.0,0.0,0.0,64.0,7.0,7.0,0.0,0.0,9999,9999,0
SLOW_MOVER,86715,LIFT SUPPORT,CLIFT SUPPORT,,60.0,0.0,0.0,60.0,8.0,8.0,0.0,0.0,9999,9999,0
SLOW_MOVER,86791,LIFT SUPPORT,CLIFT SUPPORT,,32.0,0.0,0.0,32.0,10.0,10.0,0.0,0.0,9999,9999,0
SLOW_MOVER,86807,LIFT SUPPORT,CLIFT SUPPORT,,68.0,0.0,0.0,68.0,5.0,5.0,0.0,0.0,9999,9999,0
SLOW_MOVER,86831,LIFT SUPPORT,CLIFT SUPPORT,,29.0,0.0,0.0,29.0,11.0,11.0,0.0,0.0,9999,9999,0
SLOW_MOVER,86851,LIFT SUPPORT,CLIFT SUPPORT,,124.0,0.0,0.0,124.0,1.0,1.0,0.0,0.0,9999,9999,0
SLOW_MOVER,86875,LIFT SUPPORT,CLIFT SUPPORT,,49.0,0.0,2.0,47.0,27.0,27.0,0.0,0.0,9999,9999,0
SLOW_MOVER,333826L,Strut,BARE,,3.0,0.0,0.0,3.0,10.0,10.0,0.0,0.0,9999,9999,7
SLOW_MOVER,333826R,Strut,BARE,,1.0,0.0,0.0,1.0,9.0,9.0,0.0,0.0,9999,9999,8
SLOW_MOVER,335992L,Strut,BARE,,44.0,0.0,2.0,42.0,7.0,7.0,0.0,0.0,9999,9999,0
SLOW_MOVER,333820L,Strut,BARE,,1.0,0.0,0.0,1.0,9.0,9.0,0.0,0.0,9999,9999,8
SLOW_MOVER,333820R,Strut,BARE,,2.0,0.0,0.0,2.0,7.0,7.0,0.0,0.0,9999,9999,5
SLOW_MOVER,2331661R,Complete Strut,FCS,,44.0,0.0,0.0,44.0,7.0,7.0,0.0,0.0,9999,9999,0
SLOW_MOVER,DT345701,Strut,BARE,,7.0,0.0,0.0,7.0,2.0,2.0,0.0,0.0,9999,9999,0
SLOW_MOVER,345965,Strut,BARE,,9.0,0.0,0.0,9.0,1.0,1.0,0.0,0.0,9999,9999,0
SLOW_MOVER,337020L,Strut,BARE,,27.0,0.0,0.0,27.0,1.0,1.0,0.0,0.0,9999,9999,0
SLOW_MOVER,337020R,Strut,BARE,,29.0,0.0,0.0,29.0,1.0,1.0,0.0,0.0,9999,9999,0
SLOW_MOVER,99080,Magnetic Strut,Air Suspension,,27.0,0.0,0.0,27.0,12.0,12.0,0.0,0.0,9999,9999,0
SLOW_MOVER,99081,Magnetic Strut,Air Suspension,,23.0,0.0,0.0,23.0,12.0,12.0,0.0,0.0,9999,9999,0
SLOW_MOVER,355005,Strut,BARE,,5.0,0.0,2.0,3.0,2.0,2.0,0.0,0.0,9999,9999,0
SLOW_MOVER,345990,Strut,BARE,,89.0,0.0,0.0,89.0,1.0,1.0,0.0,0.0,9999,9999,0
SLOW_MOVER,333864L,Strut,BARE,,104.0,0.0,0.0,104.0,5.0,5.0,0.0,0.0,9999,9999,0
SLOW_MOVER,333864R,Strut,BARE,,105.0,0.0,0.0,105.0,7.0,7.0,0.0,0.0,9999,9999,0
SLOW_MOVER,345984,Strut,BARE,,35.0,0.0,0.0,35.0,17.0,17.0,0.0,0.0,9999,9999,0
SLOW_MOVER,4333564R,Complete Strut,FCS,,107.0,0.0,0.0,107.0,1.0,1.0,0.0,0.0,9999,9999,0
SLOW_MOVER,4333564L,Complete Strut,FCS,,116.0,0.0,0.0,116.0,1.0,1.0,0.0,0.0,9999,9999,0
SLOW_MOVER,2335684L,Complete Strut,FCS,,33.0,0.0,2.0,31.0,5.0,5.0,0.0,0.0,9999,9999,0
SLOW_MOVER,2335684R,Complete Strut,FCS,,23.0,0.0,2.0,21.0,5.0,5.0,0.0,0.0,9999,9999,0
SLOW_MOVER,335804L,Strut,BARE,,4.0,0.0,0.0,4.0,10.0,10.0,0.0,0.0,9999,9999,6
SLOW_MOVER,333870R,Strut,BARE,,14.0,0.0,0.0,14.0,6.0,6.0,0.0,0.0,9999,9999,0
SLOW_MOVER,333870L,Strut,BARE,,15.0,0.0,0.0,15.0,5.0,5.0,0.0,0.0,9999,9999,0
SLOW_MOVER,337071R,Bare,BARE,,1.0,0.0,0.0,1.0,0.0,0.0,0.0,0.0,9999,9999,0
SLOW_MOVER,335988L,Strut,BARE,,43.0,0.0,0.0,43.0,8.0,8.0,0.0,0.0,9999,9999,0
SLOW_MOVER,335988R,Strut,BARE,,44.0,0.0,0.0,44.0,7.0,7.0,0.0,0.0,9999,9999,0
SLOW_MOVER,335584R,Strut,BARE,,39.0,0.0,0.0,39.0,6.0,6.0,0.0,0.0,9999,9999,0
SLOW_MOVER,335584L,Strut,BARE,,39.0,0.0,0.0,39.0,4.0,4.0,0.0,0.0,9999,9999,0
SLOW_MOVER,2335992R,Complete Strut,FCS,,5.0,0.0,0.0,5.0,25.0,25.0,0.0,0.0,9999,9999,20
SLOW_MOVER,2335992L,Complete Strut,FCS,,1.0,0.0,1.0,0.0,27.0,27.0,0.0,0.0,9999,9999,27
SLOW_MOVER,F346598,Heavy Duty Shock Absorber,HBare,,210.0,0.0,0.0,210.0,17.0,17.0,0.0,0.0,9999,9999,0
SLOW_MOVER,F347193,Heavy Duty Shock Absorber,HBare,,137.0,0.0,0.0,137.0,11.0,11.0,0.0,0.0,9999,9999,0
SLOW_MOVER,F347219,Heavy Duty Shock Absorber,HBare,,82.0,0.0,0.0,82.0,9.0,9.0,0.0,0.0,9999,9999,0
SLOW_MOVER,F347251,Heavy Duty Shock Absorber,HBare,,61.0,0.0,0.0,61.0,0.0,0.0,0.0,0.0,9999,9999,0
SLOW_MOVER,F347206,Heavy Duty Shock Absorber,HBare,,150.0,0.0,0.0,150.0,5.0,5.0,0.0,0.0,9999,9999,0
SLOW_MOVER,F347280,Heavy Duty Shock Absorber,HBare,,121.0,0.0,0.0,121.0,1.0,1.0,0.0,0.0,9999,9999,0
SLOW_MOVER,F347279,Heavy Duty Shock Absorber,HBare,,99.0,0.0,2.0,97.0,12.0,12.0,0.0,0.0,9999,9999,0
SLOW_MOVER,F347196,Heavy Duty Shock Absorber,HBare,,71.0,0.0,0.0,71.0,17.0,17.0,0.0,0.0,9999,9999,0
SLOW_MOVER,F347202,Heavy Duty Shock Absorber,HBare,,94.0,0.0,0.0,94.0,12.0,12.0,0.0,0.0,9999,9999,0
SLOW_MOVER,F347201,Heavy Duty Shock Absorber,HBare,,90.0,0.0,0.0,90.0,0.0,0.0,0.0,0.0,9999,9999,0
SLOW_MOVER,F347224,Heavy Duty Shock Absorber,HBare,,85.0,0.0,0.0,85.0,16.0,16.0,0.0,0.0,9999,9999,0
SLOW_MOVER,F347208,Heavy Duty Shock Absorber,HBare,,85.0,0.0,0.0,85.0,1.0,1.0,0.0,0.0,9999,9999,0
SLOW_MOVER,F347207,Heavy Duty Shock Absorber,HBare,,451.0,0.0,0.0,451.0,5.0,5.0,0.0,0.0,9999,9999,0
SLOW_MOVER,F347239,Heavy Duty Shock Absorber,HBare,,80.0,0.0,0.0,80.0,5.0,5.0,0.0,0.0,9999,9999,0
SLOW_MOVER,F347195,Heavy Duty Shock Absorber,HBare,,71.0,0.0,0.0,71.0,5.0,5.0,0.0,0.0,9999,9999,0
SLOW_MOVER,F347235,Heavy Duty Shock Absorber,HBare,,56.0,0.0,0.0,56.0,9.0,9.0,0.0,0.0,9999,9999,0
SLOW_MOVER,F442755,Heavy Duty Shock Absorber,HBare,,92.0,0.0,0.0,92.0,20.0,20.0,0.0,0.0,9999,9999,0
SLOW_MOVER,F347223,Heavy Duty Shock Absorber,HBare,,87.0,0.0,0.0,87.0,0.0,0.0,0.0,0.0,9999,9999,0
SLOW_MOVER,F347226,Heavy Duty Shock Absorber,HBare,,116.0,0.0,0.0,116.0,8.0,8.0,0.0,0.0,9999,9999,0
SLOW_MOVER,F347199,Heavy Duty Shock Absorber,HBare,,97.0,0.0,0.0,97.0,4.0,4.0,0.0,0.0,9999,9999,0
SLOW_MOVER,F347250,Heavy Duty Shock Absorber,HBare,,124.0,0.0,0.0,124.0,1.0,1.0,0.0,0.0,9999,9999,0
SLOW_MOVER,355029,Strut,BARE,,61.0,0.0,0.0,61.0,5.0,5.0,0.0,0.0,9999,9999,0
SLOW_MOVER,333981R,Strut,BARE,,31.0,0.0,0.0,31.0,1.0,1.0,0.0,0.0,9999,9999,0
SLOW_MOVER,333981L,Strut,BARE,,31.0,0.0,0.0,31.0,2.0,2.0,0.0,0.0,9999,9999,0
SLOW_MOVER,2345782R,Complete Strut,FCS,,107.0,0.0,2.0,105.0,27.0,27.0,0.0,0.0,9999,9999,0
SLOW_MOVER,F347248,Heavy Duty Shock Absorber,HBare,,46.0,0.0,0.0,46.0,5.0,5.0,0.0,0.0,9999,9999,0
SLOW_MOVER,F347246,Heavy Duty Shock Absorber,HBare,,48.0,0.0,0.0,48.0,0.0,0.0,0.0,0.0,9999,9999,0
SLOW_MOVER,F344345,Heavy Duty Shock Absorber,HBare,,111.0,0.0,0.0,111.0,9.0,9.0,0.0,0.0,9999,9999,0
SLOW_MOVER,F343371,Heavy Duty Shock Absorber,HBare,,142.0,0.0,0.0,142.0,1.0,1.0,0.0,0.0,9999,9999,0
SLOW_MOVER,F347238,Heavy Duty Shock Absorber,HBare,,76.0,0.0,0.0,76.0,2.0,2.0,0.0,0.0,9999,9999,0
SLOW_MOVER,F343374,Heavy Duty Shock Absorber,HBare,,142.0,0.0,0.0,142.0,16.0,16.0,0.0,0.0,9999,9999,0
SLOW_MOVER,F347263,Heavy Duty Shock Absorber,HBare,,68.0,0.0,0.0,68.0,10.0,10.0,0.0,0.0,9999,9999,0
SLOW_MOVER,F347264,Heavy Duty Shock Absorber,HBare,,138.0,0.0,0.0,138.0,11.0,11.0,0.0,0.0,9999,9999,0
SLOW_MOVER,F347265,Heavy Duty Shock Absorber,HBare,,96.0,0.0,0.0,96.0,1.0,1.0,0.0,0.0,9999,9999,0
SLOW_MOVER,F343375,Heavy Duty Shock Absorber,HBare,,88.0,0.0,0.0,88.0,17.0,17.0,0.0,0.0,9999,9999,0
SLOW_MOVER,F347266,Heavy Duty Shock Absorber,HBare,,210.0,0.0,0.0,210.0,2.0,2.0,0.0,0.0,9999,9999,0
SLOW_MOVER,F347267,Heavy Duty Shock Absorber,HBare,,94.0,0.0,0.0,94.0,4.0,4.0,0.0,0.0,9999,9999,0
SLOW_MOVER,F347268,Heavy Duty Shock Absorber,HBare,,93.0,0.0,0.0,93.0,1.0,1.0,0.0,0.0,9999,9999,0
SLOW_MOVER,F347269,Heavy Duty Shock Absorber,HBare,,89.0,0.0,0.0,89.0,7.0,7.0,0.0,0.0,9999,9999,0
SLOW_MOVER,F347271,Heavy Duty Shock Absorber,HBare,,120.0,0.0,0.0,120.0,5.0,5.0,0.0,0.0,9999,9999,0
SLOW_MOVER,F346603,Heavy Duty Shock Absorber,HBare,,120.0,0.0,0.0,120.0,2.0,2.0,0.0,0.0,9999,9999,0
SLOW_MOVER,F347272,Heavy Duty Shock Absorber,HBare,,55.0,0.0,0.0,55.0,6.0,6.0,0.0,0.0,9999,9999,0
SLOW_MOVER,F347273,Heavy Duty Shock Absorber,HBare,,118.0,0.0,0.0,118.0,14.0,14.0,0.0,0.0,9999,9999,0
SLOW_MOVER,F347278,Heavy Duty Shock Absorber,HBare,,78.0,0.0,0.0,78.0,0.0,0.0,0.0,0.0,9999,9999,0
SLOW_MOVER,F347194,Heavy Duty Shock Absorber,HBare,,66.0,0.0,0.0,66.0,4.0,4.0,0.0,0.0,9999,9999,0
SLOW_MOVER,F347204,Heavy Duty Shock Absorber,HBare,,78.0,0.0,2.0,76.0,18.0,18.0,0.0,0.0,9999,9999,0
SLOW_MOVER,F347209,Heavy Duty Shock Absorber,HBare,,90.0,0.0,0.0,90.0,21.0,21.0,0.0,0.0,9999,9999,0
SLOW_MOVER,F347210,Heavy Duty Shock Absorber,HBare,,149.0,0.0,0.0,149.0,2.0,2.0,0.0,0.0,9999,9999,0
SLOW_MOVER,F347212,Heavy Duty Shock Absorber,HBare,,146.0,0.0,0.0,146.0,2.0,2.0,0.0,0.0,9999,9999,0
SLOW_MOVER,F347217,Heavy Duty Shock Absorber,HBare,,156.0,0.0,0.0,156.0,4.0,4.0,0.0,0.0,9999,9999,0
SLOW_MOVER,F347231,Heavy Duty Shock Absorber,HBare,,47.0,0.0,0.0,47.0,4.0,4.0,0.0,0.0,9999,9999,0
SLOW_MOVER,F347236,Heavy Duty Shock Absorber,HBare,,151.0,0.0,0.0,151.0,3.0,3.0,0.0,0.0,9999,9999,0
SLOW_MOVER,F344344,Heavy Duty Shock Absorber,HBare,,67.0,0.0,0.0,67.0,7.0,7.0,0.0,0.0,9999,9999,0
SLOW_MOVER,F347253,Heavy Duty Shock Absorber,HBare,,48.0,0.0,2.0,46.0,15.0,15.0,0.0,0.0,9999,9999,0
SLOW_MOVER,F347254,Heavy Duty Shock Absorber,HBare,,60.0,0.0,0.0,60.0,4.0,4.0,0.0,0.0,9999,9999,0
SLOW_MOVER,F347255,Heavy Duty Shock Absorber,HBare,,44.0,0.0,0.0,44.0,15.0,15.0,0.0,0.0,9999,9999,0
SLOW_MOVER,F347256,Heavy Duty Shock Absorber,HBare,,120.0,0.0,0.0,120.0,1.0,1.0,0.0,0.0,9999,9999,0
SLOW_MOVER,F347257,Heavy Duty Shock Absorber,HBare,,50.0,0.0,0.0,50.0,5.0,5.0,0.0,0.0,9999,9999,0
SLOW_MOVER,F347245,Heavy Duty Shock Absorber,HBare,,63.0,0.0,0.0,63.0,1.0,1.0,0.0,0.0,9999,9999,0
SLOW_MOVER,F343373,Heavy Duty Shock Absorber,HBare,,114.0,0.0,0.0,114.0,7.0,7.0,0.0,0.0,9999,9999,0
SLOW_MOVER,F343381,Heavy Duty Shock Absorber,HBare,,52.0,0.0,0.0,52.0,2.0,2.0,0.0,0.0,9999,9999,0
SLOW_MOVER,F347306,Heavy Duty Shock Absorber,HBare,,52.0,0.0,0.0,52.0,11.0,11.0,0.0,0.0,9999,9999,0
SLOW_MOVER,F347307,Heavy Duty Shock Absorber,HBare,,86.0,0.0,0.0,86.0,9.0,9.0,0.0,0.0,9999,9999,0
SLOW_MOVER,F347308,Heavy Duty Shock Absorber,HBare,,171.0,0.0,0.0,171.0,1.0,1.0,0.0,0.0,9999,9999,0
SLOW_MOVER,F347315,Heavy Duty Shock Absorber,HBare,,119.0,0.0,0.0,119.0,7.0,7.0,0.0,0.0,9999,9999,0
SLOW_MOVER,F343378,Heavy Duty Shock Absorber,HBare,,42.0,0.0,0.0,42.0,9.0,9.0,0.0,0.0,9999,9999,0
SLOW_MOVER,F344356,Heavy Duty Shock Absorber,HBare,,84.0,0.0,0.0,84.0,6.0,6.0,0.0,0.0,9999,9999,0
SLOW_MOVER,F347326,Heavy Duty Shock Absorber,HBare,,64.0,0.0,0.0,64.0,0.0,0.0,0.0,0.0,9999,9999,0
SLOW_MOVER,F343380,Heavy Duty Shock Absorber,HBare,,138.0,0.0,0.0,138.0,1.0,1.0,0.0,0.0,9999,9999,0
SLOW_MOVER,F347334,Heavy Duty Shock Absorber,HBare,,40.0,0.0,2.0,38.0,3.0,3.0,0.0,0.0,9999,9999,0
SLOW_MOVER,F347335,Heavy Duty Shock Absorber,HBare,,130.0,0.0,0.0,130.0,1.0,1.0,0.0,0.0,9999,9999,0
SLOW_MOVER,F347336,Heavy Duty Shock Absorber,HBare,,123.0,0.0,0.0,123.0,8.0,8.0,0.0,0.0,9999,9999,0
SLOW_MOVER,F347338,Heavy Duty Shock Absorber,HBare,,145.0,0.0,0.0,145.0,0.0,0.0,0.0,0.0,9999,9999,0
SLOW_MOVER,F347340,Heavy Duty Shock Absorber,HBare,,129.0,0.0,0.0,129.0,11.0,11.0,0.0,0.0,9999,9999,0
SLOW_MOVER,F347304,Heavy Duty Shock Absorber,HBare,,151.0,0.0,0.0,151.0,1.0,1.0,0.0,0.0,9999,9999,0
SLOW_MOVER,F344354,Heavy Duty Shock Absorber,HBare,,58.0,0.0,0.0,58.0,5.0,5.0,0.0,0.0,9999,9999,0
SLOW_MOVER,F347312,Heavy Duty Shock Absorber,HBare,,154.0,0.0,0.0,154.0,1.0,1.0,0.0,0.0,9999,9999,0
SLOW_MOVER,F347314,Heavy Duty Shock Absorber,HBare,,85.0,0.0,0.0,85.0,7.0,7.0,0.0,0.0,9999,9999,0
SLOW_MOVER,F343379,Heavy Duty Shock Absorber,HBare,,132.0,0.0,0.0,132.0,1.0,1.0,0.0,0.0,9999,9999,0
SLOW_MOVER,F347316,Heavy Duty Shock Absorber,HBare,,139.0,0.0,0.0,139.0,1.0,1.0,0.0,0.0,9999,9999,0
SLOW_MOVER,F347321,Heavy Duty Shock Absorber,HBare,,93.0,0.0,0.0,93.0,5.0,5.0,0.0,0.0,9999,9999,0
SLOW_MOVER,F346632,Heavy Duty Shock Absorber,HBare,,83.0,0.0,0.0,83.0,2.0,2.0,0.0,0.0,9999,9999,0
SLOW_MOVER,F347324,Heavy Duty Shock Absorber,HBare,,50.0,0.0,4.0,46.0,0.0,0.0,0.0,0.0,9999,9999,0
SLOW_MOVER,F347325,Heavy Duty Shock Absorber,HBare,,32.0,0.0,0.0,32.0,45.0,45.0,0.0,0.0,9999,9999,13
SLOW_MOVER,F347331,Heavy Duty Shock Absorber,HBare,,46.0,0.0,0.0,46.0,0.0,0.0,0.0,0.0,9999,9999,0
SLOW_MOVER,F347332,Heavy Duty Shock Absorber,HBare,,48.0,0.0,0.0,48.0,2.0,2.0,0.0,0.0,9999,9999,0
SLOW_MOVER,F347337,Heavy Duty Shock Absorber,HBare,,85.0,0.0,0.0,85.0,10.0,10.0,0.0,0.0,9999,9999,0
SLOW_MOVER,F347341,Heavy Duty Shock Absorber,HBare,,45.0,0.0,0.0,45.0,2.0,2.0,0.0,0.0,9999,9999,0
SLOW_MOVER,F347309,Heavy Duty Shock Absorber,HBare,,83.0,24.0,0.0,83.0,44.0,44.0,0.0,0.0,9999,9999,0
SLOW_MOVER,F347339,Heavy Duty Shock Absorber,HBare,,46.0,0.0,0.0,46.0,1.0,1.0,0.0,0.0,9999,9999,0
SLOW_MOVER,F347342,Heavy Duty Shock Absorber,HBare,,115.0,0.0,2.0,113.0,4.0,4.0,0.0,0.0,9999,9999,0
SLOW_MOVER,F347345,Heavy Duty Shock Absorber,HBare,,52.0,0.0,0.0,52.0,2.0,2.0,0.0,0.0,9999,9999,0
SLOW_MOVER,F347302,Heavy Duty Shock Absorber,HBare,,59.0,0.0,0.0,59.0,9.0,9.0,0.0,0.0,9999,9999,0
SLOW_MOVER,F347305,Heavy Duty Shock Absorber,HBare,,70.0,0.0,0.0,70.0,0.0,0.0,0.0,0.0,9999,9999,0
SLOW_MOVER,F347317,Heavy Duty Shock Absorber,HBare,,6.0,24.0,0.0,6.0,55.0,55.0,0.0,0.0,9999,9999,25
SLOW_MOVER,F347323,Heavy Duty Shock Absorber,HBare,,119.0,0.0,0.0,119.0,2.0,2.0,0.0,0.0,9999,9999,0
SLOW_MOVER,F347363,Heavy Duty Shock Absorber,HBare,,58.0,0.0,0.0,58.0,22.0,22.0,0.0,0.0,9999,9999,0
SLOW_MOVER,F347364,Heavy Duty Shock Absorber,HBare,,150.0,0.0,0.0,150.0,2.0,2.0,0.0,0.0,9999,9999,0
SLOW_MOVER,F343384,Heavy Duty Shock Absorber,HBare,,40.0,0.0,0.0,40.0,3.0,3.0,0.0,0.0,9999,9999,0
SLOW_MOVER,F344352,Heavy Duty Shock Absorber,HBare,,197.0,0.0,0.0,197.0,1.0,1.0,0.0,0.0,9999,9999,0
SLOW_MOVER,F347320,Heavy Duty Shock Absorber,HBare,,56.0,0.0,0.0,56.0,2.0,2.0,0.0,0.0,9999,9999,0
SLOW_MOVER,F347301,Heavy Duty Shock Absorber,HBare,,124.0,0.0,0.0,124.0,8.0,8.0,0.0,0.0,9999,9999,0
SLOW_MOVER,F347322,Heavy Duty Shock Absorber,HBare,,147.0,0.0,0.0,147.0,1.0,1.0,0.0,0.0,9999,9999,0
SLOW_MOVER,F347311,Heavy Duty Shock Absorber,HBare,,50.0,0.0,0.0,50.0,11.0,11.0,0.0,0.0,9999,9999,0
SLOW_MOVER,F347333,Heavy Duty Shock Absorber,HBare,,122.0,0.0,0.0,122.0,10.0,10.0,0.0,0.0,9999,9999,0
SLOW_MOVER,F347293,Heavy Duty Shock Absorber,HBare,,45.0,0.0,0.0,45.0,6.0,6.0,0.0,0.0,9999,9999,0
SLOW_MOVER,F347291,Heavy Duty Shock Absorber,HBare,,209.0,0.0,0.0,209.0,1.0,1.0,0.0,0.0,9999,9999,0
SLOW_MOVER,F347292,Heavy Duty Shock Absorber,HBare,,39.0,0.0,1.0,38.0,15.0,15.0,0.0,0.0,9999,9999,0
SLOW_MOVER,F347297,Heavy Duty Shock Absorber,HBare,,44.0,0.0,0.0,44.0,4.0,4.0,0.0,0.0,9999,9999,0
SLOW_MOVER,F347298,Heavy Duty Shock Absorber,HBare,,52.0,0.0,0.0,52.0,0.0,0.0,0.0,0.0,9999,9999,0
SLOW_MOVER,F347327,Heavy Duty Shock Absorber,HBare,,42.0,0.0,0.0,42.0,0.0,0.0,0.0,0.0,9999,9999,0
SLOW_MOVER,F347296,Heavy Duty Shock Absorber,HBare,,60.0,0.0,0.0,60.0,0.0,0.0,0.0,0.0,9999,9999,0
SLOW_MOVER,F347318,Heavy Duty Shock Absorber,HBare,,42.0,0.0,0.0,42.0,4.0,4.0,0.0,0.0,9999,9999,0
SLOW_MOVER,F347313,Heavy Duty Shock Absorber,HBare,,86.0,0.0,0.0,86.0,1.0,1.0,0.0,0.0,9999,9999,0
SLOW_MOVER,F344351,Heavy Duty Shock Absorber,HBare,,54.0,0.0,0.0,54.0,0.0,0.0,0.0,0.0,9999,9999,0
SLOW_MOVER,335569R,Strut,BARE,,8.0,0.0,0.0,8.0,5.0,5.0,0.0,0.0,9999,9999,0
SLOW_MOVER,335569L,Strut,BARE,,7.0,0.0,0.0,7.0,5.0,5.0,0.0,0.0,9999,9999,0
SLOW_MOVER,355042,Strut,BARE,,55.0,0.0,0.0,55.0,11.0,11.0,0.0,0.0,9999,9999,0
SLOW_MOVER,1331709R,Complete Strut,FCS,,66.0,0.0,0.0,66.0,3.0,3.0,0.0,0.0,9999,9999,0
SLOW_MOVER,1331709L,Complete Strut,FCS,,76.0,0.0,0.0,76.0,2.0,2.0,0.0,0.0,9999,9999,0
SLOW_MOVER,346630,Shock,BARE,,12.0,0.0,2.0,10.0,8.0,8.0,0.0,0.0,9999,9999,0
SLOW_MOVER,346650,Shock,BARE,,24.0,0.0,0.0,24.0,17.0,17.0,0.0,0.0,9999,9999,0
SLOW_MOVER,F343377,Heavy Duty Shock Absorber,HBare,,100.0,0.0,0.0,100.0,0.0,0.0,0.0,0.0,9999,9999,0
SLOW_MOVER,346649,Shock,BARE,,15.0,0.0,0.0,15.0,7.0,7.0,0.0,0.0,9999,9999,0
SLOW_MOVER,355051,Strut,BARE,,23.0,0.0,0.0,23.0,8.0,8.0,0.0,0.0,9999,9999,0
SLOW_MOVER,334055R,Strut,BARE,,17.0,0.0,0.0,17.0,4.0,4.0,0.0,0.0,9999,9999,0
SLOW_MOVER,334055L,Strut,BARE,,25.0,0.0,1.0,24.0,4.0,4.0,0.0,0.0,9999,9999,0
SLOW_MOVER,F347328,Heavy Duty Shock Absorber,HBare,,80.0,0.0,0.0,80.0,0.0,0.0,0.0,0.0,9999,9999,0
SLOW_MOVER,99086,Air Strut,Air Suspension,,31.0,0.0,0.0,31.0,6.0,6.0,0.0,0.0,9999,9999,0
SLOW_MOVER,99087,Air Strut,Air Suspension,,24.0,0.0,0.0,24.0,5.0,5.0,0.0,0.0,9999,9999,0
SLOW_MOVER,F344358,Heavy Duty Shock Absorber,HBare,,94.0,0.0,0.0,94.0,1.0,1.0,0.0,0.0,9999,9999,0
SLOW_MOVER,342308,Shock,BARE,,67.0,0.0,0.0,67.0,9.0,9.0,0.0,0.0,9999,9999,0
SLOW_MOVER,93023,Air Strut,Air Suspension,,15.0,0.0,0.0,15.0,0.0,0.0,0.0,0.0,9999,9999,0
SLOW_MOVER,334089R,Strut,BARE,,42.0,0.0,0.0,42.0,8.0,8.0,0.0,0.0,9999,9999,0
SLOW_MOVER,334002,Strut,BARE,,53.0,0.0,0.0,53.0,31.0,31.0,0.0,0.0,9999,9999,0
SLOW_MOVER,347188,Shock,BARE,,15.0,0.0,0.0,15.0,26.0,26.0,0.0,0.0,9999,9999,11
SLOW_MOVER,346591,Shock,BARE,,59.0,0.0,0.0,59.0,23.0,23.0,0.0,0.0,9999,9999,0
SLOW_MOVER,346579,Shock,BARE,,81.0,90.0,0.0,81.0,106.0,106.0,0.0,0.0,9999,9999,0
SLOW_MOVER,334107R,Strut,BARE,,49.0,0.0,1.0,48.0,22.0,22.0,0.0,0.0,9999,9999,0
SLOW_MOVER,334113L,Strut,BARE,,11.0,0.0,0.0,11.0,3.0,3.0,0.0,0.0,9999,9999,0
SLOW_MOVER,334113R,Strut,BARE,,3.0,0.0,0.0,3.0,6.0,6.0,0.0,0.0,9999,9999,3
SLOW_MOVER,334112L,Strut,BARE,,26.0,0.0,0.0,26.0,9.0,9.0,0.0,0.0,9999,9999,0
SLOW_MOVER,334112R,Strut,BARE,,17.0,0.0,0.0,17.0,13.0,13.0,0.0,0.0,9999,9999,0
SLOW_MOVER,334101L,Strut,BARE,,21.0,0.0,0.0,21.0,14.0,14.0,0.0,0.0,9999,9999,0
SLOW_MOVER,334124L,Strut,BARE,,8.0,0.0,0.0,8.0,3.0,3.0,0.0,0.0,9999,9999,0
SLOW_MOVER,Q4004,Air Spring,Air Suspension,,40.0,0.0,1.0,39.0,18.0,18.0,0.0,0.0,9999,9999,0
SLOW_MOVER,92016,Electronic Air Strut,Air Suspension,,23.0,0.0,0.0,23.0,6.0,6.0,0.0,0.0,9999,9999,0
SLOW_MOVER,93005,Air Strut,Air Suspension,,5.0,0.0,0.0,5.0,2.0,2.0,0.0,0.0,9999,9999,0
SLOW_MOVER,99053,Electronic Air Strut,Air Suspension,,19.0,0.0,1.0,18.0,5.0,5.0,0.0,0.0,9999,9999,0
SLOW_MOVER,F347352,Heavy Duty Shock Absorber,HBare,,50.0,0.0,0.0,50.0,0.0,0.0,0.0,0.0,9999,9999,0
SLOW_MOVER,Q9043,Air Spring,Air Suspension,,11.0,0.0,0.0,11.0,6.0,6.0,0.0,0.0,9999,9999,0
SLOW_MOVER,99052,Electronic Air Strut,Air Suspension,,21.0,0.0,0.0,21.0,6.0,6.0,0.0,0.0,9999,9999,0
SLOW_MOVER,Q4011,Air Spring,Air Suspension,,79.0,0.0,2.0,77.0,10.0,10.0,0.0,0.0,9999,9999,0
SLOW_MOVER,Q4028,Air Spring,Air Suspension,,37.0,0.0,0.0,37.0,16.0,16.0,0.0,0.0,9999,9999,0
SLOW_MOVER,Q9001,Air Spring,Air Suspension,,28.0,0.0,0.0,28.0,5.0,5.0,0.0,0.0,9999,9999,0
SLOW_MOVER,Q4026,Air Spring,Air Suspension,,23.0,0.0,0.0,23.0,12.0,12.0,0.0,0.0,9999,9999,0
SLOW_MOVER,Q9031,Air Spring,Air Suspension,,34.0,0.0,0.0,34.0,1.0,1.0,0.0,0.0,9999,9999,0
SLOW_MOVER,92013,Electronic Air Strut,Air Suspension,,25.0,0.0,0.0,25.0,2.0,2.0,0.0,0.0,9999,9999,0
SLOW_MOVER,92014,Electronic Air Strut,Air Suspension,,13.0,0.0,0.0,13.0,2.0,2.0,0.0,0.0,9999,9999,0
SLOW_MOVER,92005,Electronic Air Strut,Air Suspension,,11.0,0.0,0.0,11.0,21.0,21.0,0.0,0.0,9999,9999,10
SLOW_MOVER,Q4022,Air Spring,Air Suspension,,18.0,0.0,0.0,18.0,2.0,2.0,0.0,0.0,9999,9999,0
SLOW_MOVER,Q9044,Air Spring,Air Suspension,,15.0,0.0,0.0,15.0,2.0,2.0,0.0,0.0,9999,9999,0
SLOW_MOVER,Q9032,Air Spring,Air Suspension,,19.0,0.0,0.0,19.0,2.0,2.0,0.0,0.0,9999,9999,0
SLOW_MOVER,Q4002,Air Spring,Air Suspension,,24.0,0.0,0.0,24.0,14.0,14.0,0.0,0.0,9999,9999,0
SLOW_MOVER,F346636,Heavy Duty Shock Absorber,HBare,,49.0,0.0,0.0,49.0,1.0,1.0,0.0,0.0,9999,9999,0
SLOW_MOVER,F347330,Heavy Duty Shock Absorber,HBare,,50.0,0.0,0.0,50.0,0.0,0.0,0.0,0.0,9999,9999,0
SLOW_MOVER,KY021,Air Compressor,Air Suspension,,24.0,0.0,0.0,24.0,6.0,6.0,0.0,0.0,9999,9999,0
SLOW_MOVER,KY008,Air Compressor,Air Suspension,,23.0,0.0,0.0,23.0,1.0,1.0,0.0,0.0,9999,9999,0
SLOW_MOVER,F347355,Heavy Duty Shock Absorber,HBare,,50.0,0.0,0.0,50.0,0.0,0.0,0.0,0.0,9999,9999,0
SLOW_MOVER,93014,Air Strut,Air Suspension,,27.0,0.0,0.0,27.0,6.0,6.0,0.0,0.0,9999,9999,0
SLOW_MOVER,92019,Electronic Air Strut,Air Suspension,,17.0,0.0,0.0,17.0,12.0,12.0,0.0,0.0,9999,9999,0
SLOW_MOVER,93007,Air Strut,Air Suspension,,20.0,0.0,1.0,19.0,8.0,8.0,0.0,0.0,9999,9999,0
SLOW_MOVER,93006,Air Strut,Air Suspension,,10.0,0.0,0.0,10.0,2.0,2.0,0.0,0.0,9999,9999,0
SLOW_MOVER,Q9023,Air Spring,Air Suspension,,10.0,0.0,0.0,10.0,1.0,1.0,0.0,0.0,9999,9999,0
SLOW_MOVER,Q9012,Air Spring,Air Suspension,,13.0,0.0,0.0,13.0,4.0,4.0,0.0,0.0,9999,9999,0
SLOW_MOVER,Q9011,Air Spring,Air Suspension,,9.0,0.0,0.0,9.0,6.0,6.0,0.0,0.0,9999,9999,0
SLOW_MOVER,93013,Air Suspension,Air Suspension,,6.0,0.0,0.0,6.0,0.0,0.0,0.0,0.0,9999,9999,0
SLOW_MOVER,99077,Electronic Air Strut,Air Suspension,,18.0,0.0,0.0,18.0,12.0,12.0,0.0,0.0,9999,9999,0
SLOW_MOVER,99076,Electronic Air Strut,Air Suspension,,30.0,0.0,0.0,30.0,12.0,12.0,0.0,0.0,9999,9999,0
SLOW_MOVER,Q4021,Air Spring,Air Suspension,,12.0,0.0,0.0,12.0,3.0,3.0,0.0,0.0,9999,9999,0
SLOW_MOVER,Q4023,Air Spring,Air Suspension,,19.0,0.0,0.0,19.0,2.0,2.0,0.0,0.0,9999,9999,0
SLOW_MOVER,Q4024,Air Spring,Air Suspension,,22.0,0.0,0.0,22.0,2.0,2.0,0.0,0.0,9999,9999,0
SLOW_MOVER,KY019,Air Compressor,Air Suspension,,14.0,0.0,1.0,13.0,7.0,7.0,0.0,0.0,9999,9999,0
SLOW_MOVER,Q4031,Air Spring,Air Suspension,,13.0,0.0,0.0,13.0,5.0,5.0,0.0,0.0,9999,9999,0
SLOW_MOVER,Q4032,Air Spring,Air Suspension,,20.0,0.0,0.0,20.0,1.0,1.0,0.0,0.0,9999,9999,0
SLOW_MOVER,Q4033,Air Spring,Air Suspension,,20.0,0.0,0.0,20.0,1.0,1.0,0.0,0.0,9999,9999,0
SLOW_MOVER,92035,Electronic Air Strut,Air Suspension,,6.0,0.0,0.0,6.0,3.0,3.0,0.0,0.0,9999,9999,0
SLOW_MOVER,Q4037,Air Spring,Air Suspension,,18.0,0.0,0.0,18.0,1.0,1.0,0.0,0.0,9999,9999,0
SLOW_MOVER,92036,Electronic Air Strut,Air Suspension,,14.0,0.0,0.0,14.0,3.0,3.0,0.0,0.0,9999,9999,0
SLOW_MOVER,KY018,Air Compressor,Air Suspension,,24.0,0.0,0.0,24.0,7.0,7.0,0.0,0.0,9999,9999,0
SLOW_MOVER,MV003,Solenoid Valve,Air Suspension,,18.0,0.0,3.0,15.0,6.0,6.0,0.0,0.0,9999,9999,0
SLOW_MOVER,HS016,Susp. Ride Sensor,Air Suspension,,44.0,0.0,0.0,44.0,5.0,5.0,0.0,0.0,9999,9999,0
SLOW_MOVER,HS017,Susp. Ride Sensor,Air Suspension,,43.0,0.0,0.0,43.0,6.0,6.0,0.0,0.0,9999,9999,0
SLOW_MOVER,HS018,Susp. Ride Sensor,Air Suspension,,11.0,0.0,0.0,11.0,3.0,3.0,0.0,0.0,9999,9999,0
SLOW_MOVER,HS003,Susp. Ride Sensor,Air Suspension,,18.0,0.0,0.0,18.0,1.0,1.0,0.0,0.0,9999,9999,0
SLOW_MOVER,92044,Electronic Air Strut,Air Suspension,,13.0,0.0,0.0,13.0,6.0,6.0,0.0,0.0,9999,9999,0
SLOW_MOVER,92043,Electronic Air Strut,Air Suspension,,13.0,0.0,0.0,13.0,3.0,3.0,0.0,0.0,9999,9999,0
SLOW_MOVER,93016,Air Strut,Air Suspension,,30.0,0.0,0.0,30.0,8.0,8.0,0.0,0.0,9999,9999,0
SLOW_MOVER,92001,Electronic Air Strut,Air Suspension,,14.0,0.0,0.0,14.0,2.0,2.0,0.0,0.0,9999,9999,0
SLOW_MOVER,92045,Electronic Air Strut,Air Suspension,,3.0,0.0,0.0,3.0,1.0,1.0,0.0,0.0,9999,9999,0
SLOW_MOVER,92041,Electronic Air Strut,Air Suspension,,2.0,0.0,0.0,2.0,0.0,0.0,0.0,0.0,9999,9999,0
SLOW_MOVER,92042,Electronic Air Strut,Air Suspension,,2.0,0.0,0.0,2.0,0.0,0.0,0.0,0.0,9999,9999,0
SLOW_MOVER,92047,Electronic Air Strut,Air Suspension,,3.0,0.0,0.0,3.0,0.0,0.0,0.0,0.0,9999,9999,0
SLOW_MOVER,92048,Electronic Air Strut,Air Suspension,,3.0,0.0,0.0,3.0,0.0,0.0,0.0,0.0,9999,9999,0
SLOW_MOVER,93021,Electronic Air Strut,Air Suspension,,33.0,0.0,0.0,33.0,5.0,5.0,0.0,0.0,9999,9999,0
SLOW_MOVER,94012,Magnetic Air Shock,Air Suspension,,16.0,0.0,0.0,16.0,2.0,2.0,0.0,0.0,9999,9999,0
SLOW_MOVER,94017,Electronic Complete Strut,Air Suspension,,19.0,0.0,0.0,19.0,4.0,4.0,0.0,0.0,9999,9999,0
SLOW_MOVER,94018,Electronic Complete Strut,Air Suspension,,19.0,0.0,0.0,19.0,5.0,5.0,0.0,0.0,9999,9999,0
SLOW_MOVER,94020,Electronic Shock Assy,Air Suspension,,22.0,0.0,0.0,22.0,5.0,5.0,0.0,0.0,9999,9999,0
SLOW_MOVER,94022,Electronic Shock Assy,Air Suspension,,28.0,0.0,0.0,28.0,3.0,3.0,0.0,0.0,9999,9999,0
SLOW_MOVER,KY029,Air Compressor,Air Suspension,,13.0,0.0,0.0,13.0,0.0,0.0,0.0,0.0,9999,9999,0
SLOW_MOVER,KY030,Air Compressor,Air Suspension,,2.0,0.0,0.0,2.0,1.0,1.0,0.0,0.0,9999,9999,0
SLOW_MOVER,KY034,Air Compressor,Air Suspension,,12.0,0.0,0.0,12.0,1.0,1.0,0.0,0.0,9999,9999,0
SLOW_MOVER,KY036,Air Compressor,Air Suspension,,88.0,0.0,0.0,88.0,5.0,5.0,0.0,0.0,9999,9999,0
SLOW_MOVER,94011,Magnetic Strut,Air Suspension,,18.0,0.0,0.0,18.0,2.0,2.0,0.0,0.0,9999,9999,0
SLOW_MOVER,Q4041,Air Spring,Air Suspension,,16.0,0.0,0.0,16.0,1.0,1.0,0.0,0.0,9999,9999,0
SLOW_MOVER,KY025,Air Compressor,Air Suspension,,2.0,0.0,0.0,2.0,0.0,0.0,0.0,0.0,9999,9999,0
SLOW_MOVER,KY026,Air Compressor,Air Suspension,,9.0,0.0,0.0,9.0,1.0,1.0,0.0,0.0,9999,9999,0
SLOW_MOVER,KY027,Air Compressor,Air Suspension,,3.0,0.0,0.0,3.0,0.0,0.0,0.0,0.0,9999,9999,0
SLOW_MOVER,Q4044,Air Spring,Air Suspension,,15.0,0.0,0.0,15.0,1.0,1.0,0.0,0.0,9999,9999,0
SLOW_MOVER,Q4043,Air Spring,Air Suspension,,14.0,0.0,0.0,14.0,1.0,1.0,0.0,0.0,9999,9999,0
SLOW_MOVER,KY028,Air Compressor,Air Suspension,,12.0,0.0,0.0,12.0,1.0,1.0,0.0,0.0,9999,9999,0
SLOW_MOVER,KY031,Air Compressor,Air Suspension,,11.0,0.0,0.0,11.0,1.0,1.0,0.0,0.0,9999,9999,0
SLOW_MOVER,KY035,Air Compressor,Air Suspension,,9.0,0.0,0.0,9.0,1.0,1.0,0.0,0.0,9999,9999,0
SLOW_MOVER,F347424,Heavy Duty Shock Absorber,HBare,,40.0,0.0,0.0,40.0,0.0,0.0,0.0,0.0,9999,9999,0
SLOW_MOVER,F347425,Heavy Duty Shock Absorber,HBare,,48.0,0.0,0.0,48.0,0.0,0.0,0.0,0.0,9999,9999,0
SLOW_MOVER,F347426,Heavy Duty Shock Absorber,HBare,,48.0,0.0,0.0,48.0,2.0,2.0,0.0,0.0,9999,9999,0
SLOW_MOVER,F344363,Heavy Duty Shock Absorber,HBare,,54.0,0.0,0.0,54.0,12.0,12.0,0.0,0.0,9999,9999,0
SLOW_MOVER,F347407,Heavy Duty Shock Absorber,HBare,,92.0,0.0,0.0,92.0,5.0,5.0,0.0,0.0,9999,9999,0
SLOW_MOVER,F347427,Heavy Duty Shock Absorber,HBare,,50.0,0.0,0.0,50.0,0.0,0.0,0.0,0.0,9999,9999,0
SLOW_MOVER,F347428,Heavy Duty Shock Absorber,HBare,,45.0,42.0,0.0,45.0,40.0,40.0,0.0,0.0,9999,9999,0
SLOW_MOVER,F347430,Heavy Duty Shock Absorber,HBare,,44.0,0.0,2.0,42.0,12.0,12.0,0.0,0.0,9999,9999,0
SLOW_MOVER,F347431,Heavy Duty Shock Absorber,HBare,,52.0,0.0,0.0,52.0,1.0,1.0,0.0,0.0,9999,9999,0
SLOW_MOVER,8346745,Complete Strut,FCS,,13.0,0.0,5.0,8.0,19.0,19.0,0.0,0.0,9999,9999,11
SLOW_MOVER,346146,Shock,BARE,,17.0,0.0,0.0,17.0,8.0,8.0,0.0,0.0,9999,9999,0
SLOW_MOVER,93025,Air Strut,Air Suspension,,40.0,0.0,0.0,40.0,8.0,8.0,0.0,0.0,9999,9999,0
SLOW_MOVER,93024,Air Strut,Air Suspension,,17.0,0.0,0.0,17.0,0.0,0.0,0.0,0.0,9999,9999,0
SLOW_MOVER,93026,Air Strut,Air Suspension,,14.0,0.0,0.0,14.0,0.0,0.0,0.0,0.0,9999,9999,0
SLOW_MOVER,335593,Strut,BARE,,38.0,0.0,0.0,38.0,1.0,1.0,0.0,0.0,9999,9999,0
SLOW_MOVER,342568,Shock,BARE,,5.0,0.0,0.0,5.0,1.0,1.0,0.0,0.0,9999,9999,0
SLOW_MOVER,346588,Shock,BARE,,19.0,0.0,0.0,19.0,28.0,28.0,0.0,0.0,9999,9999,9
SLOW_MOVER,355023,Strut,BARE,,270.0,0.0,0.0,270.0,87.0,87.0,0.0,0.0,9999,9999,0
SLOW_MOVER,333482,Strut,BARE,,28.0,0.0,0.0,28.0,13.0,13.0,0.0,0.0,9999,9999,0
SLOW_MOVER,355106,Strut,BARE,,123.0,0.0,0.0,123.0,15.0,15.0,0.0,0.0,9999,9999,0
SLOW_MOVER,342446,Shock,BARE,,31.0,0.0,0.0,31.0,2.0,2.0,0.0,0.0,9999,9999,0
SLOW_MOVER,93022,Air Strut,Air Suspension,,36.0,0.0,0.0,36.0,2.0,2.0,0.0,0.0,9999,9999,0
SLOW_MOVER,355107,Strut,BARE,,118.0,0.0,0.0,118.0,14.0,14.0,0.0,0.0,9999,9999,0
SLOW_MOVER,334234L,Strut,BARE,,35.0,0.0,0.0,35.0,2.0,2.0,0.0,0.0,9999,9999,0
SLOW_MOVER,334234R,Strut,BARE,,32.0,0.0,0.0,32.0,5.0,5.0,0.0,0.0,9999,9999,0
SLOW_MOVER,355069,Strut,BARE,,24.0,0.0,0.0,24.0,7.0,7.0,0.0,0.0,9999,9999,0
SLOW_MOVER,SC00049,Complete Strut,FCS,,140.0,0.0,0.0,140.0,1.0,1.0,0.0,0.0,9999,9999,0
SLOW_MOVER,F343383,HD Shock Absorber,HBare,,122.0,0.0,0.0,122.0,11.0,11.0,0.0,0.0,9999,9999,0
SLOW_MOVER,F347349,HD Shock Absorber,HBare,,150.0,0.0,0.0,150.0,0.0,0.0,0.0,0.0,9999,9999,0
SLOW_MOVER,F347354,Heavy Duty Shock Absorber,HBare,,147.0,0.0,0.0,147.0,2.0,2.0,0.0,0.0,9999,9999,0
SLOW_MOVER,F347460,HD Shock Absorber,HBare,,124.0,0.0,2.0,122.0,4.0,4.0,0.0,0.0,9999,9999,0
SLOW_MOVER,F347461,HD Shock Absorber,HBare,,64.0,0.0,4.0,60.0,54.0,54.0,0.0,0.0,9999,9999,0
SLOW_MOVER,2345481R,Complete Strut,FCS,,181.0,0.0,1.0,180.0,15.0,15.0,0.0,0.0,9999,9999,0
SLOW_MOVER,2345481L,Complete Strut,FCS,,183.0,0.0,1.0,182.0,14.0,14.0,0.0,0.0,9999,9999,0
SLOW_MOVER,94013,Electronic Shock Assy,Air Suspension,,17.0,0.0,0.0,17.0,5.0,5.0,0.0,0.0,9999,9999,0
SLOW_MOVER,94014,Electronic Shock Assy,Air Suspension,,18.0,0.0,0.0,18.0,3.0,3.0,0.0,0.0,9999,9999,0
SLOW_MOVER,226325,Shock,BARE,,42.0,0.0,0.0,42.0,3.0,3.0,0.0,0.0,9999,9999,0
SLOW_MOVER,226324,Shock,BARE,,33.0,0.0,0.0,33.0,22.0,22.0,0.0,0.0,9999,9999,0
SLOW_MOVER,347489,Shock,BARE,,199.0,0.0,0.0,199.0,16.0,16.0,0.0,0.0,9999,9999,0
SLOW_MOVER,355133,Strut,BARE,,232.0,0.0,0.0,232.0,1.0,1.0,0.0,0.0,9999,9999,0
SLOW_MOVER,337161,Strut,BARE,,133.0,0.0,0.0,133.0,3.0,3.0,0.0,0.0,9999,9999,0
SLOW_MOVER,337162,Strut,BARE,,124.0,0.0,0.0,124.0,14.0,14.0,0.0,0.0,9999,9999,0
SLOW_MOVER,334305R,Strut,BARE,,51.0,0.0,0.0,51.0,10.0,10.0,0.0,0.0,9999,9999,0
SLOW_MOVER,334305L,Strut,BARE,,52.0,0.0,0.0,52.0,9.0,9.0,0.0,0.0,9999,9999,0
SLOW_MOVER,F347499,Heavy Duty Shock Absorber,HBare,,46.0,0.0,0.0,46.0,1.0,1.0,0.0,0.0,9999,9999,0
SLOW_MOVER,F347503,Heavy Duty Shock Absorber,HBare,,62.0,0.0,0.0,62.0,0.0,0.0,0.0,0.0,9999,9999,0
SLOW_MOVER,F346857,Heavy Duty Shock Absorber,HBare,,50.0,0.0,0.0,50.0,0.0,0.0,0.0,0.0,9999,9999,0
SLOW_MOVER,F347350,Heavy Duty Shock Absorber,HBare,,50.0,0.0,0.0,50.0,0.0,0.0,0.0,0.0,9999,9999,0
SLOW_MOVER,8346858,Complete Strut,FCS,,46.0,0.0,1.0,45.0,6.0,6.0,0.0,0.0,9999,9999,0
SLOW_MOVER,F442858,Heavy Duty Shock Absorber,HBare,,50.0,0.0,0.0,50.0,0.0,0.0,0.0,0.0,9999,9999,0
SLOW_MOVER,80024,Lift Support,CLIFT SUPPORT,,43.0,0.0,0.0,43.0,1.0,1.0,0.0,0.0,9999,9999,0
SLOW_MOVER,80019,Lift Support,CLIFT SUPPORT,,35.0,0.0,0.0,35.0,10.0,10.0,0.0,0.0,9999,9999,0
SLOW_MOVER,80023,Lift Support,CLIFT SUPPORT,,64.0,0.0,0.0,64.0,15.0,15.0,0.0,0.0,9999,9999,0
SLOW_MOVER,80028,Lift Support,CLIFT SUPPORT,,48.0,0.0,0.0,48.0,0.0,0.0,0.0,0.0,9999,9999,0
SLOW_MOVER,80017R,Lift Support,CLIFT SUPPORT,,46.0,0.0,0.0,46.0,1.0,1.0,0.0,0.0,9999,9999,0
SLOW_MOVER,94023,Electronic Shock Assy,Air Suspension,,58.0,0.0,1.0,57.0,22.0,22.0,0.0,0.0,9999,9999,0
SLOW_MOVER,95021,Air Suspension,Air Suspension,,10.0,0.0,0.0,10.0,0.0,0.0,0.0,0.0,9999,9999,0
SLOW_MOVER,95048,Air Conv. Kit,Air Suspension,,15.0,0.0,0.0,15.0,6.0,6.0,0.0,0.0,9999,9999,0
SLOW_MOVER,95052,Air Suspension,Air Suspension,,10.0,0.0,0.0,10.0,0.0,0.0,0.0,0.0,9999,9999,0
SLOW_MOVER,95017,Air Suspension,Air Suspension,,10.0,0.0,0.0,10.0,0.0,0.0,0.0,0.0,9999,9999,0
SLOW_MOVER,95022,Air Suspension,Air Suspension,,10.0,0.0,0.0,10.0,0.0,0.0,0.0,0.0,9999,9999,0
SLOW_MOVER,95020,Air Suspension,Air Suspension,,20.0,0.0,0.0,20.0,0.0,0.0,0.0,0.0,9999,9999,0
SLOW_MOVER,95058,Air Suspension,Air Suspension,,20.0,0.0,0.0,20.0,0.0,0.0,0.0,0.0,9999,9999,0
SLOW_MOVER,331829L,Strut,BARE,,40.0,0.0,0.0,40.0,2.0,2.0,0.0,0.0,9999,9999,0
SLOW_MOVER,331829R,Strut,BARE,,41.0,0.0,0.0,41.0,1.0,1.0,0.0,0.0,9999,9999,0
SLOW_MOVER,333732L,Strut,BARE,,51.0,0.0,0.0,51.0,11.0,11.0,0.0,0.0,9999,9999,0
SLOW_MOVER,333732R,Strut,BARE,,31.0,0.0,0.0,31.0,12.0,12.0,0.0,0.0,9999,9999,0
SLOW_MOVER,334019L,Strut,BARE,,23.0,0.0,1.0,22.0,18.0,18.0,0.0,0.0,9999,9999,0
SLOW_MOVER,334019R,Strut,BARE,,29.0,0.0,1.0,28.0,18.0,18.0,0.0,0.0,9999,9999,0
SLOW_MOVER,DT346898,Shock,BARE,,115.0,0.0,0.0,115.0,6.0,6.0,0.0,0.0,9999,9999,0
SLOW_MOVER,347140,Shock,BARE,,50.0,0.0,0.0,50.0,5.0,5.0,0.0,0.0,9999,9999,0
SLOW_MOVER,355155,Strut,BARE,,64.0,0.0,0.0,64.0,6.0,6.0,0.0,0.0,9999,9999,0
SLOW_MOVER,334410L,Strut,BARE,,87.0,0.0,0.0,87.0,4.0,4.0,0.0,0.0,9999,9999,0
SLOW_MOVER,95010,Air Conv. Kit,Air Suspension,,29.0,0.0,0.0,29.0,15.0,15.0,0.0,0.0,9999,9999,0
SLOW_MOVER,333728L,Strut,BARE,,50.0,0.0,0.0,50.0,0.0,0.0,0.0,0.0,9999,9999,0
SLOW_MOVER,333728R,Strut,BARE,,50.0,0.0,0.0,50.0,0.0,0.0,0.0,0.0,9999,9999,0
SLOW_MOVER,346289,Shock,BARE,,45.0,0.0,0.0,45.0,11.0,11.0,0.0,0.0,9999,9999,0
SLOW_MOVER,346606,Shock,BARE,,65.0,0.0,3.0,62.0,37.0,37.0,0.0,0.0,9999,9999,0
SLOW_MOVER,346816,Shock,BARE,,93.0,0.0,0.0,93.0,1.0,1.0,0.0,0.0,9999,9999,0
SLOW_MOVER,347533,Shock,BARE,,109.0,0.0,0.0,109.0,5.0,5.0,0.0,0.0,9999,9999,0
SLOW_MOVER,355159,Strut,BARE,,63.0,0.0,0.0,63.0,15.0,15.0,0.0,0.0,9999,9999,0
SLOW_MOVER,334416R,Strut,BARE,,87.0,0.0,0.0,87.0,2.0,2.0,0.0,0.0,9999,9999,0
SLOW_MOVER,334416L,Strut,BARE,,88.0,0.0,0.0,88.0,1.0,1.0,0.0,0.0,9999,9999,0
SLOW_MOVER,347547,Shock,BARE,,170.0,0.0,0.0,170.0,3.0,3.0,0.0,0.0,9999,9999,0
SLOW_MOVER,333861R,Strut,BARE,,34.0,0.0,0.0,34.0,10.0,10.0,0.0,0.0,9999,9999,0
SLOW_MOVER,333861L,Strut,BARE,,32.0,0.0,0.0,32.0,10.0,10.0,0.0,0.0,9999,9999,0
SLOW_MOVER,F347548,HD Shock Absorber,HBare,,56.0,0.0,0.0,56.0,5.0,5.0,0.0,0.0,9999,9999,0
SLOW_MOVER,F347551,HD Shock Absorber,HBare,,46.0,0.0,0.0,46.0,0.0,0.0,0.0,0.0,9999,9999,0
SLOW_MOVER,331831L,Strut,BARE,,8.0,0.0,0.0,8.0,8.0,8.0,0.0,0.0,9999,9999,0
SLOW_MOVER,331831R,Strut,BARE,,6.0,0.0,0.0,6.0,9.0,9.0,0.0,0.0,9999,9999,3
SLOW_MOVER,334236L,Strut,BARE,,58.0,0.0,0.0,58.0,6.0,6.0,0.0,0.0,9999,9999,0
SLOW_MOVER,334000R,Strut,BARE,,12.0,0.0,0.0,12.0,0.0,0.0,0.0,0.0,9999,9999,0
SLOW_MOVER,337133,Strut,BARE,,6.0,0.0,0.0,6.0,3.0,3.0,0.0,0.0,9999,9999,0
SLOW_MOVER,333797,Strut,BARE,,10.0,0.0,0.0,10.0,16.0,16.0,0.0,0.0,9999,9999,6
SLOW_MOVER,335404R,Strut,BARE,,64.0,0.0,0.0,64.0,3.0,3.0,0.0,0.0,9999,9999,0
SLOW_MOVER,334000L,Strut,BARE,,10.0,0.0,0.0,10.0,0.0,0.0,0.0,0.0,9999,9999,0
SLOW_MOVER,334236R,Strut,BARE,,64.0,0.0,0.0,64.0,2.0,2.0,0.0,0.0,9999,9999,0
SLOW_MOVER,335404L,Strut,BARE,,64.0,0.0,0.0,64.0,0.0,0.0,0.0,0.0,9999,9999,0
SLOW_MOVER,331577L,Strut,BARE,,115.0,0.0,0.0,115.0,4.0,4.0,0.0,0.0,9999,9999,0
SLOW_MOVER,333535,Strut,BARE,,32.0,0.0,0.0,32.0,6.0,6.0,0.0,0.0,9999,9999,0
SLOW_MOVER,333887,Strut,BARE,,8.0,0.0,0.0,8.0,4.0,4.0,0.0,0.0,9999,9999,0
SLOW_MOVER,337049,Strut,BARE,,96.0,0.0,0.0,96.0,56.0,56.0,0.0,0.0,9999,9999,0
SLOW_MOVER,331577R,Strut,BARE,,114.0,0.0,0.0,114.0,4.0,4.0,0.0,0.0,9999,9999,0
SLOW_MOVER,335002,Strut,BARE,,6.0,0.0,0.0,6.0,5.0,5.0,0.0,0.0,9999,9999,0
SLOW_MOVER,334420L,Strut,BARE,,84.0,0.0,1.0,83.0,6.0,6.0,0.0,0.0,9999,9999,0
SLOW_MOVER,334420R,Strut,BARE,,88.0,0.0,0.0,88.0,3.0,3.0,0.0,0.0,9999,9999,0
SLOW_MOVER,341884,Shock,BARE,,19.0,0.0,0.0,19.0,1.0,1.0,0.0,0.0,9999,9999,0
SLOW_MOVER,342960,Shock,BARE,,19.0,0.0,0.0,19.0,1.0,1.0,0.0,0.0,9999,9999,0
SLOW_MOVER,331722,Strut,BARE,,15.0,0.0,0.0,15.0,3.0,3.0,0.0,0.0,9999,9999,0
SLOW_MOVER,333364,Strut,BARE,,7.0,0.0,0.0,7.0,0.0,0.0,0.0,0.0,9999,9999,0
SLOW_MOVER,333895,Strut,BARE,,5.0,0.0,0.0,5.0,3.0,3.0,0.0,0.0,9999,9999,0
SLOW_MOVER,335045,Strut,BARE,,68.0,0.0,0.0,68.0,20.0,20.0,0.0,0.0,9999,9999,0
SLOW_MOVER,335375,Strut,BARE,,6.0,0.0,0.0,6.0,3.0,3.0,0.0,0.0,9999,9999,0
SLOW_MOVER,335537,Strut,BARE,,8.0,0.0,0.0,8.0,0.0,0.0,0.0,0.0,9999,9999,0
SLOW_MOVER,335590,Strut,BARE,,2.0,0.0,0.0,2.0,0.0,0.0,0.0,0.0,9999,9999,0
SLOW_MOVER,335591,Strut,BARE,,203.0,0.0,0.0,203.0,4.0,4.0,0.0,0.0,9999,9999,0
SLOW_MOVER,337085,Strut,BARE,,84.0,0.0,0.0,84.0,15.0,15.0,0.0,0.0,9999,9999,0
SLOW_MOVER,341661,Shock,BARE,,10.0,0.0,0.0,10.0,0.0,0.0,0.0,0.0,9999,9999,0
SLOW_MOVER,341666,Shock,BARE,,8.0,0.0,0.0,8.0,0.0,0.0,0.0,0.0,9999,9999,0
SLOW_MOVER,341673,Shock,BARE,,10.0,0.0,0.0,10.0,0.0,0.0,0.0,0.0,9999,9999,0
SLOW_MOVER,341763,Shock,BARE,,10.0,0.0,0.0,10.0,0.0,0.0,0.0,0.0,9999,9999,0
SLOW_MOVER,342386,Shock,BARE,,10.0,0.0,0.0,10.0,0.0,0.0,0.0,0.0,9999,9999,0
SLOW_MOVER,342447,Shock,BARE,,9.0,0.0,0.0,9.0,0.0,0.0,0.0,0.0,9999,9999,0
SLOW_MOVER,342578,Shock,BARE,,14.0,0.0,0.0,14.0,1.0,1.0,0.0,0.0,9999,9999,0
SLOW_MOVER,342579,Shock,BARE,,8.0,0.0,0.0,8.0,0.0,0.0,0.0,0.0,9999,9999,0
SLOW_MOVER,342589,Shock,BARE,,10.0,0.0,0.0,10.0,8.0,8.0,0.0,0.0,9999,9999,0
SLOW_MOVER,342594,Shock,BARE,,8.0,0.0,0.0,8.0,0.0,0.0,0.0,0.0,9999,9999,0
SLOW_MOVER,342744,Shock,BARE,,9.0,0.0,0.0,9.0,19.0,19.0,0.0,0.0,9999,9999,10
SLOW_MOVER,342747,Shock,BARE,,61.0,0.0,0.0,61.0,3.0,3.0,0.0,0.0,9999,9999,0
SLOW_MOVER,342860,Shock,BARE,,10.0,0.0,0.0,10.0,0.0,0.0,0.0,0.0,9999,9999,0
SLOW_MOVER,345670,Strut,BARE,,187.0,0.0,0.0,187.0,7.0,7.0,0.0,0.0,9999,9999,0
SLOW_MOVER,346581,Shock,BARE,,8.0,0.0,0.0,8.0,8.0,8.0,0.0,0.0,9999,9999,0
SLOW_MOVER,347019,Shock,BARE,,12.0,0.0,0.0,12.0,3.0,3.0,0.0,0.0,9999,9999,0
SLOW_MOVER,347055,Shock,BARE,,13.0,0.0,0.0,13.0,3.0,3.0,0.0,0.0,9999,9999,0
SLOW_MOVER,347191,Shock,BARE,,7.0,0.0,0.0,7.0,3.0,3.0,0.0,0.0,9999,9999,0
SLOW_MOVER,347282,Shock,BARE,,9.0,0.0,0.0,9.0,1.0,1.0,0.0,0.0,9999,9999,0
SLOW_MOVER,347399,Shock,BARE,,7.0,0.0,0.0,7.0,4.0,4.0,0.0,0.0,9999,9999,0
SLOW_MOVER,355021,Strut,BARE,,6.0,0.0,0.0,6.0,1.0,1.0,0.0,0.0,9999,9999,0
SLOW_MOVER,355022,Strut,BARE,,7.0,0.0,0.0,7.0,1.0,1.0,0.0,0.0,9999,9999,0
SLOW_MOVER,355024,Strut,BARE,,18.0,0.0,0.0,18.0,1.0,1.0,0.0,0.0,9999,9999,0
SLOW_MOVER,441562,Shock,BARE,,6.0,0.0,0.0,6.0,0.0,0.0,0.0,0.0,9999,9999,0
SLOW_MOVER,442364,Shock,BARE,,5.0,0.0,0.0,5.0,1.0,1.0,0.0,0.0,9999,9999,0
SLOW_MOVER,445401,Strut,BARE,,6.0,0.0,0.0,6.0,1.0,1.0,0.0,0.0,9999,9999,0
SLOW_MOVER,631079,Strut,BARE,,26.0,0.0,0.0,26.0,0.0,0.0,0.0,0.0,9999,9999,0
SLOW_MOVER,631517,Strut,BARE,,18.0,0.0,0.0,18.0,1.0,1.0,0.0,0.0,9999,9999,0
SLOW_MOVER,331147L,Strut,BARE,,12.0,0.0,0.0,12.0,0.0,0.0,0.0,0.0,9999,9999,0
SLOW_MOVER,331147R,Strut,BARE,,6.0,0.0,0.0,6.0,0.0,0.0,0.0,0.0,9999,9999,0
SLOW_MOVER,331841L,Strut,BARE,,7.0,0.0,0.0,7.0,7.0,7.0,0.0,0.0,9999,9999,0
SLOW_MOVER,331841R,Strut,BARE,,31.0,0.0,0.0,31.0,5.0,5.0,0.0,0.0,9999,9999,0
SLOW_MOVER,333661L,Strut,BARE,,9.0,0.0,0.0,9.0,1.0,1.0,0.0,0.0,9999,9999,0
SLOW_MOVER,333661R,Strut,BARE,,15.0,0.0,0.0,15.0,0.0,0.0,0.0,0.0,9999,9999,0
SLOW_MOVER,333998L,Strut,BARE,,8.0,0.0,0.0,8.0,0.0,0.0,0.0,0.0,9999,9999,0
SLOW_MOVER,333998R,Strut,BARE,,8.0,0.0,0.0,8.0,0.0,0.0,0.0,0.0,9999,9999,0
SLOW_MOVER,335614L,Strut,BARE,,11.0,0.0,0.0,11.0,0.0,0.0,0.0,0.0,9999,9999,0
SLOW_MOVER,335614R,Strut,BARE,,10.0,0.0,0.0,10.0,0.0,0.0,0.0,0.0,9999,9999,0
SLOW_MOVER,341920L,Strut,BARE,,11.0,0.0,0.0,11.0,16.0,16.0,0.0,0.0,9999,9999,5
SLOW_MOVER,341920R,Strut,BARE,,11.0,0.0,0.0,11.0,15.0,15.0,0.0,0.0,9999,9999,4
SLOW_MOVER,334299L,Strut,BARE,,31.0,0.0,0.0,31.0,9.0,9.0,0.0,0.0,9999,9999,0
SLOW_MOVER,334299R,Strut,BARE,,39.0,0.0,0.0,39.0,3.0,3.0,0.0,0.0,9999,9999,0
SLOW_MOVER,346933,Shock,BARE,,47.0,0.0,0.0,47.0,7.0,7.0,0.0,0.0,9999,9999,0
SLOW_MOVER,334009R,Strut,BARE,,34.0,0.0,0.0,34.0,5.0,5.0,0.0,0.0,9999,9999,0
SLOW_MOVER,334009L,Strut,BARE,,39.0,0.0,0.0,39.0,5.0,5.0,0.0,0.0,9999,9999,0
SLOW_MOVER,346960,Shock,BARE,,9.0,0.0,0.0,9.0,2.0,2.0,0.0,0.0,9999,9999,0
SLOW_MOVER,346959,Shock,BARE,,100.0,0.0,0.0,100.0,8.0,8.0,0.0,0.0,9999,9999,0
SLOW_MOVER,347552,Shock,BARE,,9.0,0.0,0.0,9.0,3.0,3.0,0.0,0.0,9999,9999,0
SLOW_MOVER,346961,Shock,BARE,,84.0,0.0,0.0,84.0,13.0,13.0,0.0,0.0,9999,9999,0
SLOW_MOVER,333898,Strut,BARE,,46.0,0.0,0.0,46.0,15.0,15.0,0.0,0.0,9999,9999,0
SLOW_MOVER,334417L,Strut,BARE,,55.0,0.0,0.0,55.0,16.0,16.0,0.0,0.0,9999,9999,0
SLOW_MOVER,334417R,Strut,BARE,,36.0,0.0,0.0,36.0,13.0,13.0,0.0,0.0,9999,9999,0
SLOW_MOVER,334265L,Strut,BARE,,44.0,0.0,0.0,44.0,2.0,2.0,0.0,0.0,9999,9999,0
SLOW_MOVER,334265R,Strut,BARE,,43.0,0.0,0.0,43.0,3.0,3.0,0.0,0.0,9999,9999,0
SLOW_MOVER,334060,Strut,BARE,,11.0,0.0,0.0,11.0,10.0,10.0,0.0,0.0,9999,9999,0
SLOW_MOVER,346963,Shock,BARE,,111.0,0.0,0.0,111.0,4.0,4.0,0.0,0.0,9999,9999,0
SLOW_MOVER,346968,Shock,BARE,,8.0,46.0,0.0,8.0,1.0,1.0,0.0,0.0,9999,9999,0
SLOW_MOVER,346969,Shock,BARE,,13.0,0.0,0.0,13.0,2.0,2.0,0.0,0.0,9999,9999,0
SLOW_MOVER,346970,Shock,BARE,,14.0,0.0,0.0,14.0,3.0,3.0,0.0,0.0,9999,9999,0
SLOW_MOVER,346971,Shock,BARE,,15.0,0.0,0.0,15.0,5.0,5.0,0.0,0.0,9999,9999,0
SLOW_MOVER,346972,Shock,BARE,,16.0,0.0,0.0,16.0,1.0,1.0,0.0,0.0,9999,9999,0
SLOW_MOVER,346973,Shock,BARE,,9.0,0.0,0.0,9.0,9.0,9.0,0.0,0.0,9999,9999,0
SLOW_MOVER,334443L,Strut,BARE,,10.0,0.0,0.0,10.0,5.0,5.0,0.0,0.0,9999,9999,0
SLOW_MOVER,334443R,Strut,BARE,,58.0,0.0,0.0,58.0,4.0,4.0,0.0,0.0,9999,9999,0
SLOW_MOVER,334444L,Strut,BARE,,39.0,0.0,0.0,39.0,9.0,9.0,0.0,0.0,9999,9999,0
SLOW_MOVER,334444R,Strut,BARE,,30.0,0.0,0.0,30.0,11.0,11.0,0.0,0.0,9999,9999,0
SLOW_MOVER,334446,Strut,BARE,,34.0,0.0,0.0,34.0,10.0,10.0,0.0,0.0,9999,9999,0
SLOW_MOVER,334447L,Strut,BARE,,18.0,0.0,0.0,18.0,1.0,1.0,0.0,0.0,9999,9999,0
SLOW_MOVER,334447R,Strut,BARE,,18.0,0.0,0.0,18.0,1.0,1.0,0.0,0.0,9999,9999,0
SLOW_MOVER,334452L,Strut,BARE,,44.0,0.0,0.0,44.0,17.0,17.0,0.0,0.0,9999,9999,0
SLOW_MOVER,334452R,Strut,BARE,,23.0,0.0,0.0,23.0,13.0,13.0,0.0,0.0,9999,9999,0
SLOW_MOVER,334453L,Strut,BARE,,30.0,0.0,0.0,30.0,9.0,9.0,0.0,0.0,9999,9999,0
SLOW_MOVER,334453R,Strut,BARE,,9.0,0.0,0.0,9.0,8.0,8.0,0.0,0.0,9999,9999,0
SLOW_MOVER,347554,Shock,BARE,,16.0,0.0,0.0,16.0,1.0,1.0,0.0,0.0,9999,9999,0
SLOW_MOVER,337223,Strut,BARE,,80.0,0.0,0.0,80.0,4.0,4.0,0.0,0.0,9999,9999,0
SLOW_MOVER,442873,Shock,BARE,,50.0,0.0,0.0,50.0,5.0,5.0,0.0,0.0,9999,9999,0
SLOW_MOVER,347555,Shock,BARE,,12.0,0.0,0.0,12.0,9.0,9.0,0.0,0.0,9999,9999,0
SLOW_MOVER,337224,Strut,BARE,,45.0,0.0,0.0,45.0,9.0,9.0,0.0,0.0,9999,9999,0
SLOW_MOVER,346919,Shock,BARE,,6.0,0.0,0.0,6.0,7.0,7.0,0.0,0.0,9999,9999,1
SLOW_MOVER,347556,Shock,BARE,,8.0,0.0,0.0,8.0,5.0,5.0,0.0,0.0,9999,9999,0
SLOW_MOVER,346982,Shock,BARE,,16.0,0.0,0.0,16.0,3.0,3.0,0.0,0.0,9999,9999,0
SLOW_MOVER,334462,Strut,BARE,,8.0,0.0,0.0,8.0,7.0,7.0,0.0,0.0,9999,9999,0
SLOW_MOVER,346979,Shock,BARE,,14.0,0.0,0.0,14.0,3.0,3.0,0.0,0.0,9999,9999,0
SLOW_MOVER,334461,Strut,BARE,,14.0,0.0,0.0,14.0,0.0,0.0,0.0,0.0,9999,9999,0
SLOW_MOVER,334457L,Strut,BARE,,6.0,0.0,0.0,6.0,7.0,7.0,0.0,0.0,9999,9999,1
SLOW_MOVER,334457R,Strut,BARE,,6.0,0.0,0.0,6.0,7.0,7.0,0.0,0.0,9999,9999,1
SLOW_MOVER,346978,Shock,BARE,,16.0,0.0,0.0,16.0,3.0,3.0,0.0,0.0,9999,9999,0
SLOW_MOVER,346981,Shock,BARE,,7.0,0.0,0.0,7.0,6.0,6.0,0.0,0.0,9999,9999,0
SLOW_MOVER,346976,Shock,BARE,,12.0,0.0,0.0,12.0,5.0,5.0,0.0,0.0,9999,9999,0
SLOW_MOVER,346984,Shock,BARE,,53.0,0.0,0.0,53.0,6.0,6.0,0.0,0.0,9999,9999,0
SLOW_MOVER,334465,Strut,BARE,,7.0,0.0,0.0,7.0,5.0,5.0,0.0,0.0,9999,9999,0
SLOW_MOVER,346975,Shock,BARE,,16.0,0.0,0.0,16.0,3.0,3.0,0.0,0.0,9999,9999,0
SLOW_MOVER,66C386,Catridge,BARE,,6.0,0.0,0.0,6.0,0.0,0.0,0.0,0.0,9999,9999,0
SLOW_MOVER,334335L,Strut,BARE,,12.0,0.0,0.0,12.0,0.0,0.0,0.0,0.0,9999,9999,0
SLOW_MOVER,334335R,Strut,BARE,,12.0,0.0,0.0,12.0,0.0,0.0,0.0,0.0,9999,9999,0
SLOW_MOVER,334458L,Strut,BARE,,9.0,0.0,0.0,9.0,5.0,5.0,0.0,0.0,9999,9999,0
SLOW_MOVER,334458R,Strut,BARE,,11.0,0.0,0.0,11.0,3.0,3.0,0.0,0.0,9999,9999,0
SLOW_MOVER,337226R,Strut,BARE,,32.0,0.0,0.0,32.0,14.0,14.0,0.0,0.0,9999,9999,0
SLOW_MOVER,347558,Shock,BARE,,67.0,0.0,0.0,67.0,8.0,8.0,0.0,0.0,9999,9999,0
SLOW_MOVER,631531,Strut,BARE,,12.0,0.0,0.0,12.0,0.0,0.0,0.0,0.0,9999,9999,0
SLOW_MOVER,334445L,Strut,BARE,,50.0,0.0,0.0,50.0,8.0,8.0,0.0,0.0,9999,9999,0
SLOW_MOVER,334445R,Strut,BARE,,53.0,0.0,0.0,53.0,4.0,4.0,0.0,0.0,9999,9999,0
SLOW_MOVER,334456R,Strut,BARE,,5.0,0.0,0.0,5.0,0.0,0.0,0.0,0.0,9999,9999,0
SLOW_MOVER,334475L,Strut,BARE,,10.0,0.0,0.0,10.0,0.0,0.0,0.0,0.0,9999,9999,0
SLOW_MOVER,334475R,Strut,BARE,,13.0,0.0,0.0,13.0,0.0,0.0,0.0,0.0,9999,9999,0
SLOW_MOVER,344367,Shock,BARE,,88.0,0.0,0.0,88.0,18.0,18.0,0.0,0.0,9999,9999,0
SLOW_MOVER,346983,Shock,BARE,,10.0,0.0,0.0,10.0,0.0,0.0,0.0,0.0,9999,9999,0
SLOW_MOVER,355167,Strut,BARE,,27.0,0.0,0.0,27.0,23.0,23.0,0.0,0.0,9999,9999,0
SLOW_MOVER,635370,Strut,BARE,,12.0,0.0,0.0,12.0,0.0,0.0,0.0,0.0,9999,9999,0
SLOW_MOVER,80058,Lift Support,CLIFT SUPPORT,,32.0,0.0,2.0,30.0,7.0,7.0,0.0,0.0,9999,9999,0
SLOW_MOVER,334473L,Strut,BARE,,90.0,0.0,0.0,90.0,5.0,5.0,0.0,0.0,9999,9999,0
SLOW_MOVER,DT346934,Shock,BARE,,66.0,0.0,0.0,66.0,12.0,12.0,0.0,0.0,9999,9999,0
SLOW_MOVER,631530,Strut,BARE,,12.0,0.0,0.0,12.0,0.0,0.0,0.0,0.0,9999,9999,0
SLOW_MOVER,334463L,Strut,BARE,,12.0,0.0,0.0,12.0,0.0,0.0,0.0,0.0,9999,9999,0
SLOW_MOVER,334463R,Strut,BARE,,12.0,0.0,0.0,12.0,0.0,0.0,0.0,0.0,9999,9999,0
SLOW_MOVER,631533R,Strut,BARE,,16.0,0.0,0.0,16.0,0.0,0.0,0.0,0.0,9999,9999,0
SLOW_MOVER,334323L,Strut,BARE,,25.0,0.0,0.0,25.0,4.0,4.0,0.0,0.0,9999,9999,0
SLOW_MOVER,334323R,Strut,BARE,,27.0,0.0,0.0,27.0,3.0,3.0,0.0,0.0,9999,9999,0
SLOW_MOVER,334326L,Strut,BARE,,12.0,0.0,0.0,12.0,0.0,0.0,0.0,0.0,9999,9999,0
SLOW_MOVER,334326R,Strut,BARE,,12.0,0.0,0.0,12.0,0.0,0.0,0.0,0.0,9999,9999,0
SLOW_MOVER,334329L,Strut,BARE,,12.0,0.0,0.0,12.0,7.0,7.0,0.0,0.0,9999,9999,0
SLOW_MOVER,334329R,Strut,BARE,,12.0,0.0,0.0,12.0,7.0,7.0,0.0,0.0,9999,9999,0
SLOW_MOVER,334332R,Strut,BARE,,20.0,0.0,0.0,20.0,3.0,3.0,0.0,0.0,9999,9999,0
SLOW_MOVER,334333R,Strut,BARE,,6.0,0.0,0.0,6.0,5.0,5.0,0.0,0.0,9999,9999,0
SLOW_MOVER,334334L,Strut,BARE,,14.0,0.0,0.0,14.0,4.0,4.0,0.0,0.0,9999,9999,0
SLOW_MOVER,334334R,Strut,BARE,,18.0,0.0,0.0,18.0,9.0,9.0,0.0,0.0,9999,9999,0
SLOW_MOVER,346864,Shock,BARE,,103.0,0.0,0.0,103.0,0.0,0.0,0.0,0.0,9999,9999,0
SLOW_MOVER,347514,Shock,BARE,,62.0,0.0,0.0,62.0,0.0,0.0,0.0,0.0,9999,9999,0
SLOW_MOVER,347517,Shock,BARE,,10.0,0.0,0.0,10.0,0.0,0.0,0.0,0.0,9999,9999,0
SLOW_MOVER,347519,Shock,BARE,,10.0,0.0,0.0,10.0,0.0,0.0,0.0,0.0,9999,9999,0
SLOW_MOVER,347520,Shock,BARE,,23.0,0.0,0.0,23.0,1.0,1.0,0.0,0.0,9999,9999,0
SLOW_MOVER,347521,Shock,BARE,,10.0,0.0,0.0,10.0,0.0,0.0,0.0,0.0,9999,9999,0
SLOW_MOVER,347522,Shock,BARE,,53.0,0.0,0.0,53.0,1.0,1.0,0.0,0.0,9999,9999,0
SLOW_MOVER,347523,Shock,BARE,,24.0,0.0,0.0,24.0,0.0,0.0,0.0,0.0,9999,9999,0
SLOW_MOVER,347524,Shock,BARE,,15.0,0.0,0.0,15.0,10.0,10.0,0.0,0.0,9999,9999,0
SLOW_MOVER,355140,Strut,BARE,,6.0,0.0,0.0,6.0,0.0,0.0,0.0,0.0,9999,9999,0
SLOW_MOVER,355142,Strut,BARE,,6.0,0.0,0.0,6.0,8.0,8.0,0.0,0.0,9999,9999,2
SLOW_MOVER,441597,Shock,BARE,,10.0,0.0,0.0,10.0,0.0,0.0,0.0,0.0,9999,9999,0
SLOW_MOVER,442861,Shock,BARE,,10.0,0.0,0.0,10.0,0.0,0.0,0.0,0.0,9999,9999,0
SLOW_MOVER,331383,Strut,BARE,,17.0,0.0,0.0,17.0,0.0,0.0,0.0,0.0,9999,9999,0
SLOW_MOVER,334005L,Strut,BARE,,54.0,0.0,0.0,54.0,8.0,8.0,0.0,0.0,9999,9999,0
SLOW_MOVER,334005R,Strut,BARE,,52.0,0.0,0.0,52.0,10.0,10.0,0.0,0.0,9999,9999,0
SLOW_MOVER,87034,Lift Support,CLIFT SUPPORT,,30.0,0.0,0.0,30.0,2.0,2.0,0.0,0.0,9999,9999,0
SLOW_MOVER,95057,Air Conv. Kit,Air Suspension,,15.0,0.0,0.0,15.0,4.0,4.0,0.0,0.0,9999,9999,0
SLOW_MOVER,95059,Passive Conv. Kit,Air Suspension,,22.0,0.0,0.0,22.0,3.0,3.0,0.0,0.0,9999,9999,0
SLOW_MOVER,95027,Air Conv. Kit,Air Suspension,,10.0,0.0,0.0,10.0,0.0,0.0,0.0,0.0,9999,9999,0
SLOW_MOVER,95078,Air Conv. Kit,Air Suspension,,22.0,0.0,0.0,22.0,4.0,4.0,0.0,0.0,9999,9999,0
SLOW_MOVER,335029,Strut,BARE,,10.0,0.0,0.0,10.0,0.0,0.0,0.0,0.0,9999,9999,0
SLOW_MOVER,334004L,Strut,BARE,,9.0,0.0,0.0,9.0,5.0,5.0,0.0,0.0,9999,9999,0
SLOW_MOVER,334004R,Strut,BARE,,6.0,0.0,0.0,6.0,5.0,5.0,0.0,0.0,9999,9999,0
SLOW_MOVER,334214,Strut,BARE,,10.0,0.0,0.0,10.0,0.0,0.0,0.0,0.0,9999,9999,0
SLOW_MOVER,335943L,Strut,BARE,,12.0,0.0,0.0,12.0,0.0,0.0,0.0,0.0,9999,9999,0
SLOW_MOVER,335943R,Strut,BARE,,12.0,0.0,0.0,12.0,0.0,0.0,0.0,0.0,9999,9999,0
SLOW_MOVER,631514L,Strut,BARE,,12.0,0.0,0.0,12.0,0.0,0.0,0.0,0.0,9999,9999,0
SLOW_MOVER,631514R,Strut,BARE,,12.0,0.0,0.0,12.0,0.0,0.0,0.0,0.0,9999,9999,0
SLOW_MOVER,341670,Shock,BARE,,65.0,0.0,0.0,65.0,13.0,13.0,0.0,0.0,9999,9999,0
SLOW_MOVER,345625,Strut,BARE,,15.0,0.0,0.0,15.0,0.0,0.0,0.0,0.0,9999,9999,0
SLOW_MOVER,346585,Shock,BARE,,8.0,0.0,0.0,8.0,0.0,0.0,0.0,0.0,9999,9999,0
SLOW_MOVER,347485,Shock,BARE,,10.0,0.0,0.0,10.0,0.0,0.0,0.0,0.0,9999,9999,0
SLOW_MOVER,631372,Strut,BARE,,6.0,0.0,0.0,6.0,0.0,0.0,0.0,0.0,9999,9999,0
SLOW_MOVER,346867,Shock,BARE,,8.0,0.0,0.0,8.0,3.0,3.0,0.0,0.0,9999,9999,0
SLOW_MOVER,346868,Shock,BARE,,12.0,0.0,0.0,12.0,3.0,3.0,0.0,0.0,9999,9999,0
SLOW_MOVER,346869,Shock,BARE,,9.0,0.0,0.0,9.0,0.0,0.0,0.0,0.0,9999,9999,0
SLOW_MOVER,346911,Shock,BARE,,10.0,0.0,0.0,10.0,0.0,0.0,0.0,0.0,9999,9999,0
SLOW_MOVER,346995,Shock,BARE,,10.0,0.0,0.0,10.0,0.0,0.0,0.0,0.0,9999,9999,0
SLOW_MOVER,F442874,HD Shock Absorber,HBare,,50.0,0.0,0.0,50.0,0.0,0.0,0.0,0.0,9999,9999,0
SLOW_MOVER,F347566,HD Shock Absorber,HBare,,50.0,0.0,0.0,50.0,0.0,0.0,0.0,0.0,9999,9999,0
SLOW_MOVER,334328L,Strut,BARE,,8.0,0.0,0.0,8.0,0.0,0.0,0.0,0.0,9999,9999,0
SLOW_MOVER,334328R,Strut,BARE,,8.0,0.0,0.0,8.0,0.0,0.0,0.0,0.0,9999,9999,0
SLOW_MOVER,334484L,Strut,BARE,,40.0,0.0,0.0,40.0,4.0,4.0,0.0,0.0,9999,9999,0
SLOW_MOVER,334484R,Strut,BARE,,30.0,0.0,0.0,30.0,10.0,10.0,0.0,0.0,9999,9999,0
SLOW_MOVER,DT355170,Strut,BARE,,86.0,0.0,0.0,86.0,39.0,39.0,0.0,0.0,9999,9999,0
SLOW_MOVER,94072,Electronic Strut,Air Suspension,,178.0,0.0,0.0,178.0,24.0,24.0,0.0,0.0,9999,9999,0
SLOW_MOVER,94082,Electronic Shock,Air Suspension,,297.0,0.0,0.0,297.0,30.0,30.0,0.0,0.0,9999,9999,0
SLOW_MOVER,94093,Electronic Shock,Air Suspension,,517.0,0.0,0.0,517.0,36.0,36.0,0.0,0.0,9999,9999,0
SLOW_MOVER,94094,Electronic Shock,Air Suspension,,520.0,0.0,0.0,520.0,35.0,35.0,0.0,0.0,9999,9999,0
SLOW_MOVER,F347570,HD Shock Absorber,HBare,,60.0,0.0,0.0,60.0,0.0,0.0,0.0,0.0,9999,9999,0
SLOW_MOVER,F344368,HD Shock Absorber,HBare,,50.0,0.0,0.0,50.0,0.0,0.0,0.0,0.0,9999,9999,0
SLOW_MOVER,F347572,HD Shock Absorber,HBare,,49.0,0.0,0.0,49.0,0.0,0.0,0.0,0.0,9999,9999,0
SLOW_MOVER,334489R,Strut,BARE,,66.0,0.0,0.0,66.0,18.0,18.0,0.0,0.0,9999,9999,0
SLOW_MOVER,DT348008,Shock,BARE,,102.0,0.0,0.0,102.0,30.0,30.0,0.0,0.0,9999,9999,0
SLOW_MOVER,DT347574,Shock,BARE,,227.0,0.0,0.0,227.0,34.0,34.0,0.0,0.0,9999,9999,0
SLOW_MOVER,355181,Strut,BARE,,73.0,0.0,0.0,73.0,16.0,16.0,0.0,0.0,9999,9999,0
SLOW_MOVER,8348008,Complete Strut,FCS,,84.0,0.0,0.0,84.0,8.0,8.0,0.0,0.0,9999,9999,0
SLOW_MOVER,334497L,Strut,BARE,,175.0,0.0,0.0,175.0,16.0,16.0,0.0,0.0,9999,9999,0
SLOW_MOVER,DT355184,Strut,BARE,,229.0,0.0,2.0,227.0,23.0,23.0,0.0,0.0,9999,9999,0
SLOW_MOVER,DT355185,Strut,BARE,,145.0,0.0,0.0,145.0,12.0,12.0,0.0,0.0,9999,9999,0
SLOW_MOVER,P92019,Passive air strut,Air Suspension,,29.0,4.0,0.0,29.0,7.0,7.0,0.0,0.0,9999,9999,0
SLOW_MOVER,P92020,Passive air strut,Air Suspension,,29.0,4.0,0.0,29.0,7.0,7.0,0.0,0.0,9999,9999,0
SLOW_MOVER,DT355182,Strut,BARE,,241.0,0.0,0.0,241.0,20.0,20.0,0.0,0.0,9999,9999,0
SLOW_MOVER,E89002L,Powered lift support,Power Lift,,83.0,0.0,0.0,83.0,3.0,3.0,0.0,0.0,9999,9999,0
SLOW_MOVER,E89005L,Powered lift support,Power Lift,,69.0,0.0,0.0,69.0,14.0,14.0,0.0,0.0,9999,9999,0
SLOW_MOVER,E89027L,Powered lift support,Power Lift,,77.0,0.0,0.0,77.0,2.0,2.0,0.0,0.0,9999,9999,0
SLOW_MOVER,E89030L,Powered lift support,Power Lift,,87.0,0.0,0.0,87.0,1.0,1.0,0.0,0.0,9999,9999,0
SLOW_MOVER,E89041L,Powered lift support,Power Lift,,82.0,0.0,0.0,82.0,2.0,2.0,0.0,0.0,9999,9999,0
SLOW_MOVER,E89051L,Powered lift support,Power Lift,,67.0,0.0,0.0,67.0,1.0,1.0,0.0,0.0,9999,9999,0
SLOW_MOVER,E89055L,Powered lift support,Power Lift,,77.0,0.0,0.0,77.0,1.0,1.0,0.0,0.0,9999,9999,0
SLOW_MOVER,E89078L,Powered lift support,Power Lift,,87.0,0.0,0.0,87.0,1.0,1.0,0.0,0.0,9999,9999,0
SLOW_MOVER,E89079L,Powered lift support,Power Lift,,7.0,0.0,0.0,7.0,1.0,1.0,0.0,0.0,9999,9999,0
SLOW_MOVER,E89085L,Powered lift support,Power Lift,,71.0,0.0,0.0,71.0,1.0,1.0,0.0,0.0,9999,9999,0
SLOW_MOVER,E89090L,Powered lift support,Power Lift,,76.0,0.0,0.0,76.0,2.0,2.0,0.0,0.0,9999,9999,0
SLOW_MOVER,E89013R,Powered lift support,Power Lift,,80.0,0.0,0.0,80.0,3.0,3.0,0.0,0.0,9999,9999,0
SLOW_MOVER,E89027R,Powered lift support,Power Lift,,77.0,0.0,0.0,77.0,2.0,2.0,0.0,0.0,9999,9999,0
SLOW_MOVER,E89030R,Powered lift support,Power Lift,,87.0,0.0,0.0,87.0,1.0,1.0,0.0,0.0,9999,9999,0
SLOW_MOVER,E89038R,Powered lift support,Power Lift,,82.0,0.0,0.0,82.0,2.0,2.0,0.0,0.0,9999,9999,0
SLOW_MOVER,E89039R,Powered lift support,Power Lift,,78.0,0.0,0.0,78.0,1.0,1.0,0.0,0.0,9999,9999,0
SLOW_MOVER,E89041R,Powered lift support,Power Lift,,82.0,0.0,0.0,82.0,2.0,2.0,0.0,0.0,9999,9999,0
SLOW_MOVER,E89055R,Powered lift support,Power Lift,,77.0,0.0,0.0,77.0,1.0,1.0,0.0,0.0,9999,9999,0
SLOW_MOVER,E89063R,Powered lift support,Power Lift,,87.0,0.0,0.0,87.0,1.0,1.0,0.0,0.0,9999,9999,0
SLOW_MOVER,E89068R,Powered lift support,Power Lift,,85.0,0.0,0.0,85.0,2.0,2.0,0.0,0.0,9999,9999,0
SLOW_MOVER,E89069R,Powered lift support,Power Lift,,84.0,0.0,0.0,84.0,2.0,2.0,0.0,0.0,9999,9999,0
SLOW_MOVER,E89079R,Powered lift support,Power Lift,,7.0,0.0,0.0,7.0,1.0,1.0,0.0,0.0,9999,9999,0
SLOW_MOVER,E89091R,Powered lift support,Power Lift,,87.0,0.0,0.0,87.0,1.0,1.0,0.0,0.0,9999,9999,0
SLOW_MOVER,E89016L,Powered lift support,Power Lift,,78.0,0.0,0.0,78.0,1.0,1.0,0.0,0.0,9999,9999,0
SLOW_MOVER,E89016R,Powered lift support,Power Lift,,78.0,0.0,0.0,78.0,1.0,1.0,0.0,0.0,9999,9999,0
SLOW_MOVER,E89046R,Powered lift support,Power Lift,,77.0,0.0,0.0,77.0,2.0,2.0,0.0,0.0,9999,9999,0
SLOW_MOVER,E89003,Powered lift support,Power Lift,,86.0,0.0,0.0,86.0,2.0,2.0,0.0,0.0,9999,9999,0
SLOW_MOVER,E89007,Powered lift support,Power Lift,,86.0,0.0,0.0,86.0,2.0,2.0,0.0,0.0,9999,9999,0
SLOW_MOVER,E89015,Powered lift support,Power Lift,,88.0,0.0,0.0,88.0,0.0,0.0,0.0,0.0,9999,9999,0
SLOW_MOVER,E89019,Powered lift support,Power Lift,,87.0,0.0,3.0,84.0,1.0,1.0,0.0,0.0,9999,9999,0
SLOW_MOVER,E89023,Powered lift support,Power Lift,,77.0,0.0,0.0,77.0,7.0,7.0,0.0,0.0,9999,9999,0
SLOW_MOVER,E89024,Powered lift support,Power Lift,,85.0,0.0,0.0,85.0,2.0,2.0,0.0,0.0,9999,9999,0
SLOW_MOVER,E89031,Powered lift support,Power Lift,,76.0,0.0,1.0,75.0,2.0,2.0,0.0,0.0,9999,9999,0
SLOW_MOVER,E89032,Powered lift support,Power Lift,,85.0,0.0,0.0,85.0,1.0,1.0,0.0,0.0,9999,9999,0
SLOW_MOVER,E89034,Powered lift support,Power Lift,,76.0,0.0,0.0,76.0,2.0,2.0,0.0,0.0,9999,9999,0
SLOW_MOVER,E89036,Powered lift support,Power Lift,,76.0,0.0,0.0,76.0,2.0,2.0,0.0,0.0,9999,9999,0
SLOW_MOVER,E89044,Powered lift support,Power Lift,,86.0,0.0,0.0,86.0,2.0,2.0,0.0,0.0,9999,9999,0
SLOW_MOVER,E89048,Powered lift support,Power Lift,,86.0,0.0,0.0,86.0,2.0,2.0,0.0,0.0,9999,9999,0
SLOW_MOVER,E89050,Powered lift support,Power Lift,,88.0,0.0,0.0,88.0,0.0,0.0,0.0,0.0,9999,9999,0
SLOW_MOVER,E89052,Powered lift support,Power Lift,,88.0,0.0,0.0,88.0,0.0,0.0,0.0,0.0,9999,9999,0
SLOW_MOVER,E89053,Powered lift support,Power Lift,,74.0,0.0,0.0,74.0,3.0,3.0,0.0,0.0,9999,9999,0
SLOW_MOVER,E89056,Powered lift support,Power Lift,,75.0,0.0,0.0,75.0,3.0,3.0,0.0,0.0,9999,9999,0
SLOW_MOVER,E89057,Powered lift support,Power Lift,,82.0,0.0,0.0,82.0,3.0,3.0,0.0,0.0,9999,9999,0
SLOW_MOVER,E89060,Powered lift support,Power Lift,,76.0,0.0,0.0,76.0,3.0,3.0,0.0,0.0,9999,9999,0
SLOW_MOVER,E89061,Powered lift support,Power Lift,,78.0,0.0,0.0,78.0,0.0,0.0,0.0,0.0,9999,9999,0
SLOW_MOVER,E89062,Powered lift support,Power Lift,,70.0,0.0,0.0,70.0,3.0,3.0,0.0,0.0,9999,9999,0
SLOW_MOVER,E89064,Powered lift support,Power Lift,,76.0,0.0,0.0,76.0,3.0,3.0,0.0,0.0,9999,9999,0
SLOW_MOVER,E89065,Powered lift support,Power Lift,,78.0,0.0,0.0,78.0,1.0,1.0,0.0,0.0,9999,9999,0
SLOW_MOVER,E89066,Powered lift support,Power Lift,,76.0,0.0,0.0,76.0,2.0,2.0,0.0,0.0,9999,9999,0
SLOW_MOVER,E89070,Powered lift support,Power Lift,,76.0,0.0,0.0,76.0,3.0,3.0,0.0,0.0,9999,9999,0
SLOW_MOVER,E89071,Powered lift support,Power Lift,,79.0,0.0,0.0,79.0,1.0,1.0,0.0,0.0,9999,9999,0
SLOW_MOVER,E89076,Powered lift support,Power Lift,,76.0,0.0,0.0,76.0,3.0,3.0,0.0,0.0,9999,9999,0
SLOW_MOVER,E89077,Powered lift support,Power Lift,,1.0,0.0,0.0,1.0,4.0,4.0,0.0,0.0,9999,9999,3
SLOW_MOVER,E89083,Powered lift support,Power Lift,,78.0,0.0,0.0,78.0,0.0,0.0,0.0,0.0,9999,9999,0
SLOW_MOVER,E89086,Powered lift support,Power Lift,,86.0,0.0,0.0,86.0,2.0,2.0,0.0,0.0,9999,9999,0
SLOW_MOVER,E89089,Powered lift support,Power Lift,,87.0,0.0,0.0,87.0,1.0,1.0,0.0,0.0,9999,9999,0
SLOW_MOVER,E89094,Powered lift support,Power Lift,,78.0,0.0,0.0,78.0,1.0,1.0,0.0,0.0,9999,9999,0
SLOW_MOVER,E89097,Powered lift support,Power Lift,,30.0,0.0,0.0,30.0,0.0,0.0,0.0,0.0,9999,9999,0
SLOW_MOVER,355043,Strut,BARE,,28.0,0.0,28.0,0.0,0.0,0.0,0.0,0.0,9999,9999,0
SLOW_MOVER,80009,lift support,CLIFT SUPPORT,,60.0,0.0,0.0,60.0,0.0,0.0,0.0,0.0,9999,9999,0
SLOW_MOVER,80020,lift support,CLIFT SUPPORT,,61.0,0.0,0.0,61.0,0.0,0.0,0.0,0.0,9999,9999,0
SLOW_MOVER,348080,Shock,BARE,,39.0,0.0,0.0,39.0,0.0,0.0,0.0,0.0,9999,9999,0
SLOW_MOVER,E89090R,Powered lift support,Power Lift,,30.0,0.0,0.0,30.0,0.0,0.0,0.0,0.0,9999,9999,0
SLOW_MOVER,E89098L,Powered lift support,Power Lift,,75.0,0.0,0.0,75.0,0.0,0.0,0.0,0.0,9999,9999,0
SLOW_MOVER,E89098R,Powered lift support,Power Lift,,75.0,0.0,0.0,75.0,0.0,0.0,0.0,0.0,9999,9999,0
SLOW_MOVER,E89099,Powered lift support,Power Lift,,80.0,0.0,0.0,80.0,0.0,0.0,0.0,0.0,9999,9999,0
SLOW_MOVER,E89100L,Powered lift support,Power Lift,,80.0,0.0,0.0,80.0,0.0,0.0,0.0,0.0,9999,9999,0
SLOW_MOVER,E89100R,Powered lift support,Power Lift,,80.0,0.0,0.0,80.0,0.0,0.0,0.0,0.0,9999,9999,0
SLOW_MOVER,E89096L,Powered lift support,Power Lift,,50.0,0.0,0.0,50.0,0.0,0.0,0.0,0.0,9999,9999,0
SLOW_MOVER,2337282,Complete Strut,FCS,,108.0,0.0,0.0,108.0,0.0,0.0,0.0,0.0,9999,9999,0
SLOW_MOVER,2334103R,Complete Strut,FCS,,40.0,0.0,0.0,40.0,0.0,0.0,0.0,0.0,9999,9999,0
SLOW_MOVER,2334103L,Complete Strut,FCS,,40.0,0.0,0.0,40.0,0.0,0.0,0.0,0.0,9999,9999,0
SLOW_MOVER,1334421R,Complete Strut,FCS,,40.0,0.0,0.0,40.0,0.0,0.0,0.0,0.0,9999,9999,0
SLOW_MOVER,1334421L,Complete Strut,FCS,,40.0,0.0,0.0,40.0,0.0,0.0,0.0,0.0,9999,9999,0
SLOW_MOVER,4333508R,Complete Strut,FCS,,83.0,0.0,0.0,83.0,0.0,0.0,0.0,0.0,9999,9999,0
SLOW_MOVER,4333508L,Complete Strut,FCS,,83.0,0.0,0.0,83.0,0.0,0.0,0.0,0.0,9999,9999,0
SLOW_MOVER,F347625,HD Shock Absorber,HBare,,30.0,0.0,0.0,30.0,0.0,0.0,0.0,0.0,9999,9999,0
SLOW_MOVER,F347353,HD Shock Absorber,HBare,,30.0,0.0,0.0,30.0,0.0,0.0,0.0,0.0,9999,9999,0
SLOW_MOVER,DT345933,Strut,BARE,,54.0,0.0,0.0,54.0,0.0,0.0,0.0,0.0,9999,9999,0
SLOW_MOVER,DT346367,Shock,BARE,,60.0,0.0,0.0,60.0,0.0,0.0,0.0,0.0,9999,9999,0
SLOW_MOVER,DT346717,Shock,BARE,,60.0,0.0,0.0,60.0,0.0,0.0,0.0,0.0,9999,9999,0
SLOW_MOVER,DT347624,Shock,BARE,,54.0,0.0,0.0,54.0,0.0,0.0,0.0,0.0,9999,9999,0
SLOW_MOVER,DT348103,Shock,BARE,,60.0,0.0,0.0,60.0,0.0,0.0,0.0,0.0,9999,9999,0
SLOW_MOVER,DT355103,Strut,BARE,,54.0,0.0,0.0,54.0,0.0,0.0,0.0,0.0,9999,9999,0
SLOW_MOVER,DT355221,Strut,BARE,,60.0,0.0,0.0,60.0,0.0,0.0,0.0,0.0,9999,9999,0
SLOW_MOVER,337289L,Strut,BARE,,40.0,0.0,0.0,40.0,0.0,0.0,0.0,0.0,9999,9999,0
SLOW_MOVER,337289R,Strut,BARE,,40.0,0.0,0.0,40.0,0.0,0.0,0.0,0.0,9999,9999,0
SLOW_MOVER,347621,Shock,BARE,,60.0,0.0,0.0,60.0,0.0,0.0,0.0,0.0,9999,9999,0
SLOW_MOVER,347622,Shock,BARE,,100.0,0.0,0.0,100.0,0.0,0.0,0.0,0.0,9999,9999,0
SLOW_MOVER,348097,Shock,BARE,,30.0,0.0,0.0,30.0,0.0,0.0,0.0,0.0,9999,9999,0
SLOW_MOVER,348098,Shock,BARE,,30.0,0.0,0.0,30.0,0.0,0.0,0.0,0.0,9999,9999,0
SLOW_MOVER,348104,Shock,BARE,,30.0,0.0,0.0,30.0,0.0,0.0,0.0,0.0,9999,9999,0
SLOW_MOVER,348105,Shock,BARE,,30.0,0.0,0.0,30.0,0.0,0.0,0.0,0.0,9999,9999,0
SLOW_MOVER,334614L,Strut,BARE,,24.0,0.0,0.0,24.0,0.0,0.0,0.0,0.0,9999,9999,0
SLOW_MOVER,334614R,Strut,BARE,,24.0,0.0,0.0,24.0,0.0,0.0,0.0,0.0,9999,9999,0
SLOW_MOVER,334615L,Strut,BARE,,24.0,0.0,0.0,24.0,0.0,0.0,0.0,0.0,9999,9999,0
SLOW_MOVER,334615R,Strut,BARE,,24.0,0.0,0.0,24.0,0.0,0.0,0.0,0.0,9999,9999,0
SLOW_MOVER,337287L,Strut,BARE,,24.0,0.0,0.0,24.0,0.0,0.0,0.0,0.0,9999,9999,0
SLOW_MOVER,337287R,Strut,BARE,,24.0,0.0,0.0,24.0,0.0,0.0,0.0,0.0,9999,9999,0
SLOW_MOVER,DT347623,Shock,BARE,,60.0,0.0,0.0,60.0,0.0,0.0,0.0,0.0,9999,9999,0
SLOW_MOVER,DT355225,Strut,BARE,,102.0,0.0,0.0,102.0,0.0,0.0,0.0,0.0,9999,9999,0
SLOW_MOVER,80195,lift support,CLIFT SUPPORT,,50.0,0.0,0.0,50.0,0.0,0.0,0.0,0.0,9999,9999,0
SLOW_MOVER,80194,lift support,CLIFT SUPPORT,,50.0,0.0,0.0,50.0,0.0,0.0,0.0,0.0,9999,9999,0
SLOW_MOVER,80122,lift support,CLIFT SUPPORT,,50.0,0.0,0.0,50.0,0.0,0.0,0.0,0.0,9999,9999,0
SLOW_MOVER,80120,lift support,CLIFT SUPPORT,,50.0,0.0,0.0,50.0,0.0,0.0,0.0,0.0,9999,9999,0
SLOW_MOVER,80121L,lift support,CLIFT SUPPORT,,35.0,0.0,0.0,35.0,0.0,0.0,0.0,0.0,9999,9999,0
SLOW_MOVER,80121R,lift support,CLIFT SUPPORT,,35.0,0.0,0.0,35.0,0.0,0.0,0.0,0.0,9999,9999,0
SLOW_MOVER,80123L,lift support,CLIFT SUPPORT,,35.0,0.0,0.0,35.0,0.0,0.0,0.0,0.0,9999,9999,0
SLOW_MOVER,80123R,lift support,CLIFT SUPPORT,,35.0,0.0,0.0,35.0,0.0,0.0,0.0,0.0,9999,9999,0
SLOW_MOVER,80124,lift support,CLIFT SUPPORT,,50.0,0.0,0.0,50.0,0.0,0.0,0.0,0.0,9999,9999,0
SLOW_MOVER,80125,lift support,CLIFT SUPPORT,,50.0,0.0,0.0,50.0,0.0,0.0,0.0,0.0,9999,9999,0
SLOW_MOVER,1337281R,Complete Strut,FCS,,83.0,0.0,0.0,83.0,0.0,0.0,0.0,0.0,9999,9999,0
SLOW_MOVER,1337281L,Complete Strut,FCS,,83.0,0.0,0.0,83.0,0.0,0.0,0.0,0.0,9999,9999,0
SLOW_MOVER,2334422R,Complete Strut,FCS,,83.0,0.0,0.0,83.0,0.0,0.0,0.0,0.0,9999,9999,0
SLOW_MOVER,2334422L,Complete Strut,FCS,,83.0,0.0,0.0,83.0,0.0,0.0,0.0,0.0,9999,9999,0
SLOW_MOVER,1334422R,Complete Strut,FCS,,83.0,0.0,0.0,83.0,0.0,0.0,0.0,0.0,9999,9999,0
SLOW_MOVER,1334422L,Complete Strut,FCS,,83.0,0.0,0.0,83.0,0.0,0.0,0.0,0.0,9999,9999,0
SLOW_MOVER,1334614R,Complete Strut,FCS,,52.0,0.0,0.0,52.0,0.0,0.0,0.0,0.0,9999,9999,0
SLOW_MOVER,1334614L,Complete Strut,FCS,,52.0,0.0,0.0,52.0,0.0,0.0,0.0,0.0,9999,9999,0
SLOW_MOVER,1334615R,Complete Strut,FCS,,52.0,0.0,0.0,52.0,0.0,0.0,0.0,0.0,9999,9999,0
SLOW_MOVER,1334615L,Complete Strut,FCS,,52.0,0.0,0.0,52.0,0.0,0.0,0.0,0.0,9999,9999,0
SLOW_MOVER,1337294R,Complete Strut,FCS,,40.0,0.0,0.0,40.0,0.0,0.0,0.0,0.0,9999,9999,0
SLOW_MOVER,1337294L,Complete Strut,FCS,,40.0,0.0,0.0,40.0,0.0,0.0,0.0,0.0,9999,9999,0
SLOW_MOVER,8348083,Complete Strut,FCS,,108.0,0.0,0.0,108.0,0.0,0.0,0.0,0.0,9999,9999,0
SLOW_MOVER,347616,Shock,BARE,,48.0,0.0,0.0,48.0,0.0,0.0,0.0,0.0,9999,9999,0
SLOW_MOVER,337294L,Strut,BARE,,24.0,0.0,0.0,24.0,0.0,0.0,0.0,0.0,9999,9999,0
SLOW_MOVER,337294R,Strut,BARE,,24.0,0.0,0.0,24.0,0.0,0.0,0.0,0.0,9999,9999,0
SLOW_MOVER,DT337297,Strut,BARE,,24.0,0.0,0.0,24.0,0.0,0.0,0.0,0.0,9999,9999,0
SLOW_MOVER,80017L,lift support,CLIFT SUPPORT,,50.0,0.0,0.0,50.0,0.0,0.0,0.0,0.0,9999,9999,0
SLOW_MOVER,1337178R,Complete Strut,FCS,,80.0,0.0,0.0,80.0,0.0,0.0,0.0,0.0,9999,9999,0
SLOW_MOVER,1337178L,Complete Strut,FCS,,80.0,0.0,0.0,80.0,0.0,0.0,0.0,0.0,9999,9999,0
SLOW_MOVER,1337238R,Complete Strut,FCS,,80.0,0.0,0.0,80.0,0.0,0.0,0.0,0.0,9999,9999,0
SLOW_MOVER,1337238L,Complete Strut,FCS,,80.0,0.0,0.0,80.0,0.0,0.0,0.0,0.0,9999,9999,0
SLOW_MOVER,1334477R,Complete Strut,FCS,,83.0,0.0,0.0,83.0,0.0,0.0,0.0,0.0,9999,9999,0
SLOW_MOVER,1334477L,Complete Strut,FCS,,83.0,0.0,0.0,83.0,0.0,0.0,0.0,0.0,9999,9999,0
SLOW_MOVER,1337287R,Complete Strut,FCS,,40.0,0.0,0.0,40.0,0.0,0.0,0.0,0.0,9999,9999,0
SLOW_MOVER,1337287L,Complete Strut,FCS,,40.0,0.0,0.0,40.0,0.0,0.0,0.0,0.0,9999,9999,0
SLOW_MOVER,3334053R,Complete Strut,FCS,,52.0,0.0,0.0,52.0,0.0,0.0,0.0,0.0,9999,9999,0
SLOW_MOVER,3334053L,Complete Strut,FCS,,52.0,0.0,0.0,52.0,0.0,0.0,0.0,0.0,9999,9999,0
SLOW_MOVER,1337297,Complete Strut,FCS,,52.0,0.0,0.0,52.0,0.0,0.0,0.0,0.0,9999,9999,0
SLOW_MOVER,2337297,Complete Strut,FCS,,52.0,0.0,0.0,52.0,0.0,0.0,0.0,0.0,9999,9999,0
NO_SALES_NO_STOCK,331639L,Strut,BARE,,0.0,0.0,0.0,0.0,0.0,0.0,0.0,0.0,9999,9999,0
NO_SALES_NO_STOCK,331639R,Strut,BARE,,0.0,0.0,0.0,0.0,0.0,0.0,0.0,0.0,9999,9999,0
NO_SALES_NO_STOCK,331681,Strut,BARE,,0.0,0.0,0.0,0.0,0.0,0.0,0.0,0.0,9999,9999,0
NO_SALES_NO_STOCK,331707R,Strut,BARE,,0.0,0.0,0.0,0.0,3.0,3.0,0.0,0.0,9999,9999,3
NO_SALES_NO_STOCK,331739R,Strut,BARE,,0.0,0.0,0.0,0.0,13.0,13.0,0.0,0.0,9999,9999,13
NO_SALES_NO_STOCK,331800L,Strut,BARE,,0.0,0.0,0.0,0.0,0.0,0.0,0.0,0.0,9999,9999,0
NO_SALES_NO_STOCK,331800R,Strut,BARE,,0.0,0.0,0.0,0.0,0.0,0.0,0.0,0.0,9999,9999,0
NO_SALES_NO_STOCK,333506R,Strut,BARE,,0.0,0.0,0.0,0.0,6.0,6.0,0.0,0.0,9999,9999,6
NO_SALES_NO_STOCK,335027,Strut,BARE,,0.0,0.0,0.0,0.0,3.0,3.0,0.0,0.0,9999,9999,3
NO_SALES_NO_STOCK,335552,Strut,BARE,,0.0,0.0,0.0,0.0,0.0,0.0,0.0,0.0,9999,9999,0
NO_SALES_NO_STOCK,335558,Strut,BARE,,0.0,0.0,0.0,0.0,4.0,4.0,0.0,0.0,9999,9999,4
NO_SALES_NO_STOCK,336346,Strut,BARE,,0.0,0.0,0.0,0.0,1.0,1.0,0.0,0.0,9999,9999,1
NO_SALES_NO_STOCK,342844,Shock,BARE,,0.0,0.0,0.0,0.0,1.0,1.0,0.0,0.0,9999,9999,1
NO_SALES_NO_STOCK,342856,Shock,BARE,,0.0,0.0,0.0,0.0,0.0,0.0,0.0,0.0,9999,9999,0
NO_SALES_NO_STOCK,345425,Strut,BARE,,0.0,48.0,0.0,0.0,6.0,6.0,0.0,0.0,9999,9999,0
NO_SALES_NO_STOCK,84433,Lift Support,CLIFT SUPPORT,,0.0,0.0,0.0,0.0,0.0,0.0,0.0,0.0,9999,9999,0
NO_SALES_NO_STOCK,84680,Lift Support,CLIFT SUPPORT,,0.0,0.0,0.0,0.0,0.0,0.0,0.0,0.0,9999,9999,0
NO_SALES_NO_STOCK,333557R,Strut,BARE,,0.0,0.0,0.0,0.0,7.0,7.0,0.0,0.0,9999,9999,7
NO_SALES_NO_STOCK,346179R,Shock,BARE,,0.0,48.0,0.0,0.0,27.0,27.0,0.0,0.0,9999,9999,0
NO_SALES_NO_STOCK,331671R,Strut,BARE,,0.0,0.0,0.0,0.0,10.0,10.0,0.0,0.0,9999,9999,10
NO_SALES_NO_STOCK,331671L,Strut,BARE,,0.0,0.0,0.0,0.0,7.0,7.0,0.0,0.0,9999,9999,7
NO_SALES_NO_STOCK,331642L,Bare,BARE,,0.0,0.0,0.0,0.0,5.0,5.0,0.0,0.0,9999,9999,5
NO_SALES_NO_STOCK,331642R,Bare,BARE,,0.0,0.0,0.0,0.0,5.0,5.0,0.0,0.0,9999,9999,5
NO_SALES_NO_STOCK,332337L,bare,BARE,,0.0,0.0,0.0,0.0,0.0,0.0,0.0,0.0,9999,9999,0
NO_SALES_NO_STOCK,332337R,bare,BARE,,0.0,0.0,0.0,0.0,0.0,0.0,0.0,0.0,9999,9999,0
NO_SALES_NO_STOCK,2331785L,Complete Strut,FCS,,0.0,0.0,0.0,0.0,0.0,0.0,0.0,0.0,9999,9999,0
NO_SALES_NO_STOCK,2331785R,Complete Strut,FCS,,0.0,0.0,0.0,0.0,0.0,0.0,0.0,0.0,9999,9999,0
NO_SALES_NO_STOCK,1332361L,Complete Strut,FCS,,0.0,0.0,0.0,0.0,0.0,0.0,0.0,0.0,9999,9999,0
NO_SALES_NO_STOCK,1332361R,Complete Strut,FCS,,0.0,0.0,0.0,0.0,0.0,0.0,0.0,0.0,9999,9999,0
NO_SALES_NO_STOCK,3345742L,Deleted,FCS,,0.0,0.0,0.0,0.0,0.0,0.0,0.0,0.0,9999,9999,0
NO_SALES_NO_STOCK,3345742R,Deleted,FCS,,0.0,0.0,0.0,0.0,0.0,0.0,0.0,0.0,9999,9999,0
NO_SALES_NO_STOCK,332363L,Deleted,BARE,,0.0,0.0,0.0,0.0,0.0,0.0,0.0,0.0,9999,9999,0
NO_SALES_NO_STOCK,332363R,Deleted,BARE,,0.0,0.0,0.0,0.0,0.0,0.0,0.0,0.0,9999,9999,0
NO_SALES_NO_STOCK,336325L,Deleted,BARE,,0.0,0.0,0.0,0.0,0.0,0.0,0.0,0.0,9999,9999,0
NO_SALES_NO_STOCK,336325R,Deleted,BARE,,0.0,0.0,0.0,0.0,0.0,0.0,0.0,0.0,9999,9999,0
NO_SALES_NO_STOCK,332362L,Deleted,BARE,,0.0,0.0,0.0,0.0,0.0,0.0,0.0,0.0,9999,9999,0
NO_SALES_NO_STOCK,332362R,Deleted,BARE,,0.0,0.0,0.0,0.0,0.0,0.0,0.0,0.0,9999,9999,0
NO_SALES_NO_STOCK,333159,Strut,BARE,,0.0,0.0,0.0,0.0,0.0,0.0,0.0,0.0,9999,9999,0
NO_SALES_NO_STOCK,336327,Bare,BARE,,0.0,0.0,0.0,0.0,0.0,0.0,0.0,0.0,9999,9999,0
NO_SALES_NO_STOCK,342017,Bare,BARE,,0.0,0.0,0.0,0.0,0.0,0.0,0.0,0.0,9999,9999,0
NO_SALES_NO_STOCK,331580L,Bare,BARE,,0.0,0.0,0.0,0.0,0.0,0.0,0.0,0.0,9999,9999,0
NO_SALES_NO_STOCK,86960,Lift Support,CLIFT SUPPORT,,0.0,0.0,0.0,0.0,0.0,0.0,0.0,0.0,9999,9999,0
NO_SALES_NO_STOCK,86961,Lift Support,CLIFT SUPPORT,,0.0,0.0,0.0,0.0,0.0,0.0,0.0,0.0,9999,9999,0
NO_SALES_NO_STOCK,333831L,Strut,BARE,,0.0,0.0,0.0,0.0,3.0,3.0,0.0,0.0,9999,9999,3
NO_SALES_NO_STOCK,335808R,Strut,BARE,,0.0,0.0,0.0,0.0,7.0,7.0,0.0,0.0,9999,9999,7
NO_SALES_NO_STOCK,84702,LIFT SUPPORT,CLIFT SUPPORT,,0.0,0.0,0.0,0.0,0.0,0.0,0.0,0.0,9999,9999,0
NO_SALES_NO_STOCK,86188,LIFT SUPPORT,CLIFT SUPPORT,,0.0,0.0,0.0,0.0,0.0,0.0,0.0,0.0,9999,9999,0
NO_SALES_NO_STOCK,86226,LIFT SUPPORT,CLIFT SUPPORT,,0.0,0.0,0.0,0.0,0.0,0.0,0.0,0.0,9999,9999,0
NO_SALES_NO_STOCK,86348,LIFT SUPPORT,CLIFT SUPPORT,,0.0,0.0,0.0,0.0,0.0,0.0,0.0,0.0,9999,9999,0
NO_SALES_NO_STOCK,86640,LIFT SUPPORT,CLIFT SUPPORT,,0.0,0.0,0.0,0.0,0.0,0.0,0.0,0.0,9999,9999,0
NO_SALES_NO_STOCK,86911,LIFT SUPPORT,CLIFT SUPPORT,,0.0,0.0,0.0,0.0,0.0,0.0,0.0,0.0,9999,9999,0
NO_SALES_NO_STOCK,86914,LIFT SUPPORT,CLIFT SUPPORT,,0.0,0.0,0.0,0.0,0.0,0.0,0.0,0.0,9999,9999,0
NO_SALES_NO_STOCK,86915,LIFT SUPPORT,CLIFT SUPPORT,,0.0,0.0,0.0,0.0,0.0,0.0,0.0,0.0,9999,9999,0
NO_SALES_NO_STOCK,86917,LIFT SUPPORT,CLIFT SUPPORT,,0.0,0.0,0.0,0.0,0.0,0.0,0.0,0.0,9999,9999,0
NO_SALES_NO_STOCK,86949,LIFT SUPPORT,CLIFT SUPPORT,,0.0,0.0,0.0,0.0,0.0,0.0,0.0,0.0,9999,9999,0
NO_SALES_NO_STOCK,86950,LIFT SUPPORT,CLIFT SUPPORT,,0.0,0.0,0.0,0.0,0.0,0.0,0.0,0.0,9999,9999,0
NO_SALES_NO_STOCK,86951,LIFT SUPPORT,CLIFT SUPPORT,,0.0,0.0,0.0,0.0,0.0,0.0,0.0,0.0,9999,9999,0
NO_SALES_NO_STOCK,84795,LIFT SUPPORT,CLIFT SUPPORT,,0.0,0.0,0.0,0.0,0.0,0.0,0.0,0.0,9999,9999,0
NO_SALES_NO_STOCK,86535,LIFT SUPPORT,CLIFT SUPPORT,,0.0,0.0,0.0,0.0,0.0,0.0,0.0,0.0,9999,9999,0
NO_SALES_NO_STOCK,86554,LIFT SUPPORT,CLIFT SUPPORT,,0.0,0.0,0.0,0.0,0.0,0.0,0.0,0.0,9999,9999,0
NO_SALES_NO_STOCK,86819,LIFT SUPPORT,CLIFT SUPPORT,,0.0,0.0,0.0,0.0,0.0,0.0,0.0,0.0,9999,9999,0
NO_SALES_NO_STOCK,86953,LIFT SUPPORT,CLIFT SUPPORT,,0.0,0.0,0.0,0.0,0.0,0.0,0.0,0.0,9999,9999,0
NO_SALES_NO_STOCK,86027,LIFT SUPPORT,CLIFT SUPPORT,,0.0,0.0,0.0,0.0,0.0,0.0,0.0,0.0,9999,9999,0
NO_SALES_NO_STOCK,86537,LIFT SUPPORT,CLIFT SUPPORT,,0.0,0.0,0.0,0.0,0.0,0.0,0.0,0.0,9999,9999,0
NO_SALES_NO_STOCK,86784,LIFT SUPPORT,CLIFT SUPPORT,,0.0,0.0,0.0,0.0,0.0,0.0,0.0,0.0,9999,9999,0
NO_SALES_NO_STOCK,87044,LIFT SUPPORT,CLIFT SUPPORT,,0.0,0.0,0.0,0.0,0.0,0.0,0.0,0.0,9999,9999,0
NO_SALES_NO_STOCK,5333489L,Complete Strut,FCS,,0.0,0.0,0.0,0.0,0.0,0.0,0.0,0.0,9999,9999,0
NO_SALES_NO_STOCK,5333489R,Complete Strut,FCS,,0.0,0.0,0.0,0.0,0.0,0.0,0.0,0.0,9999,9999,0
NO_SALES_NO_STOCK,337071L,Bare,BARE,,0.0,0.0,0.0,0.0,0.0,0.0,0.0,0.0,9999,9999,0
NO_SALES_NO_STOCK,346462,Shock,BARE,,0.0,0.0,0.0,0.0,37.0,37.0,0.0,0.0,9999,9999,37
NO_SALES_NO_STOCK,DT345594,Strut,BARE,,0.0,0.0,0.0,0.0,63.0,63.0,0.0,0.0,9999,9999,63
NO_SALES_NO_STOCK,2337071R,Complete Strut,FCS,,0.0,0.0,0.0,0.0,0.0,0.0,0.0,0.0,9999,9999,0
NO_SALES_NO_STOCK,2337071L,Complete Strut,FCS,,0.0,0.0,0.0,0.0,0.0,0.0,0.0,0.0,9999,9999,0
NO_SALES_NO_STOCK,1335992R,Complete Strut,FCS,,0.0,0.0,0.0,0.0,1.0,1.0,0.0,0.0,9999,9999,1
NO_SALES_NO_STOCK,1335992L,Complete Strut,FCS,,0.0,0.0,0.0,0.0,5.0,5.0,0.0,0.0,9999,9999,5
NO_SALES_NO_STOCK,1337071R,Complete Strut,FCS,,0.0,0.0,0.0,0.0,0.0,0.0,0.0,0.0,9999,9999,0
NO_SALES_NO_STOCK,1337071L,Complete Strut,FCS,,0.0,0.0,0.0,0.0,0.0,0.0,0.0,0.0,9999,9999,0
NO_SALES_NO_STOCK,F442791,HD Shock-Pause development and production,HBare,,0.0,0.0,0.0,0.0,0.0,0.0,0.0,0.0,9999,9999,0
NO_SALES_NO_STOCK,1346626,Complete Strut,FCS,,0.0,0.0,0.0,0.0,0.0,0.0,0.0,0.0,9999,9999,0
NO_SALES_NO_STOCK,94002,Electronic Shock,Air Suspension,,0.0,0.0,0.0,0.0,1.0,1.0,0.0,0.0,9999,9999,1
NO_SALES_NO_STOCK,F347356,Heavy Duty Shock Absorber,HBare,,0.0,0.0,0.0,0.0,45.0,45.0,0.0,0.0,9999,9999,45
NO_SALES_NO_STOCK,Q4034,Air Suspension Spring,Air Suspension,,0.0,0.0,0.0,0.0,0.0,0.0,0.0,0.0,9999,9999,0
NO_SALES_NO_STOCK,92003,Electronic Air Strut,Air Suspension,,0.0,0.0,0.0,0.0,1.0,1.0,0.0,0.0,9999,9999,1
NO_SALES_NO_STOCK,92004,Electronic Air Strut,Air Suspension,,0.0,0.0,0.0,0.0,2.0,2.0,0.0,0.0,9999,9999,2
NO_SALES_NO_STOCK,1345785,Complete Strut,FCS,,0.0,0.0,0.0,0.0,0.0,0.0,0.0,0.0,9999,9999,0
NO_SALES_NO_STOCK,92040,Electronic Air Strut,Air Suspension,,0.0,0.0,0.0,0.0,0.0,0.0,0.0,0.0,9999,9999,0
NO_SALES_NO_STOCK,333842L-AZMX,Strut,No Class,,0.0,0.0,0.0,0.0,0.0,0.0,0.0,0.0,9999,9999,0
NO_SALES_NO_STOCK,333842R-AZMX,Strut,No Class,,0.0,0.0,0.0,0.0,0.0,0.0,0.0,0.0,9999,9999,0
NO_SALES_NO_STOCK,333844L-AZMX,Strut,No Class,,0.0,0.0,0.0,0.0,0.0,0.0,0.0,0.0,9999,9999,0
NO_SALES_NO_STOCK,333844R-AZMX,Strut,No Class,,0.0,0.0,0.0,0.0,0.0,0.0,0.0,0.0,9999,9999,0
NO_SALES_NO_STOCK,333858L-AZMX,Strut,No Class,,0.0,0.0,0.0,0.0,0.0,0.0,0.0,0.0,9999,9999,0
NO_SALES_NO_STOCK,333858R-AZMX,Strut,No Class,,0.0,0.0,0.0,0.0,0.0,0.0,0.0,0.0,9999,9999,0
NO_SALES_NO_STOCK,333919L-AZMX,Strut,No Class,,0.0,0.0,0.0,0.0,0.0,0.0,0.0,0.0,9999,9999,0
NO_SALES_NO_STOCK,333919R-AZMX,Strut,No Class,,0.0,0.0,0.0,0.0,0.0,0.0,0.0,0.0,9999,9999,0
NO_SALES_NO_STOCK,334002-AZMX,Strut,No Class,,0.0,0.0,0.0,0.0,0.0,0.0,0.0,0.0,9999,9999,0
NO_SALES_NO_STOCK,335793-AZMX,Strut,No Class,,0.0,0.0,0.0,0.0,0.0,0.0,0.0,0.0,9999,9999,0
NO_SALES_NO_STOCK,335909L-AZMX,Strut,No Class,,0.0,0.0,0.0,0.0,0.0,0.0,0.0,0.0,9999,9999,0
NO_SALES_NO_STOCK,335909R-AZMX,Strut,No Class,,0.0,0.0,0.0,0.0,0.0,0.0,0.0,0.0,9999,9999,0
NO_SALES_NO_STOCK,335946-AZMX,Strut,No Class,,0.0,0.0,0.0,0.0,0.0,0.0,0.0,0.0,9999,9999,0
NO_SALES_NO_STOCK,335947L-AZMX,Strut,No Class,,0.0,0.0,0.0,0.0,0.0,0.0,0.0,0.0,9999,9999,0
NO_SALES_NO_STOCK,335947R-AZMX,Strut,No Class,,0.0,0.0,0.0,0.0,0.0,0.0,0.0,0.0,9999,9999,0
NO_SALES_NO_STOCK,343362L-AZMX,Strut,No Class,,0.0,0.0,0.0,0.0,0.0,0.0,0.0,0.0,9999,9999,0
NO_SALES_NO_STOCK,343362R-AZMX,Strut,No Class,,0.0,0.0,0.0,0.0,0.0,0.0,0.0,0.0,9999,9999,0
NO_SALES_NO_STOCK,345030-AZMX,Strut,No Class,,0.0,0.0,0.0,0.0,0.0,0.0,0.0,0.0,9999,9999,0
NO_SALES_NO_STOCK,345420-AZMX,Strut,No Class,,0.0,0.0,0.0,0.0,0.0,0.0,0.0,0.0,9999,9999,0
NO_SALES_NO_STOCK,345435-AZMX,Strut,No Class,,0.0,0.0,0.0,0.0,0.0,0.0,0.0,0.0,9999,9999,0
NO_SALES_NO_STOCK,345461-AZMX,Strut,No Class,,0.0,0.0,0.0,0.0,0.0,0.0,0.0,0.0,9999,9999,0
NO_SALES_NO_STOCK,345760L-AZMX,Strut,No Class,,0.0,0.0,0.0,0.0,0.0,0.0,0.0,0.0,9999,9999,0
NO_SALES_NO_STOCK,345760R-AZMX,Strut,No Class,,0.0,0.0,0.0,0.0,0.0,0.0,0.0,0.0,9999,9999,0
NO_SALES_NO_STOCK,345761-AZMX,Strut,No Class,,0.0,0.0,0.0,0.0,0.0,0.0,0.0,0.0,9999,9999,0
NO_SALES_NO_STOCK,345764L-AZMX,Strut,No Class,,0.0,0.0,0.0,0.0,0.0,0.0,0.0,0.0,9999,9999,0
NO_SALES_NO_STOCK,345764R-AZMX,Strut,No Class,,0.0,0.0,0.0,0.0,0.0,0.0,0.0,0.0,9999,9999,0
NO_SALES_NO_STOCK,345837-AZMX,Strut,No Class,,0.0,0.0,0.0,0.0,0.0,0.0,0.0,0.0,9999,9999,0
NO_SALES_NO_STOCK,345845-AZMX,Strut,No Class,,0.0,0.0,0.0,0.0,0.0,0.0,0.0,0.0,9999,9999,0
NO_SALES_NO_STOCK,345879L-AZMX,Strut,No Class,,0.0,0.0,0.0,0.0,0.0,0.0,0.0,0.0,9999,9999,0
NO_SALES_NO_STOCK,345879R-AZMX,Strut,No Class,,0.0,0.0,0.0,0.0,0.0,0.0,0.0,0.0,9999,9999,0
NO_SALES_NO_STOCK,345967-AZMX,Strut,No Class,,0.0,0.0,0.0,0.0,0.0,0.0,0.0,0.0,9999,9999,0
NO_SALES_NO_STOCK,331664L-AZMX,Strut,No Class,,0.0,0.0,0.0,0.0,0.0,0.0,0.0,0.0,9999,9999,0
NO_SALES_NO_STOCK,331664R-AZMX,Strut,No Class,,0.0,0.0,0.0,0.0,0.0,0.0,0.0,0.0,9999,9999,0
NO_SALES_NO_STOCK,331745L-AZMX,Strut,No Class,,0.0,0.0,0.0,0.0,0.0,0.0,0.0,0.0,9999,9999,0
NO_SALES_NO_STOCK,331745R-AZMX,Strut,No Class,,0.0,0.0,0.0,0.0,0.0,0.0,0.0,0.0,9999,9999,0
NO_SALES_NO_STOCK,331788L-AZMX,Strut,No Class,,0.0,0.0,0.0,0.0,0.0,0.0,0.0,0.0,9999,9999,0
NO_SALES_NO_STOCK,331788R-AZMX,Strut,No Class,,0.0,0.0,0.0,0.0,0.0,0.0,0.0,0.0,9999,9999,0
NO_SALES_NO_STOCK,332360L-AZMX,Strut,No Class,,0.0,0.0,0.0,0.0,0.0,0.0,0.0,0.0,9999,9999,0
NO_SALES_NO_STOCK,332360R-AZMX,Strut,No Class,,0.0,0.0,0.0,0.0,0.0,0.0,0.0,0.0,9999,9999,0
NO_SALES_NO_STOCK,333049-AZMX,Strut,No Class,,0.0,0.0,0.0,0.0,0.0,0.0,0.0,0.0,9999,9999,0
NO_SALES_NO_STOCK,333330L-AZMX,Strut,No Class,,0.0,0.0,0.0,0.0,0.0,0.0,0.0,0.0,9999,9999,0
NO_SALES_NO_STOCK,333330R-AZMX,Strut,No Class,,0.0,0.0,0.0,0.0,0.0,0.0,0.0,0.0,9999,9999,0
NO_SALES_NO_STOCK,333393L-AZMX,Strut,No Class,,0.0,0.0,0.0,0.0,0.0,0.0,0.0,0.0,9999,9999,0
NO_SALES_NO_STOCK,333393R-AZMX,Strut,No Class,,0.0,0.0,0.0,0.0,0.0,0.0,0.0,0.0,9999,9999,0
NO_SALES_NO_STOCK,333434L-AZMX,Strut,No Class,,0.0,0.0,0.0,0.0,0.0,0.0,0.0,0.0,9999,9999,0
NO_SALES_NO_STOCK,333434R-AZMX,Strut,No Class,,0.0,0.0,0.0,0.0,0.0,0.0,0.0,0.0,9999,9999,0
NO_SALES_NO_STOCK,333447L-AZMX,Strut,No Class,,0.0,0.0,0.0,0.0,0.0,0.0,0.0,0.0,9999,9999,0
NO_SALES_NO_STOCK,333447R-AZMX,Strut,No Class,,0.0,0.0,0.0,0.0,0.0,0.0,0.0,0.0,9999,9999,0
NO_SALES_NO_STOCK,333454L-AZMX,Strut,No Class,,0.0,0.0,0.0,0.0,0.0,0.0,0.0,0.0,9999,9999,0
NO_SALES_NO_STOCK,333454R-AZMX,Strut,No Class,,0.0,0.0,0.0,0.0,0.0,0.0,0.0,0.0,9999,9999,0
NO_SALES_NO_STOCK,333493L-AZMX,Strut,No Class,,0.0,0.0,0.0,0.0,0.0,0.0,0.0,0.0,9999,9999,0
NO_SALES_NO_STOCK,333493R-AZMX,Strut,No Class,,0.0,0.0,0.0,0.0,0.0,0.0,0.0,0.0,9999,9999,0
NO_SALES_NO_STOCK,333496L-AZMX,Strut,No Class,,0.0,0.0,0.0,0.0,0.0,0.0,0.0,0.0,9999,9999,0
NO_SALES_NO_STOCK,333496R-AZMX,Strut,No Class,,0.0,0.0,0.0,0.0,0.0,0.0,0.0,0.0,9999,9999,0
NO_SALES_NO_STOCK,333509L-AZMX,Strut,No Class,,0.0,0.0,0.0,0.0,0.0,0.0,0.0,0.0,9999,9999,0
NO_SALES_NO_STOCK,333509R-AZMX,Strut,No Class,,0.0,0.0,0.0,0.0,0.0,0.0,0.0,0.0,9999,9999,0
NO_SALES_NO_STOCK,333529L-AZMX,Strut,No Class,,0.0,0.0,0.0,0.0,0.0,0.0,0.0,0.0,9999,9999,0
NO_SALES_NO_STOCK,333529R-AZMX,Strut,No Class,,0.0,0.0,0.0,0.0,0.0,0.0,0.0,0.0,9999,9999,0
NO_SALES_NO_STOCK,333569L-AZMX,Strut,No Class,,0.0,0.0,0.0,0.0,0.0,0.0,0.0,0.0,9999,9999,0
NO_SALES_NO_STOCK,333569R-AZMX,Strut,No Class,,0.0,0.0,0.0,0.0,0.0,0.0,0.0,0.0,9999,9999,0
NO_SALES_NO_STOCK,333572L-AZMX,Strut,No Class,,0.0,0.0,0.0,0.0,0.0,0.0,0.0,0.0,9999,9999,0
NO_SALES_NO_STOCK,333572R-AZMX,Strut,No Class,,0.0,0.0,0.0,0.0,0.0,0.0,0.0,0.0,9999,9999,0
NO_SALES_NO_STOCK,333713L-AZMX,Strut,No Class,,0.0,0.0,0.0,0.0,0.0,0.0,0.0,0.0,9999,9999,0
NO_SALES_NO_STOCK,333713R-AZMX,Strut,No Class,,0.0,0.0,0.0,0.0,0.0,0.0,0.0,0.0,9999,9999,0
NO_SALES_NO_STOCK,333717L-AZMX,Strut,No Class,,0.0,0.0,0.0,0.0,0.0,0.0,0.0,0.0,9999,9999,0
NO_SALES_NO_STOCK,333717R-AZMX,Strut,No Class,,0.0,0.0,0.0,0.0,0.0,0.0,0.0,0.0,9999,9999,0
NO_SALES_NO_STOCK,333719L-AZMX,Strut,No Class,,0.0,0.0,0.0,0.0,0.0,0.0,0.0,0.0,9999,9999,0
NO_SALES_NO_STOCK,333719R-AZMX,Strut,No Class,,0.0,0.0,0.0,0.0,0.0,0.0,0.0,0.0,9999,9999,0
NO_SALES_NO_STOCK,333737-AZMX,Strut,No Class,,0.0,0.0,0.0,0.0,0.0,0.0,0.0,0.0,9999,9999,0
NO_SALES_NO_STOCK,333751L-AZMX,Strut,No Class,,0.0,0.0,0.0,0.0,0.0,0.0,0.0,0.0,9999,9999,0
NO_SALES_NO_STOCK,333751R-AZMX,Strut,No Class,,0.0,0.0,0.0,0.0,0.0,0.0,0.0,0.0,9999,9999,0
NO_SALES_NO_STOCK,333752L-AZMX,Strut,No Class,,0.0,0.0,0.0,0.0,0.0,0.0,0.0,0.0,9999,9999,0
NO_SALES_NO_STOCK,333752R-AZMX,Strut,No Class,,0.0,0.0,0.0,0.0,0.0,0.0,0.0,0.0,9999,9999,0
NO_SALES_NO_STOCK,333761-AZMX,Strut,No Class,,0.0,0.0,0.0,0.0,0.0,0.0,0.0,0.0,9999,9999,0
NO_SALES_NO_STOCK,333800L-AZMX,Strut,No Class,,0.0,0.0,0.0,0.0,0.0,0.0,0.0,0.0,9999,9999,0
NO_SALES_NO_STOCK,333800R-AZMX,Strut,No Class,,0.0,0.0,0.0,0.0,0.0,0.0,0.0,0.0,9999,9999,0
NO_SALES_NO_STOCK,333814L-AZMX,Strut,No Class,,0.0,0.0,0.0,0.0,0.0,0.0,0.0,0.0,9999,9999,0
NO_SALES_NO_STOCK,333814R-AZMX,Strut,No Class,,0.0,0.0,0.0,0.0,0.0,0.0,0.0,0.0,9999,9999,0
NO_SALES_NO_STOCK,333825L-AZMX,Strut,No Class,,0.0,0.0,0.0,0.0,0.0,0.0,0.0,0.0,9999,9999,0
NO_SALES_NO_STOCK,333825R-AZMX,Strut,No Class,,0.0,0.0,0.0,0.0,0.0,0.0,0.0,0.0,9999,9999,0
NO_SALES_NO_STOCK,333832L-AZMX,Strut,No Class,,0.0,0.0,0.0,0.0,0.0,0.0,0.0,0.0,9999,9999,0
NO_SALES_NO_STOCK,333832R-AZMX,Strut,No Class,,0.0,0.0,0.0,0.0,0.0,0.0,0.0,0.0,9999,9999,0
NO_SALES_NO_STOCK,333837L-AZMX,Strut,No Class,,0.0,0.0,0.0,0.0,0.0,0.0,0.0,0.0,9999,9999,0
NO_SALES_NO_STOCK,333837R-AZMX,Strut,No Class,,0.0,0.0,0.0,0.0,0.0,0.0,0.0,0.0,9999,9999,0
NO_SALES_NO_STOCK,333838L-AZMX,Strut,No Class,,0.0,0.0,0.0,0.0,0.0,0.0,0.0,0.0,9999,9999,0
NO_SALES_NO_STOCK,333838R-AZMX,Strut,No Class,,0.0,0.0,0.0,0.0,0.0,0.0,0.0,0.0,9999,9999,0
NO_SALES_NO_STOCK,341511-AZMX,Shock,No Class,,0.0,0.0,0.0,0.0,0.0,0.0,0.0,0.0,9999,9999,0
NO_SALES_NO_STOCK,341520-AZMX,Shock,No Class,,0.0,0.0,0.0,0.0,0.0,0.0,0.0,0.0,9999,9999,0
NO_SALES_NO_STOCK,341522-AZMX,Shock,No Class,,0.0,0.0,0.0,0.0,0.0,0.0,0.0,0.0,9999,9999,0
NO_SALES_NO_STOCK,341569-AZMX,Shock,No Class,,0.0,0.0,0.0,0.0,0.0,0.0,0.0,0.0,9999,9999,0
NO_SALES_NO_STOCK,341570-AZMX,Shock,No Class,,0.0,0.0,0.0,0.0,0.0,0.0,0.0,0.0,9999,9999,0
NO_SALES_NO_STOCK,341745-AZMX,Shock,No Class,,0.0,0.0,0.0,0.0,0.0,0.0,0.0,0.0,9999,9999,0
NO_SALES_NO_STOCK,342493-AZMX,Shock,No Class,,0.0,0.0,0.0,0.0,0.0,0.0,0.0,0.0,9999,9999,0
NO_SALES_NO_STOCK,342524-AZMX,Shock,No Class,,0.0,0.0,0.0,0.0,0.0,0.0,0.0,0.0,9999,9999,0
NO_SALES_NO_STOCK,342528-AZMX,Shock,No Class,,0.0,0.0,0.0,0.0,0.0,0.0,0.0,0.0,9999,9999,0
NO_SALES_NO_STOCK,342552-AZMX,Shock,No Class,,0.0,0.0,0.0,0.0,0.0,0.0,0.0,0.0,9999,9999,0
NO_SALES_NO_STOCK,342599-AZMX,Shock,No Class,,0.0,0.0,0.0,0.0,0.0,0.0,0.0,0.0,9999,9999,0
NO_SALES_NO_STOCK,342789-AZMX,Shock,No Class,,0.0,0.0,0.0,0.0,0.0,0.0,0.0,0.0,9999,9999,0
NO_SALES_NO_STOCK,342869-AZMX,Shock,No Class,,0.0,0.0,0.0,0.0,0.0,0.0,0.0,0.0,9999,9999,0
NO_SALES_NO_STOCK,342875-AZMX,Shock,No Class,,0.0,0.0,0.0,0.0,0.0,0.0,0.0,0.0,9999,9999,0
NO_SALES_NO_STOCK,342922-AZMX,Shock,No Class,,0.0,0.0,0.0,0.0,0.0,0.0,0.0,0.0,9999,9999,0
NO_SALES_NO_STOCK,342944-AZMX,Shock,No Class,,0.0,0.0,0.0,0.0,0.0,0.0,0.0,0.0,9999,9999,0
NO_SALES_NO_STOCK,345754-AZMX,Strut,No Class,,0.0,0.0,0.0,0.0,0.0,0.0,0.0,0.0,9999,9999,0
NO_SALES_NO_STOCK,346041-AZMX,Shock,No Class,,0.0,0.0,0.0,0.0,0.0,0.0,0.0,0.0,9999,9999,0
NO_SALES_NO_STOCK,346083-AZMX,Shock,No Class,,0.0,0.0,0.0,0.0,0.0,0.0,0.0,0.0,9999,9999,0
NO_SALES_NO_STOCK,346114-AZMX,Shock,No Class,,0.0,0.0,0.0,0.0,0.0,0.0,0.0,0.0,9999,9999,0
NO_SALES_NO_STOCK,346175-AZMX,Shock,No Class,,0.0,0.0,0.0,0.0,0.0,0.0,0.0,0.0,9999,9999,0
NO_SALES_NO_STOCK,346178-AZMX,Shock,No Class,,0.0,0.0,0.0,0.0,0.0,0.0,0.0,0.0,9999,9999,0
NO_SALES_NO_STOCK,346213-AZMX,Shock,No Class,,0.0,0.0,0.0,0.0,0.0,0.0,0.0,0.0,9999,9999,0
NO_SALES_NO_STOCK,346214-AZMX,Shock,No Class,,0.0,0.0,0.0,0.0,0.0,0.0,0.0,0.0,9999,9999,0
NO_SALES_NO_STOCK,346215-AZMX,Shock,No Class,,0.0,0.0,0.0,0.0,0.0,0.0,0.0,0.0,9999,9999,0
NO_SALES_NO_STOCK,346219-AZMX,Shock,No Class,,0.0,0.0,0.0,0.0,0.0,0.0,0.0,0.0,9999,9999,0
NO_SALES_NO_STOCK,346238-AZMX,Shock,No Class,,0.0,0.0,0.0,0.0,0.0,0.0,0.0,0.0,9999,9999,0
NO_SALES_NO_STOCK,346242-AZMX,Shock,No Class,,0.0,0.0,0.0,0.0,0.0,0.0,0.0,0.0,9999,9999,0
NO_SALES_NO_STOCK,346258-AZMX,Shock,No Class,,0.0,0.0,0.0,0.0,0.0,0.0,0.0,0.0,9999,9999,0
NO_SALES_NO_STOCK,346324-AZMX,Shock,No Class,,0.0,0.0,0.0,0.0,0.0,0.0,0.0,0.0,9999,9999,0
NO_SALES_NO_STOCK,346328-AZMX,Shock,No Class,,0.0,0.0,0.0,0.0,0.0,0.0,0.0,0.0,9999,9999,0
NO_SALES_NO_STOCK,346332-AZMX,Shock,No Class,,0.0,0.0,0.0,0.0,0.0,0.0,0.0,0.0,9999,9999,0
NO_SALES_NO_STOCK,346424-AZMX,Shock,No Class,,0.0,0.0,0.0,0.0,0.0,0.0,0.0,0.0,9999,9999,0
NO_SALES_NO_STOCK,346448-AZMX,Shock,No Class,,0.0,0.0,0.0,0.0,0.0,0.0,0.0,0.0,9999,9999,0
NO_SALES_NO_STOCK,346449-AZMX,Shock,No Class,,0.0,0.0,0.0,0.0,0.0,0.0,0.0,0.0,9999,9999,0
NO_SALES_NO_STOCK,346450-AZMX,Shock,No Class,,0.0,0.0,0.0,0.0,0.0,0.0,0.0,0.0,9999,9999,0
NO_SALES_NO_STOCK,346455-AZMX,Shock,No Class,,0.0,0.0,0.0,0.0,0.0,0.0,0.0,0.0,9999,9999,0
NO_SALES_NO_STOCK,346456-AZMX,Shock,No Class,,0.0,0.0,0.0,0.0,0.0,0.0,0.0,0.0,9999,9999,0
NO_SALES_NO_STOCK,346479-AZMX,Shock,No Class,,0.0,0.0,0.0,0.0,0.0,0.0,0.0,0.0,9999,9999,0
NO_SALES_NO_STOCK,346579-AZMX,Shock,No Class,,0.0,0.0,0.0,0.0,0.0,0.0,0.0,0.0,9999,9999,0
NO_SALES_NO_STOCK,346591-AZMX,Shock,No Class,,0.0,0.0,0.0,0.0,0.0,0.0,0.0,0.0,9999,9999,0
NO_SALES_NO_STOCK,347014-AZMX,Shock,No Class,,0.0,0.0,0.0,0.0,0.0,0.0,0.0,0.0,9999,9999,0
NO_SALES_NO_STOCK,347072-AZMX,Shock,No Class,,0.0,0.0,0.0,0.0,0.0,0.0,0.0,0.0,9999,9999,0
NO_SALES_NO_STOCK,347101-AZMX,Shock,No Class,,0.0,0.0,0.0,0.0,0.0,0.0,0.0,0.0,9999,9999,0
NO_SALES_NO_STOCK,DT342892-AZMX,Shock,No Class,,0.0,0.0,0.0,0.0,0.0,0.0,0.0,0.0,9999,9999,0
NO_SALES_NO_STOCK,DT342945-AZMX,Shock,No Class,,0.0,0.0,0.0,0.0,0.0,0.0,0.0,0.0,9999,9999,0
NO_SALES_NO_STOCK,DT346115-AZMX,Shock,No Class,,0.0,0.0,0.0,0.0,0.0,0.0,0.0,0.0,9999,9999,0
NO_SALES_NO_STOCK,DT346207-AZMX,Shock,No Class,,0.0,0.0,0.0,0.0,0.0,0.0,0.0,0.0,9999,9999,0
NO_SALES_NO_STOCK,DT346331-AZMX,Shock,No Class,,0.0,0.0,0.0,0.0,0.0,0.0,0.0,0.0,9999,9999,0
NO_SALES_NO_STOCK,DT346413-AZMX,Shock,No Class,,0.0,0.0,0.0,0.0,0.0,0.0,0.0,0.0,9999,9999,0
NO_SALES_NO_STOCK,DT346453-AZMX,Shock,No Class,,0.0,0.0,0.0,0.0,0.0,0.0,0.0,0.0,9999,9999,0
NO_SALES_NO_STOCK,F226314,Heavy Duty Shock Absorber,HBare,,0.0,0.0,0.0,0.0,0.0,0.0,0.0,0.0,9999,9999,0
NO_SALES_NO_STOCK,8346462,Complete Strut,FCS,,0.0,148.0,0.0,0.0,0.0,0.0,0.0,0.0,9999,9999,0
NO_SALES_NO_STOCK,E89017L,Powered lift support,Power Lift,,0.0,0.0,0.0,0.0,0.0,0.0,0.0,0.0,9999,9999,0
NO_SALES_NO_STOCK,E89022L,Powered lift support,Power Lift,,0.0,0.0,0.0,0.0,0.0,0.0,0.0,0.0,9999,9999,0
NO_SALES_NO_STOCK,E89033L,Powered lift support,Power Lift,,0.0,0.0,0.0,0.0,0.0,0.0,0.0,0.0,9999,9999,0
NO_SALES_NO_STOCK,E89040L,Powered lift support,Power Lift,,0.0,0.0,0.0,0.0,2.0,2.0,0.0,0.0,9999,9999,2
NO_SALES_NO_STOCK,E89067L,Powered lift support,Power Lift,,0.0,0.0,0.0,0.0,0.0,0.0,0.0,0.0,9999,9999,0
NO_SALES_NO_STOCK,94095,Electronic Shock,Air Suspension,,0.0,0.0,0.0,0.0,0.0,0.0,0.0,0.0,9999,9999,0
NO_SALES_NO_STOCK,94096,Electronic Shock,Air Suspension,,0.0,0.0,0.0,0.0,0.0,0.0,0.0,0.0,9999,9999,0
NO_SALES_NO_STOCK,347488,Shock,BARE,,0.0,50.0,0.0,0.0,0.0,0.0,0.0,0.0,9999,9999,0
NO_SALES_NO_STOCK,442885,HD Shock Absorber,HBare,,0.0,0.0,0.0,0.0,0.0,0.0,0.0,0.0,9999,9999,0
NO_SALES_NO_STOCK,89085R,Non-power side lift support,Power Lift,,0.0,0.0,0.0,0.0,0.0,0.0,0.0,0.0,9999,9999,0
NO_SALES_NO_STOCK,89009R,Non-power side lift support,Power Lift,,0.0,0.0,0.0,0.0,0.0,0.0,0.0,0.0,9999,9999,0
NO_SALES_NO_STOCK,89063L,Non-power side lift support,Power Lift,,0.0,0.0,0.0,0.0,0.0,0.0,0.0,0.0,9999,9999,0
NO_SALES_NO_STOCK,E89128L,Powered lift support,Power Lift,,0.0,0.0,0.0,0.0,0.0,0.0,0.0,0.0,9999,9999,0
NO_SALES_NO_STOCK,E89129L,Powered lift support,Power Lift,,0.0,0.0,0.0,0.0,0.0,0.0,0.0,0.0,9999,9999,0
NO_SALES_NO_STOCK,89043R,Non-power side lift support,Power Lift,,0.0,0.0,0.0,0.0,0.0,0.0,0.0,0.0,9999,9999,0
NO_SALES_NO_STOCK,E89131L,Powered lift support,Power Lift,,0.0,0.0,0.0,0.0,0.0,0.0,0.0,0.0,9999,9999,0
NO_SALES_NO_STOCK,E89122R,Powered lift support,Power Lift,,0.0,0.0,0.0,0.0,0.0,0.0,0.0,0.0,9999,9999,0
NO_SALES_NO_STOCK,E89122L,Powered lift support,Power Lift,,0.0,0.0,0.0,0.0,0.0,0.0,0.0,0.0,9999,9999,0
NO_SALES_NO_STOCK,E89135,Powered lift support,Power Lift,,0.0,0.0,0.0,0.0,0.0,0.0,0.0,0.0,9999,9999,0
NO_SALES_NO_STOCK,E89132L,Powered lift support,Power Lift,,0.0,0.0,0.0,0.0,0.0,0.0,0.0,0.0,9999,9999,0
NO_SALES_NO_STOCK,89132R,Non-power side lift support,Power Lift,,0.0,0.0,0.0,0.0,0.0,0.0,0.0,0.0,9999,9999,0
NO_SALES_NO_STOCK,F8709,Air Spring,Air Spring,,0.0,0.0,0.0,0.0,0.0,0.0,0.0,0.0,9999,9999,0
NO_SALES_NO_STOCK,F9780,Air Spring,Air Spring,,0.0,0.0,0.0,0.0,0.0,0.0,0.0,0.0,9999,9999,0
NO_SALES_NO_STOCK,F9069,Air Spring,Air Spring,,0.0,0.0,0.0,0.0,0.0,0.0,0.0,0.0,9999,9999,0
NO_SALES_NO_STOCK,F8864,Air Spring,Air Spring,,0.0,0.0,0.0,0.0,0.0,0.0,0.0,0.0,9999,9999,0
NO_SALES_NO_STOCK,F7036,Cabin Air Spring,Air Spring,,0.0,0.0,0.0,0.0,0.0,0.0,0.0,0.0,9999,9999,0
NO_SALES_NO_STOCK,F8091,Air Spring,Air Spring,,0.0,0.0,0.0,0.0,0.0,0.0,0.0,0.0,9999,9999,0
NO_SALES_NO_STOCK,F9781,Air Spring,Air Spring,,0.0,0.0,0.0,0.0,0.0,0.0,0.0,0.0,9999,9999,0
NO_SALES_NO_STOCK,F9270,Air Spring,Air Spring,,0.0,0.0,0.0,0.0,0.0,0.0,0.0,0.0,9999,9999,0
NO_SALES_NO_STOCK,F9648,Air Spring,Air Spring,,0.0,0.0,0.0,0.0,0.0,0.0,0.0,0.0,9999,9999,0
NO_SALES_NO_STOCK,F7215,Cabin Air Spring,Air Spring,,0.0,0.0,0.0,0.0,0.0,0.0,0.0,0.0,9999,9999,0
NO_SALES_NO_STOCK,F9580,Air Spring,Air Spring,,0.0,0.0,0.0,0.0,0.0,0.0,0.0,0.0,9999,9999,0
NO_SALES_NO_STOCK,F1191,Air Spring,Air Spring,,0.0,0.0,0.0,0.0,0.0,0.0,0.0,0.0,9999,9999,0
NO_SALES_NO_STOCK,F9978,Air Spring,Air Spring,,0.0,0.0,0.0,0.0,0.0,0.0,0.0,0.0,9999,9999,0
NO_SALES_NO_STOCK,F9265,Air Spring,Air Spring,,0.0,0.0,0.0,0.0,0.0,0.0,0.0,0.0,9999,9999,0
NO_SALES_NO_STOCK,F8813,Air Spring,Air Spring,,0.0,0.0,0.0,0.0,0.0,0.0,0.0,0.0,9999,9999,0
NO_SALES_NO_STOCK,F8050,Air Spring,Air Spring,,0.0,0.0,0.0,0.0,0.0,0.0,0.0,0.0,9999,9999,0
NO_SALES_NO_STOCK,F9082,Air Spring,Air Spring,,0.0,0.0,0.0,0.0,0.0,0.0,0.0,0.0,9999,9999,0
NO_SALES_NO_STOCK,F8033,Convoluted Air Spring,Air Spring,,0.0,0.0,0.0,0.0,0.0,0.0,0.0,0.0,9999,9999,0
NO_SALES_NO_STOCK,F9101,Air Spring,Air Spring,,0.0,0.0,0.0,0.0,0.0,0.0,0.0,0.0,9999,9999,0
NO_SALES_NO_STOCK,F8729,Air Spring,Air Spring,,0.0,0.0,0.0,0.0,0.0,0.0,0.0,0.0,9999,9999,0
NO_SALES_NO_STOCK,F8708,Air Spring,Air Spring,,0.0,0.0,0.0,0.0,0.0,0.0,0.0,0.0,9999,9999,0
NO_SALES_NO_STOCK,F9373,Air Spring,Air Spring,,0.0,0.0,0.0,0.0,0.0,0.0,0.0,0.0,9999,9999,0
NO_SALES_NO_STOCK,F7897,Convoluted Air Spring,Air Spring,,0.0,0.0,0.0,0.0,0.0,0.0,0.0,0.0,9999,9999,0
NO_SALES_NO_STOCK,FA213,Air Spring,Air Spring,,0.0,0.0,0.0,0.0,0.0,0.0,0.0,0.0,9999,9999,0
NO_SALES_NO_STOCK,F9865,Air Spring,Air Spring,,0.0,0.0,0.0,0.0,0.0,0.0,0.0,0.0,9999,9999,0
NO_SALES_NO_STOCK,F9644,Air Spring,Air Spring,,0.0,0.0,0.0,0.0,0.0,0.0,0.0,0.0,9999,9999,0
NO_SALES_NO_STOCK,F7109,Cabin Air Spring,Air Spring,,0.0,0.0,0.0,0.0,0.0,0.0,0.0,0.0,9999,9999,0
NO_SALES_NO_STOCK,F8852,Air Spring,Air Spring,,0.0,0.0,0.0,0.0,0.0,0.0,0.0,0.0,9999,9999,0
NO_SALES_NO_STOCK,F9974,Air Spring,Air Spring,,0.0,0.0,0.0,0.0,0.0,0.0,0.0,0.0,9999,9999,0
NO_SALES_NO_STOCK,F9297,Air Spring,Air Spring,,0.0,0.0,0.0,0.0,0.0,0.0,0.0,0.0,9999,9999,0
NO_SALES_NO_STOCK,F1206,Air Spring,Air Spring,,0.0,0.0,0.0,0.0,0.0,0.0,0.0,0.0,9999,9999,0
NO_SALES_NO_STOCK,F7012,Cabin Air Spring,Air Spring,,0.0,0.0,0.0,0.0,0.0,0.0,0.0,0.0,9999,9999,0
NO_SALES_NO_STOCK,F9371,Air Spring,Air Spring,,0.0,0.0,0.0,0.0,0.0,0.0,0.0,0.0,9999,9999,0
NO_SALES_NO_STOCK,F7059,Cabin Air Spring,Air Spring,,0.0,0.0,0.0,0.0,0.0,0.0,0.0,0.0,9999,9999,0
NO_SALES_NO_STOCK,F6897,Convoluted Air Spring,Air Spring,,0.0,0.0,0.0,0.0,0.0,0.0,0.0,0.0,9999,9999,0
NO_SALES_NO_STOCK,F9807,Air Spring,Air Spring,,0.0,0.0,0.0,0.0,0.0,0.0,0.0,0.0,9999,9999,0
NO_SALES_NO_STOCK,F9622,Air Spring,Air Spring,,0.0,0.0,0.0,0.0,0.0,0.0,0.0,0.0,9999,9999,0
NO_SALES_NO_STOCK,F9370,Air Spring,Air Spring,,0.0,0.0,0.0,0.0,0.0,0.0,0.0,0.0,9999,9999,0
NO_SALES_NO_STOCK,F9422,Air Spring,Air Spring,,0.0,0.0,0.0,0.0,0.0,0.0,0.0,0.0,9999,9999,0
NO_SALES_NO_STOCK,F8774,Air Spring,Air Spring,,0.0,0.0,0.0,0.0,0.0,0.0,0.0,0.0,9999,9999,0
NO_SALES_NO_STOCK,F7081,Cabin Air Spring,Air Spring,,0.0,0.0,0.0,0.0,0.0,0.0,0.0,0.0,9999,9999,0
NO_SALES_NO_STOCK,F8713,Air Spring,Air Spring,,0.0,0.0,0.0,0.0,0.0,0.0,0.0,0.0,9999,9999,0
NO_SALES_NO_STOCK,F8829,Air Spring,Air Spring,,0.0,0.0,0.0,0.0,0.0,0.0,0.0,0.0,9999,9999,0
NO_SALES_NO_STOCK,F8204,Air Spring,Air Spring,,0.0,0.0,0.0,0.0,0.0,0.0,0.0,0.0,9999,9999,0
NO_SALES_NO_STOCK,F7443,Convoluted Air Spring,Air Spring,,0.0,0.0,0.0,0.0,0.0,0.0,0.0,0.0,9999,9999,0
NO_SALES_NO_STOCK,F9321,Air Spring,Air Spring,,0.0,0.0,0.0,0.0,0.0,0.0,0.0,0.0,9999,9999,0
NO_SALES_NO_STOCK,F9375,Air Spring,Air Spring,,0.0,0.0,0.0,0.0,0.0,0.0,0.0,0.0,9999,9999,0
NO_SALES_NO_STOCK,F8755,Air Spring,Air Spring,,0.0,0.0,0.0,0.0,0.0,0.0,0.0,0.0,9999,9999,0
NO_SALES_NO_STOCK,F8032,Convoluted Air Spring,Air Spring,,0.0,0.0,0.0,0.0,0.0,0.0,0.0,0.0,9999,9999,0
NO_SALES_NO_STOCK,F9626,Air Spring,Air Spring,,0.0,0.0,0.0,0.0,0.0,0.0,0.0,0.0,9999,9999,0
NO_SALES_NO_STOCK,334627R,Strut,BARE,,0.0,50.0,0.0,0.0,0.0,0.0,0.0,0.0,9999,9999,0
NO_SALES_NO_STOCK,334627L,Strut,BARE,,0.0,50.0,0.0,0.0,0.0,0.0,0.0,0.0,9999,9999,0
NO_SALES_NO_STOCK,1334078,Complete Strut,FCS,,0.0,0.0,0.0,0.0,0.0,0.0,0.0,0.0,9999,9999,0
NO_SALES_NO_STOCK,4334053R,Complete Strut,FCS,,0.0,0.0,0.0,0.0,0.0,0.0,0.0,0.0,9999,9999,0
NO_SALES_NO_STOCK,4334053L,Complete Strut,FCS,,0.0,0.0,0.0,0.0,0.0,0.0,0.0,0.0,9999,9999,0
NO_SALES_NO_STOCK,1337303R,Complete Strut,FCS,,0.0,0.0,0.0,0.0,0.0,0.0,0.0,0.0,9999,9999,0
NO_SALES_NO_STOCK,1337303L,Complete Strut,FCS,,0.0,0.0,0.0,0.0,0.0,0.0,0.0,0.0,9999,9999,0
NO_SALES_NO_STOCK,2337303R,Complete Strut,FCS,,0.0,0.0,0.0,0.0,0.0,0.0,0.0,0.0,9999,9999,0
NO_SALES_NO_STOCK,2337303L,Complete Strut,FCS,,0.0,0.0,0.0,0.0,0.0,0.0,0.0,0.0,9999,9999,0
NO_SALES_NO_STOCK,8348112,Complete Strut,FCS,,0.0,0.0,0.0,0.0,0.0,0.0,0.0,0.0,9999,9999,0
NO_SALES_NO_STOCK,337303,Strut,BARE,,0.0,0.0,0.0,0.0,0.0,0.0,0.0,0.0,9999,9999,0
NO_SALES_NO_STOCK,337304,Strut,BARE,,0.0,0.0,0.0,0.0,0.0,0.0,0.0,0.0,9999,9999,0
NO_SALES_NO_STOCK,347626,Shock,BARE,,0.0,0.0,0.0,0.0,0.0,0.0,0.0,0.0,9999,9999,0
NO_SALES_NO_STOCK,347627,Shock,BARE,,0.0,0.0,0.0,0.0,0.0,0.0,0.0,0.0,9999,9999,0
NO_SALES_NO_STOCK,348112,Shock,BARE,,0.0,0.0,0.0,0.0,0.0,0.0,0.0,0.0,9999,9999,0
NO_SALES_NO_STOCK,337301R,Strut,BARE,,0.0,0.0,0.0,0.0,0.0,0.0,0.0,0.0,9999,9999,0
NO_SALES_NO_STOCK,337301L,Strut,BARE,,0.0,0.0,0.0,0.0,0.0,0.0,0.0,0.0,9999,9999,0
NO_SALES_NO_STOCK,Q4094,Air spring,Air Suspension,,0.0,0.0,0.0,0.0,0.0,0.0,0.0,0.0,9999,9999,0
NO_SALES_NO_STOCK,Q9003,Air spring,Air Suspension,,0.0,0.0,0.0,0.0,0.0,0.0,0.0,0.0,9999,9999,0
